prototype,pc,opcode,name,A,B,C,D,mode,flag,flag_b,flag_c
0,1,161,OP_161,5,1,1,0,0,False,False,False
0,2,2,OP_002,5,0,0,0,0,False,False,False
0,3,162,OP_162,1,1,5,0,0,False,False,False
0,4,0,OP_000,6,1,43,0,0,False,True,False
0,5,7,OP_007,5,2,6,0,0,False,False,False
0,6,16,OP_016,256,2,0,0,0,False,False,False
0,7,155,OP_155,7,23,0,256,0,False,False,False
0,8,4,OP_004,7,2,36,0,0,False,True,False
0,9,16,OP_016,257,2,0,0,0,False,False,False
0,10,154,OP_154,6,43,27,257,0,False,False,False
0,11,7,OP_007,6,2,7,0,0,False,False,False
0,12,3,OP_003,"[7, 8]","[3, 4]",None,None,2,False,False,False
0,13,1,OP_001,2,7,8,0,0,False,False,False
0,14,3,OP_003,"[7, 8]","[5, 6]",None,None,2,False,False,False
0,15,16,OP_016,258,2,0,0,0,False,False,False
0,16,153,OP_153,2,-32,43,258,0,False,False,False
0,17,1,OP_001,2,7,8,0,0,False,False,False
0,18,3,OP_003,"[7, 8]","[7, 8]",None,None,2,False,False,False
0,19,1,OP_001,2,7,8,0,0,False,False,False
0,20,57,OP_057,7,9,72,98,0,False,True,False
0,21,31,OP_031,9,10,73,112,0,False,True,False
0,22,5,OP_005,7,7,9,0,0,False,False,False
0,23,6,OP_006,"[7, 8]",None,None,None,3,False,False,False
0,24,8,OP_008,9,11,2,0,0,False,False,False
0,25,24,OP_024,7,3,2,0,0,False,False,False
0,26,17,OP_017,8,9,216,0,0,False,True,False
0,27,16,OP_016,260,2,0,0,0,False,False,False
0,28,152,OP_152,6,14,-15,260,0,False,False,False
0,29,4,OP_004,10,10,47,0,0,False,True,False
0,30,5,OP_005,8,8,10,0,0,False,False,False
0,31,6,OP_006,"[8, 9]",None,None,None,3,False,False,False
0,32,8,OP_008,10,12,18,0,0,False,False,False
0,33,24,OP_024,8,3,2,0,0,False,False,False
0,34,0,OP_000,10,13,43,0,0,False,True,False
0,35,7,OP_007,9,8,10,0,0,False,False,False
0,36,17,OP_017,10,9,216,0,0,False,True,False
0,37,0,OP_000,12,10,43,0,0,False,True,False
0,38,5,OP_005,10,10,12,0,0,False,False,False
0,39,6,OP_006,"[10, 11]",None,None,None,3,False,False,False
0,40,8,OP_008,12,14,72,0,0,False,False,False
0,41,24,OP_024,10,3,2,0,0,False,False,False
0,42,16,OP_016,261,2,0,0,0,False,False,False
0,43,151,OP_151,50,44,0,261,0,False,False,False
0,44,19,OP_019,11,9,31,0,0,False,True,False
0,45,0,OP_000,13,10,43,0,0,False,True,False
0,46,5,OP_005,11,11,13,0,0,False,False,False
0,47,6,OP_006,"[11, 12]",None,None,None,3,False,False,False
0,48,8,OP_008,13,15,69,0,0,False,False,False
0,49,24,OP_024,11,3,2,0,0,False,False,False
0,50,17,OP_017,12,9,216,0,0,False,True,False
0,51,16,OP_016,262,2,0,0,0,False,False,False
0,52,150,OP_150,14,-37,20,262,0,False,False,False
0,53,4,OP_004,14,10,7,0,0,False,True,False
0,54,5,OP_005,12,12,14,0,0,False,False,False
0,55,6,OP_006,"[12, 13]",None,None,None,3,False,False,False
0,56,8,OP_008,14,16,50,0,0,False,False,False
0,57,24,OP_024,12,3,2,0,0,False,False,False
0,58,16,OP_016,263,2,0,0,0,False,False,False
0,59,156,OP_156,14,37,0,263,0,False,False,False
0,60,4,OP_004,14,17,64,0,0,False,True,False
0,61,16,OP_016,264,2,0,0,0,False,False,False
0,62,165,OP_165,13,35,-32,264,0,False,False,False
0,63,7,OP_007,13,9,14,0,0,False,False,False
0,64,30,OP_030,14,8,34,0,0,False,False,False
0,65,29,OP_029,14,13,84,0,0,False,False,False
0,66,50,OP_050,13,14,92,0,0,False,False,False
0,67,26,OP_026,13,68,82,0,0,False,False,False
0,68,11,OP_011,24,72,17,0,0,False,False,False
0,69,50,OP_050,15,14,34,0,0,False,False,False
0,70,3,OP_003,"[17, 18]","[18, 19]",None,None,2,False,False,False
0,71,25,OP_025,15,3,2,18,0,False,False,False
0,72,9,OP_009,13,15,19,0,0,False,False,False
0,73,30,OP_030,15,73,20,0,0,False,False,False
0,74,29,OP_029,15,13,87,0,0,False,False,False
0,75,50,OP_050,13,14,19,0,0,False,False,False
0,76,26,OP_026,13,77,97,0,0,False,False,False
0,77,11,OP_011,51,81,53,0,0,False,False,False
0,78,50,OP_050,16,14,54,0,0,False,False,False
0,79,3,OP_003,"[18, 19]","[20, 19]",None,None,2,False,False,False
0,80,25,OP_025,16,3,2,19,0,False,False,False
0,81,9,OP_009,13,16,19,0,0,False,False,False
0,82,30,OP_030,16,24,61,0,0,False,False,False
0,83,29,OP_029,16,13,28,0,0,False,False,False
0,84,0,OP_000,17,21,43,0,0,False,True,False
0,85,7,OP_007,13,9,17,0,0,False,False,False
0,86,9,OP_009,17,14,19,0,0,False,False,False
0,87,0,OP_000,18,22,43,0,0,False,True,False
0,88,5,OP_005,13,13,18,0,0,False,False,False
0,89,6,OP_006,"[13, 14]",None,None,None,3,False,False,False
0,90,9,OP_009,14,17,19,0,0,False,False,False
0,91,14,OP_014,17,2,0,0,0,False,False,False
0,92,2,OP_002,17,0,0,0,0,False,False,False
0,93,23,OP_023,13,3,1,0,0,False,False,False
0,94,30,OP_030,13,6,26,0,0,False,False,False
0,95,14,OP_014,17,3,0,0,0,False,False,False
0,96,29,OP_029,13,17,91,0,0,False,False,False
0,97,30,OP_030,17,87,15,0,0,False,False,False
0,98,14,OP_014,18,4,0,0,0,False,False,False
0,99,29,OP_029,17,18,58,0,0,False,False,False
0,100,9,OP_009,24,7,19,0,0,False,False,False
0,101,3,OP_003,"[26, 27]","[23, 24]",None,None,2,False,False,False
0,102,25,OP_025,24,3,2,27,0,False,False,False
0,103,9,OP_009,21,24,19,0,0,False,False,False
0,104,3,OP_003,"[23, 24]","[25, 24]",None,None,2,False,False,False
0,105,25,OP_025,21,3,2,24,0,False,False,False
0,106,16,OP_016,265,2,0,0,0,False,False,False
0,107,168,OP_168,18,11,28,265,0,False,False,False
0,108,21,OP_021,18,21,32,0,0,False,False,False
0,109,3,OP_003,"[20, 21]","[26, 24]",None,None,2,False,False,False
0,110,25,OP_025,18,3,2,21,0,False,False,False
0,111,0,OP_000,20,24,43,0,0,False,True,False
0,112,5,OP_005,18,18,20,0,0,False,False,False
0,113,6,OP_006,"[18, 19]",None,None,None,3,False,False,False
0,114,8,OP_008,20,27,89,0,0,False,False,False
0,115,24,OP_024,18,3,2,0,0,False,False,False
0,116,10,OP_010,19,68,96,0,0,False,False,False
0,117,30,OP_030,20,34,37,0,0,False,False,False
0,118,29,OP_029,20,19,47,0,0,False,False,False
0,119,32,OP_032,19,1,0,0,0,False,False,False
0,120,30,OP_030,21,33,12,0,0,False,False,False
0,121,49,OP_049,22,5,53,0,0,False,False,False
0,122,29,OP_029,21,22,2,0,0,False,False,False
0,123,9,OP_009,22,2,19,0,0,False,False,False
0,124,0,OP_000,24,33,43,0,0,False,True,False
0,125,5,OP_005,22,22,24,0,0,False,False,False
0,126,6,OP_006,"[22, 23]",None,None,None,3,False,False,False
0,127,10,OP_010,24,62,14,0,0,False,False,False
0,128,0,OP_000,25,34,43,0,0,False,True,False
0,129,50,OP_050,27,21,29,0,0,False,False,False
0,130,43,OP_043,0,0,0,0,0,False,False,False
0,131,2,OP_002,27,0,0,0,0,False,False,False
0,132,8,OP_008,28,35,50,0,0,False,False,False
0,133,17,OP_017,30,36,216,0,0,False,True,False
0,134,0,OP_000,31,37,43,0,0,False,True,False
0,135,7,OP_007,30,30,31,0,0,False,False,False
0,136,2,OP_002,30,0,0,0,0,False,False,False
0,137,33,OP_033,"[31, 32, 33]","[38, 39, 39]",None,None,2,False,False,False
0,138,34,OP_034,29,4,2,0,0,False,False,False
0,139,2,OP_002,29,0,0,0,0,False,False,False
0,140,17,OP_017,31,36,216,0,0,False,True,False
0,141,0,OP_000,32,37,43,0,0,False,True,False
0,142,7,OP_007,31,31,32,0,0,False,False,False
0,143,2,OP_002,31,0,0,0,0,False,False,False
0,144,33,OP_033,"[32, 33, 34]","[38, 40, 41]",None,None,2,False,False,False
0,145,72,OP_072,30,4,0,0,0,False,False,False
0,146,44,OP_044,30,0,0,0,0,False,False,False
0,147,63,OP_063,26,0,2,0,0,False,False,False
0,148,12,OP_012,26,149,92,0,0,False,False,False
0,149,11,OP_011,47,150,18,0,0,False,False,False
0,150,0,OP_000,26,35,43,0,0,False,True,False
0,151,1,OP_001,24,25,26,0,0,False,False,False
0,152,3,OP_003,"[25, 26]","[42, 4]",None,None,2,False,False,False
0,153,16,OP_016,266,2,0,0,0,False,False,False
0,154,167,OP_167,3,25,-18,266,0,False,False,False
0,155,1,OP_001,24,25,26,0,0,False,False,False
0,156,3,OP_003,"[25, 26]","[43, 4]",None,None,2,False,False,False
0,157,1,OP_001,24,25,26,0,0,False,False,False
0,158,3,OP_003,"[25, 26]","[44, 4]",None,None,2,False,False,False
0,159,16,OP_016,267,2,0,0,0,False,False,False
0,160,182,OP_182,-10,25,31,267,0,False,False,False
0,161,1,OP_001,24,25,26,0,0,False,False,False
0,162,3,OP_003,"[25, 26]","[5, 4]",None,None,2,False,False,False
0,163,1,OP_001,24,25,26,0,0,False,False,False
0,164,3,OP_003,"[25, 26]","[45, 4]",None,None,2,False,False,False
0,165,1,OP_001,24,25,26,0,0,False,False,False
0,166,3,OP_003,"[25, 26]","[7, 8]",None,None,2,False,False,False
0,167,16,OP_016,268,2,0,0,0,False,False,False
0,168,177,OP_177,25,2,26,268,0,False,False,False
0,169,1,OP_001,24,25,26,0,0,False,False,False
0,170,3,OP_003,"[25, 26]","[46, 47]",None,None,2,False,False,False
0,171,1,OP_001,24,25,26,0,0,False,False,False
0,172,3,OP_003,"[25, 26]","[48, 49]",None,None,2,False,False,False
0,173,1,OP_001,24,25,26,0,0,False,False,False
0,174,2,OP_002,24,0,0,0,0,False,False,False
0,175,24,OP_024,22,3,2,0,0,False,False,False
0,176,10,OP_010,23,87,58,0,0,False,False,False
0,177,16,OP_016,270,2,0,0,0,False,False,False
0,178,176,OP_176,24,-17,-15,270,0,False,False,False
0,179,4,OP_004,24,50,49,0,0,False,True,False
0,180,9,OP_009,25,22,19,0,0,False,False,False
0,181,16,OP_016,273,2,0,0,0,False,False,False
0,182,183,OP_183,27,51,-9,273,0,False,False,False
0,183,4,OP_004,27,51,86,0,0,False,True,False
0,184,5,OP_005,25,25,27,0,0,False,False,False
0,185,6,OP_006,"[25, 26]",None,None,None,3,False,False,False
0,186,8,OP_008,27,52,68,0,0,False,False,False
0,187,24,OP_024,25,3,2,0,0,False,False,False
0,188,1,OP_001,23,24,25,0,0,False,False,False
0,189,16,OP_016,274,2,0,0,0,False,False,False
0,190,179,OP_179,24,53,23,274,0,False,False,False
0,191,4,OP_004,24,53,67,0,0,False,True,False
0,192,16,OP_016,276,2,0,0,0,False,False,False
0,193,178,OP_178,25,44,0,276,0,False,False,False
0,194,21,OP_021,25,22,73,0,0,False,False,False
0,195,0,OP_000,27,51,43,0,0,False,True,False
0,196,5,OP_005,25,25,27,0,0,False,False,False
0,197,6,OP_006,"[25, 26]",None,None,None,3,False,False,False
0,198,8,OP_008,27,53,53,0,0,False,False,False
0,199,24,OP_024,25,3,2,0,0,False,False,False
0,200,16,OP_016,278,2,0,0,0,False,False,False
0,201,180,OP_180,23,24,-15,278,0,False,False,False
0,202,1,OP_001,23,24,25,0,0,False,False,False
0,203,0,OP_000,24,54,43,0,0,False,True,False
0,204,9,OP_009,25,22,19,0,0,False,False,False
0,205,0,OP_000,27,51,43,0,0,False,True,False
0,206,5,OP_005,25,25,27,0,0,False,False,False
0,207,6,OP_006,"[25, 26]",None,None,None,3,False,False,False
0,208,8,OP_008,27,54,51,0,0,False,False,False
0,209,24,OP_024,25,3,2,0,0,False,False,False
0,210,16,OP_016,280,2,0,0,0,False,False,False
0,211,173,OP_173,18,77,25,280,0,False,False,False
0,212,1,OP_001,23,24,25,0,0,False,False,False
0,213,16,OP_016,282,2,0,0,0,False,False,False
0,214,172,OP_172,12,55,0,282,0,False,False,False
0,215,4,OP_004,24,55,97,0,0,False,True,False
0,216,9,OP_009,25,22,19,0,0,False,False,False
0,217,0,OP_000,27,51,43,0,0,False,True,False
0,218,5,OP_005,25,25,27,0,0,False,False,False
0,219,6,OP_006,"[25, 26]",None,None,None,3,False,False,False
0,220,8,OP_008,27,55,41,0,0,False,False,False
0,221,24,OP_024,25,3,2,0,0,False,False,False
0,222,1,OP_001,23,24,25,0,0,False,False,False
0,223,0,OP_000,24,56,43,0,0,False,True,False
0,224,9,OP_009,25,22,19,0,0,False,False,False
0,225,16,OP_016,283,2,0,0,0,False,False,False
0,226,169,OP_169,-16,51,6,283,0,False,False,False
0,227,4,OP_004,27,51,89,0,0,False,True,False
0,228,5,OP_005,25,25,27,0,0,False,False,False
0,229,6,OP_006,"[25, 26]",None,None,None,3,False,False,False
0,230,8,OP_008,27,56,52,0,0,False,False,False
0,231,24,OP_024,25,3,2,0,0,False,False,False
0,232,1,OP_001,23,24,25,0,0,False,False,False
0,233,0,OP_000,24,57,43,0,0,False,True,False
0,234,9,OP_009,25,22,19,0,0,False,False,False
0,235,0,OP_000,27,51,43,0,0,False,True,False
0,236,5,OP_005,25,25,27,0,0,False,False,False
0,237,6,OP_006,"[25, 26]",None,None,None,3,False,False,False
0,238,8,OP_008,27,57,72,0,0,False,False,False
0,239,24,OP_024,25,3,2,0,0,False,False,False
0,240,1,OP_001,23,24,25,0,0,False,False,False
0,241,0,OP_000,25,56,43,0,0,False,True,False
0,242,7,OP_007,24,23,25,0,0,False,False,False
0,243,16,OP_016,285,2,0,0,0,False,False,False
0,244,170,OP_170,2,68,30,285,0,False,False,False
0,245,4,OP_004,26,58,8,0,0,False,True,False
0,246,5,OP_005,24,24,26,0,0,False,False,False
0,247,6,OP_006,"[24, 25]",None,None,None,3,False,False,False
0,248,8,OP_008,26,59,56,0,0,False,False,False
0,249,24,OP_024,24,3,2,0,0,False,False,False
0,250,0,OP_000,26,56,43,0,0,False,True,False
0,251,57,OP_057,25,23,26,255,0,False,False,False
0,252,31,OP_031,27,58,33,112,0,False,True,False
0,253,5,OP_005,25,25,27,0,0,False,False,False
0,254,6,OP_006,"[25, 26]",None,None,None,3,False,False,False
0,255,8,OP_008,27,60,3,0,0,False,False,False
0,256,24,OP_024,25,3,2,0,0,False,False,False
0,257,0,OP_000,27,56,43,0,0,False,True,False
0,258,7,OP_007,26,23,27,0,0,False,False,False
0,259,0,OP_000,28,61,43,0,0,False,True,False
0,260,5,OP_005,26,26,28,0,0,False,False,False
0,261,6,OP_006,"[26, 27]",None,None,None,3,False,False,False
0,262,8,OP_008,28,62,61,0,0,False,False,False
0,263,24,OP_024,26,3,2,0,0,False,False,False
0,264,0,OP_000,28,56,43,0,0,False,True,False
0,265,7,OP_007,27,23,28,0,0,False,False,False
0,266,16,OP_016,286,2,0,0,0,False,False,False
0,267,171,OP_171,-18,61,16,286,0,False,False,False
0,268,4,OP_004,29,61,3,0,0,False,True,False
0,269,5,OP_005,27,27,29,0,0,False,False,False
0,270,6,OP_006,"[27, 28]",None,None,None,3,False,False,False
0,271,8,OP_008,29,63,96,0,0,False,False,False
0,272,24,OP_024,27,3,2,0,0,False,False,False
0,273,0,OP_000,29,50,43,0,0,False,True,False
0,274,7,OP_007,28,23,29,0,0,False,False,False
0,275,0,OP_000,30,58,43,0,0,False,True,False
0,276,5,OP_005,28,28,30,0,0,False,False,False
0,277,6,OP_006,"[28, 29]",None,None,None,3,False,False,False
0,278,8,OP_008,30,64,61,0,0,False,False,False
0,279,24,OP_024,28,3,2,0,0,False,False,False
0,280,57,OP_057,29,28,1,204,0,False,False,False
0,281,31,OP_031,31,65,94,112,0,False,True,False
0,282,5,OP_005,29,29,31,0,0,False,False,False
0,283,6,OP_006,"[29, 30]",None,None,None,3,False,False,False
0,284,33,OP_033,"[31, 32]","[66, 4]",None,None,2,False,False,False
0,285,34,OP_034,29,4,2,0,0,False,False,False
0,286,16,OP_016,288,2,0,0,0,False,False,False
0,287,175,OP_175,20,30,-32,288,0,False,False,False
0,288,69,OP_069,30,52,2,0,0,False,False,False
0,289,30,OP_030,31,63,99,0,0,False,False,False
0,290,29,OP_029,31,30,38,0,0,False,False,False
0,291,27,OP_027,"[30, 32]","[28, 31]",None,None,2,False,False,False
0,292,0,OP_000,33,67,43,0,0,False,True,False
0,293,5,OP_005,30,30,33,0,0,False,False,False
0,294,6,OP_006,"[30, 31]",None,None,None,3,False,False,False
0,295,9,OP_009,31,32,19,0,0,False,False,False
0,296,10,OP_010,32,70,14,0,0,False,False,False
0,297,3,OP_003,"[33, 34]","[68, 69]",None,None,2,False,False,False
0,298,1,OP_001,32,33,34,0,0,False,False,False
0,299,0,OP_000,33,70,43,0,0,False,True,False
0,300,14,OP_014,34,6,0,0,0,False,False,False
0,301,1,OP_001,32,33,34,0,0,False,False,False
0,302,2,OP_002,32,0,0,0,0,False,False,False
0,303,23,OP_023,30,3,1,0,0,False,False,False
0,304,27,OP_027,"[30, 32]","[28, 31]",None,None,2,False,False,False
0,305,0,OP_000,33,67,43,0,0,False,True,False
0,306,5,OP_005,30,30,33,0,0,False,False,False
0,307,6,OP_006,"[30, 31]",None,None,None,3,False,False,False
0,308,9,OP_009,31,32,19,0,0,False,False,False
0,309,10,OP_010,32,58,89,0,0,False,False,False
0,310,3,OP_003,"[33, 34]","[68, 64]",None,None,2,False,False,False
0,311,1,OP_001,32,33,34,0,0,False,False,False
0,312,0,OP_000,33,70,43,0,0,False,True,False
0,313,14,OP_014,34,7,0,0,0,False,False,False
0,314,1,OP_001,32,33,34,0,0,False,False,False
0,315,2,OP_002,32,0,0,0,0,False,False,False
0,316,23,OP_023,30,3,1,0,0,False,False,False
0,317,27,OP_027,"[30, 32]","[28, 31]",None,None,2,False,False,False
0,318,0,OP_000,33,71,43,0,0,False,True,False
0,319,5,OP_005,30,30,33,0,0,False,False,False
0,320,6,OP_006,"[30, 31]",None,None,None,3,False,False,False
0,321,9,OP_009,31,32,19,0,0,False,False,False
0,322,8,OP_008,32,72,74,0,0,False,False,False
0,323,10,OP_010,33,85,86,0,0,False,False,False
0,324,3,OP_003,"[34, 35]","[68, 73]",None,None,2,False,False,False
0,325,1,OP_001,33,34,35,0,0,False,False,False
0,326,3,OP_003,"[34, 35]","[74, 6]",None,None,2,False,False,False
0,327,1,OP_001,33,34,35,0,0,False,False,False
0,328,0,OP_000,34,75,43,0,0,False,True,False
0,329,14,OP_014,35,8,0,0,0,False,False,False
0,330,1,OP_001,33,34,35,0,0,False,False,False
0,331,2,OP_002,33,0,0,0,0,False,False,False
0,332,15,OP_015,30,4,1,0,0,False,False,False
0,333,27,OP_027,"[30, 32]","[27, 31]",None,None,2,False,False,False
0,334,0,OP_000,33,76,43,0,0,False,True,False
0,335,5,OP_005,30,30,33,0,0,False,False,False
0,336,6,OP_006,"[30, 31]",None,None,None,3,False,False,False
0,337,9,OP_009,31,32,19,0,0,False,False,False
0,338,8,OP_008,32,77,52,0,0,False,False,False
0,339,10,OP_010,33,61,43,0,0,False,False,False
0,340,3,OP_003,"[34, 35]","[74, 78]",None,None,2,False,False,False
0,341,1,OP_001,33,34,35,0,0,False,False,False
0,342,3,OP_003,"[34, 35]","[79, 6]",None,None,2,False,False,False
0,343,1,OP_001,33,34,35,0,0,False,False,False
0,344,3,OP_003,"[34, 35]","[80, 6]",None,None,2,False,False,False
0,345,16,OP_016,289,2,0,0,0,False,False,False
0,346,174,OP_174,33,40,35,289,0,False,False,False
0,347,1,OP_001,33,34,35,0,0,False,False,False
0,348,3,OP_003,"[34, 35]","[81, 4]",None,None,2,False,False,False
0,349,1,OP_001,33,34,35,0,0,False,False,False
0,350,3,OP_003,"[34, 35]","[68, 82]",None,None,2,False,False,False
0,351,1,OP_001,33,34,35,0,0,False,False,False
0,352,3,OP_003,"[34, 35]","[83, 84]",None,None,2,False,False,False
0,353,1,OP_001,33,34,35,0,0,False,False,False
0,354,3,OP_003,"[34, 35]","[85, 86]",None,None,2,False,False,False
0,355,16,OP_016,291,2,0,0,0,False,False,False
0,356,181,OP_181,-14,34,35,291,0,False,False,False
0,357,1,OP_001,33,34,35,0,0,False,False,False
0,358,0,OP_000,34,75,43,0,0,False,True,False
0,359,49,OP_049,35,9,90,0,0,False,False,False
0,360,1,OP_001,33,34,35,0,0,False,False,False
0,361,2,OP_002,33,0,0,0,0,False,False,False
0,362,15,OP_015,30,4,1,0,0,False,False,False
0,363,27,OP_027,"[30, 32]","[27, 31]",None,None,2,False,False,False
0,364,16,OP_016,292,2,0,0,0,False,False,False
0,365,149,OP_149,95,126,-33,292,0,False,False,False
0,366,4,OP_004,33,76,48,0,0,False,True,False
0,367,5,OP_005,30,30,33,0,0,False,False,False
0,368,6,OP_006,"[30, 31]",None,None,None,3,False,False,False
0,369,9,OP_009,31,32,19,0,0,False,False,False
0,370,8,OP_008,32,87,36,0,0,False,False,False
0,371,10,OP_010,33,46,78,0,0,False,False,False
0,372,3,OP_003,"[34, 35]","[74, 78]",None,None,2,False,False,False
0,373,1,OP_001,33,34,35,0,0,False,False,False
0,374,3,OP_003,"[34, 35]","[79, 6]",None,None,2,False,False,False
0,375,1,OP_001,33,34,35,0,0,False,False,False
0,376,3,OP_003,"[34, 35]","[80, 6]",None,None,2,False,False,False
0,377,1,OP_001,33,34,35,0,0,False,False,False
0,378,3,OP_003,"[34, 35]","[81, 4]",None,None,2,False,False,False
0,379,1,OP_001,33,34,35,0,0,False,False,False
0,380,3,OP_003,"[34, 35]","[68, 88]",None,None,2,False,False,False
0,381,1,OP_001,33,34,35,0,0,False,False,False
0,382,3,OP_003,"[34, 35]","[83, 89]",None,None,2,False,False,False
0,383,16,OP_016,294,2,0,0,0,False,False,False
0,384,158,OP_158,33,34,-23,294,0,False,False,False
0,385,1,OP_001,33,34,35,0,0,False,False,False
0,386,3,OP_003,"[34, 35]","[85, 86]",None,None,2,False,False,False
0,387,1,OP_001,33,34,35,0,0,False,False,False
0,388,0,OP_000,34,75,43,0,0,False,True,False
0,389,49,OP_049,35,10,89,0,0,False,False,False
0,390,1,OP_001,33,34,35,0,0,False,False,False
0,391,2,OP_002,33,0,0,0,0,False,False,False
0,392,15,OP_015,30,4,1,0,0,False,False,False
0,393,27,OP_027,"[30, 32]","[27, 31]",None,None,2,False,False,False
0,394,0,OP_000,33,90,43,0,0,False,True,False
0,395,5,OP_005,30,30,33,0,0,False,False,False
0,396,6,OP_006,"[30, 31]",None,None,None,3,False,False,False
0,397,9,OP_009,31,32,19,0,0,False,False,False
0,398,8,OP_008,32,91,47,0,0,False,False,False
0,399,10,OP_010,33,73,55,0,0,False,False,False
0,400,0,OP_000,34,92,43,0,0,False,True,False
0,401,45,OP_045,35,2,0,0,0,False,False,False
0,402,1,OP_001,33,34,35,0,0,False,False,False
0,403,3,OP_003,"[34, 35]","[74, 96]",None,None,2,False,False,False
0,404,1,OP_001,33,34,35,0,0,False,False,False
0,405,3,OP_003,"[34, 35]","[97, 6]",None,None,2,False,False,False
0,406,1,OP_001,33,34,35,0,0,False,False,False
0,407,3,OP_003,"[34, 35]","[68, 98]",None,None,2,False,False,False
0,408,1,OP_001,33,34,35,0,0,False,False,False
0,409,2,OP_002,33,0,0,0,0,False,False,False
0,410,15,OP_015,30,4,1,0,0,False,False,False
0,411,10,OP_010,30,92,99,0,0,False,False,False
0,412,0,OP_000,32,93,43,0,0,False,True,False
0,413,16,OP_016,295,2,0,0,0,False,False,False
0,414,147,OP_147,93,0,37,295,0,False,False,False
0,415,10,OP_010,33,23,61,0,0,False,False,False
0,416,0,OP_000,34,99,43,0,0,False,True,False
0,417,17,OP_017,36,99,216,0,0,False,True,False
0,418,0,OP_000,37,100,43,0,0,False,True,False
0,419,7,OP_007,36,36,37,0,0,False,False,False
0,420,2,OP_002,36,0,0,0,0,False,False,False
0,421,33,OP_033,"[37, 38, 39]","[101, 47, 102]",None,None,2,False,False,False
0,422,34,OP_034,35,4,2,0,0,False,False,False
0,423,1,OP_001,33,34,35,0,0,False,False,False
0,424,3,OP_003,"[34, 35]","[103, 104]",None,None,2,False,False,False
0,425,1,OP_001,33,34,35,0,0,False,False,False
0,426,1,OP_001,30,32,33,0,0,False,False,False
0,427,16,OP_016,298,2,0,0,0,False,False,False
0,428,120,OP_120,94,122,31,298,0,False,False,False
0,429,4,OP_004,32,94,48,0,0,False,True,False
0,430,10,OP_010,33,23,54,0,0,False,False,False
0,431,0,OP_000,34,99,43,0,0,False,True,False
0,432,17,OP_017,36,99,216,0,0,False,True,False
0,433,16,OP_016,299,2,0,0,0,False,False,False
0,434,100,OP_100,37,100,-31,299,0,False,False,False
0,435,4,OP_004,37,100,69,0,0,False,True,False
0,436,7,OP_007,36,36,37,0,0,False,False,False
0,437,2,OP_002,36,0,0,0,0,False,False,False
0,438,33,OP_033,"[37, 38, 39]","[105, 106, 107]",None,None,2,False,False,False
0,439,34,OP_034,35,4,2,0,0,False,False,False
0,440,1,OP_001,33,34,35,0,0,False,False,False
0,441,3,OP_003,"[34, 35]","[103, 108]",None,None,2,False,False,False
0,442,16,OP_016,300,2,0,0,0,False,False,False
0,443,108,OP_108,33,97,-26,300,0,False,False,False
0,444,1,OP_001,33,34,35,0,0,False,False,False
0,445,1,OP_001,30,32,33,0,0,False,False,False
0,446,0,OP_000,32,95,43,0,0,False,True,False
0,447,10,OP_010,33,19,96,0,0,False,False,False
0,448,0,OP_000,34,99,43,0,0,False,True,False
0,449,16,OP_016,302,2,0,0,0,False,False,False
0,450,110,OP_110,36,128,0,302,0,False,False,False
0,451,19,OP_019,36,99,26,0,0,False,True,False
0,452,0,OP_000,37,100,43,0,0,False,True,False
0,453,7,OP_007,36,36,37,0,0,False,False,False
0,454,2,OP_002,36,0,0,0,0,False,False,False
0,455,33,OP_033,"[37, 38, 39]","[109, 110, 111]",None,None,2,False,False,False
0,456,34,OP_034,35,4,2,0,0,False,False,False
0,457,1,OP_001,33,34,35,0,0,False,False,False
0,458,3,OP_003,"[34, 35]","[103, 112]",None,None,2,False,False,False
0,459,1,OP_001,33,34,35,0,0,False,False,False
0,460,16,OP_016,303,2,0,0,0,False,False,False
0,461,96,OP_096,90,47,22,303,0,False,False,False
0,462,1,OP_001,30,32,33,0,0,False,False,False
0,463,16,OP_016,305,2,0,0,0,False,False,False
0,464,166,OP_166,86,27,8,305,0,False,False,False
0,465,21,OP_021,32,27,6,0,0,False,False,False
0,466,0,OP_000,34,71,43,0,0,False,True,False
0,467,5,OP_005,32,32,34,0,0,False,False,False
0,468,6,OP_006,"[32, 33]",None,None,None,3,False,False,False
0,469,8,OP_008,34,113,70,0,0,False,False,False
0,470,10,OP_010,35,80,86,0,0,False,False,False
0,471,3,OP_003,"[36, 37]","[68, 114]",None,None,2,False,False,False
0,472,1,OP_001,35,36,37,0,0,False,False,False
0,473,3,OP_003,"[36, 37]","[74, 6]",None,None,2,False,False,False
0,474,1,OP_001,35,36,37,0,0,False,False,False
0,475,16,OP_016,306,2,0,0,0,False,False,False
0,476,109,OP_109,97,45,-12,306,0,False,False,False
0,477,4,OP_004,36,75,13,0,0,False,True,False
0,478,14,OP_014,37,11,0,0,0,False,False,False
0,479,1,OP_001,35,36,37,0,0,False,False,False
0,480,2,OP_002,35,0,0,0,0,False,False,False
0,481,15,OP_015,32,4,1,0,0,False,False,False
0,482,9,OP_009,32,27,19,0,0,False,False,False
0,483,16,OP_016,307,2,0,0,0,False,False,False
0,484,107,OP_107,34,126,0,307,0,False,False,False
0,485,4,OP_004,34,71,58,0,0,False,True,False
0,486,5,OP_005,32,32,34,0,0,False,False,False
0,487,6,OP_006,"[32, 33]",None,None,None,3,False,False,False
0,488,8,OP_008,34,115,54,0,0,False,False,False
0,489,10,OP_010,35,77,41,0,0,False,False,False
0,490,3,OP_003,"[36, 37]","[68, 116]",None,None,2,False,False,False
0,491,1,OP_001,35,36,37,0,0,False,False,False
0,492,3,OP_003,"[36, 37]","[74, 6]",None,None,2,False,False,False
0,493,1,OP_001,35,36,37,0,0,False,False,False
0,494,0,OP_000,36,75,43,0,0,False,True,False
0,495,14,OP_014,37,12,0,0,0,False,False,False
0,496,1,OP_001,35,36,37,0,0,False,False,False
0,497,2,OP_002,35,0,0,0,0,False,False,False
0,498,15,OP_015,32,4,1,0,0,False,False,False
0,499,9,OP_009,32,27,19,0,0,False,False,False
0,500,0,OP_000,34,117,43,0,0,False,True,False
0,501,5,OP_005,32,32,34,0,0,False,False,False
0,502,2,OP_002,32,0,0,0,0,False,False,False
0,503,2,OP_002,33,0,0,0,0,False,False,False
0,504,22,OP_022,32,2,1,0,0,False,False,False
0,505,9,OP_009,32,27,19,0,0,False,False,False
0,506,16,OP_016,310,2,0,0,0,False,False,False
0,507,106,OP_106,97,42,0,310,0,False,False,False
0,508,4,OP_004,34,65,58,0,0,False,True,False
0,509,5,OP_005,32,32,34,0,0,False,False,False
0,510,6,OP_006,"[32, 33]",None,None,None,3,False,False,False
0,511,8,OP_008,34,118,39,0,0,False,False,False
0,512,23,OP_023,32,3,1,0,0,False,False,False
0,513,9,OP_009,32,27,19,0,0,False,False,False
0,514,0,OP_000,34,119,43,0,0,False,True,False
0,515,5,OP_005,32,32,34,0,0,False,False,False
0,516,6,OP_006,"[32, 33]",None,None,None,3,False,False,False
0,517,8,OP_008,34,120,85,0,0,False,False,False
0,518,32,OP_032,35,3,0,0,0,False,False,False
0,519,2,OP_002,35,0,0,0,0,False,False,False
0,520,15,OP_015,32,4,1,0,0,False,False,False
0,521,57,OP_057,32,27,63,204,0,False,False,False
0,522,31,OP_031,34,71,47,112,0,False,True,False
0,523,5,OP_005,32,32,34,0,0,False,False,False
0,524,6,OP_006,"[32, 33]",None,None,None,3,False,False,False
0,525,8,OP_008,34,128,66,0,0,False,False,False
0,526,16,OP_016,311,2,0,0,0,False,False,False
0,527,105,OP_105,90,0,3,311,0,False,False,False
0,528,10,OP_010,35,25,78,0,0,False,False,False
0,529,3,OP_003,"[36, 37]","[68, 129]",None,None,2,False,False,False
0,530,16,OP_016,313,2,0,0,0,False,False,False
0,531,104,OP_104,35,70,37,313,0,False,False,False
0,532,1,OP_001,35,36,37,0,0,False,False,False
0,533,3,OP_003,"[36, 37]","[74, 6]",None,None,2,False,False,False
0,534,1,OP_001,35,36,37,0,0,False,False,False
0,535,0,OP_000,36,75,43,0,0,False,True,False
0,536,14,OP_014,37,13,0,0,0,False,False,False
0,537,1,OP_001,35,36,37,0,0,False,False,False
0,538,2,OP_002,35,0,0,0,0,False,False,False
0,539,15,OP_015,32,4,1,0,0,False,False,False
0,540,9,OP_009,32,26,19,0,0,False,False,False
0,541,0,OP_000,34,65,43,0,0,False,True,False
0,542,5,OP_005,32,32,34,0,0,False,False,False
0,543,6,OP_006,"[32, 33]",None,None,None,3,False,False,False
0,544,33,OP_033,"[34, 35]","[130, 4]",None,None,2,False,False,False
0,545,34,OP_034,32,4,2,0,0,False,False,False
0,546,30,OP_030,33,86,47,0,0,False,False,False
0,547,14,OP_014,34,14,0,0,0,False,False,False
0,548,29,OP_029,33,34,1,0,0,False,False,False
0,549,9,OP_009,34,26,19,0,0,False,False,False
0,550,0,OP_000,36,117,43,0,0,False,True,False
0,551,5,OP_005,34,34,36,0,0,False,False,False
0,552,2,OP_002,34,0,0,0,0,False,False,False
0,553,2,OP_002,35,0,0,0,0,False,False,False
0,554,22,OP_022,34,2,1,0,0,False,False,False
0,555,9,OP_009,34,26,19,0,0,False,False,False
0,556,0,OP_000,36,71,43,0,0,False,True,False
0,557,5,OP_005,34,34,36,0,0,False,False,False
0,558,6,OP_006,"[34, 35]",None,None,None,3,False,False,False
0,559,8,OP_008,36,131,74,0,0,False,False,False
0,560,16,OP_016,316,2,0,0,0,False,False,False
0,561,103,OP_103,19,0,-24,316,0,False,False,False
0,562,10,OP_010,37,75,94,0,0,False,False,False
0,563,3,OP_003,"[38, 39]","[68, 132]",None,None,2,False,False,False
0,564,1,OP_001,37,38,39,0,0,False,False,False
0,565,3,OP_003,"[38, 39]","[74, 6]",None,None,2,False,False,False
0,566,1,OP_001,37,38,39,0,0,False,False,False
0,567,0,OP_000,38,75,43,0,0,False,True,False
0,568,14,OP_014,39,15,0,0,0,False,False,False
0,569,1,OP_001,37,38,39,0,0,False,False,False
0,570,2,OP_002,37,0,0,0,0,False,False,False
0,571,15,OP_015,34,4,1,0,0,False,False,False
0,572,9,OP_009,34,26,19,0,0,False,False,False
0,573,0,OP_000,36,117,43,0,0,False,True,False
0,574,5,OP_005,34,34,36,0,0,False,False,False
0,575,2,OP_002,34,0,0,0,0,False,False,False
0,576,2,OP_002,35,0,0,0,0,False,False,False
0,577,22,OP_022,34,2,1,0,0,False,False,False
0,578,9,OP_009,34,26,19,0,0,False,False,False
0,579,0,OP_000,36,119,43,0,0,False,True,False
0,580,5,OP_005,34,34,36,0,0,False,False,False
0,581,6,OP_006,"[34, 35]",None,None,None,3,False,False,False
0,582,8,OP_008,36,133,50,0,0,False,False,False
0,583,32,OP_032,37,4,0,0,0,False,False,False
0,584,2,OP_002,37,0,0,0,0,False,False,False
0,585,15,OP_015,34,4,1,0,0,False,False,False
0,586,16,OP_016,317,2,0,0,0,False,False,False
0,587,102,OP_102,92,26,-23,317,0,False,False,False
0,588,21,OP_021,34,26,69,0,0,False,False,False
0,589,0,OP_000,36,119,43,0,0,False,True,False
0,590,5,OP_005,34,34,36,0,0,False,False,False
0,591,6,OP_006,"[34, 35]",None,None,None,3,False,False,False
0,592,8,OP_008,36,137,67,0,0,False,False,False
0,593,32,OP_032,37,5,0,0,0,False,False,False
0,594,2,OP_002,37,0,0,0,0,False,False,False
0,595,15,OP_015,34,4,1,0,0,False,False,False
0,596,9,OP_009,34,26,19,0,0,False,False,False
0,597,16,OP_016,318,2,0,0,0,False,False,False
0,598,101,OP_101,-22,119,-10,318,0,False,False,False
0,599,4,OP_004,36,119,72,0,0,False,True,False
0,600,5,OP_005,34,34,36,0,0,False,False,False
0,601,6,OP_006,"[34, 35]",None,None,None,3,False,False,False
0,602,8,OP_008,36,139,29,0,0,False,False,False
0,603,32,OP_032,37,6,0,0,0,False,False,False
0,604,2,OP_002,37,0,0,0,0,False,False,False
0,605,15,OP_015,34,4,1,0,0,False,False,False
0,606,9,OP_009,34,25,19,0,0,False,False,False
0,607,16,OP_016,319,2,0,0,0,False,False,False
0,608,148,OP_148,36,33,-28,319,0,False,False,False
0,609,4,OP_004,36,67,53,0,0,False,True,False
0,610,5,OP_005,34,34,36,0,0,False,False,False
0,611,6,OP_006,"[34, 35]",None,None,None,3,False,False,False
0,612,10,OP_010,36,77,79,0,0,False,False,False
0,613,3,OP_003,"[37, 38]","[68, 142]",None,None,2,False,False,False
0,614,1,OP_001,36,37,38,0,0,False,False,False
0,615,0,OP_000,37,70,43,0,0,False,True,False
0,616,14,OP_014,38,16,0,0,0,False,False,False
0,617,1,OP_001,36,37,38,0,0,False,False,False
0,618,2,OP_002,36,0,0,0,0,False,False,False
0,619,23,OP_023,34,3,1,0,0,False,False,False
0,620,9,OP_009,34,25,19,0,0,False,False,False
0,621,0,OP_000,36,71,43,0,0,False,True,False
0,622,5,OP_005,34,34,36,0,0,False,False,False
0,623,6,OP_006,"[34, 35]",None,None,None,3,False,False,False
0,624,8,OP_008,36,143,42,0,0,False,False,False
0,625,10,OP_010,37,97,9,0,0,False,False,False
0,626,3,OP_003,"[38, 39]","[68, 144]",None,None,2,False,False,False
0,627,1,OP_001,37,38,39,0,0,False,False,False
0,628,3,OP_003,"[38, 39]","[74, 6]",None,None,2,False,False,False
0,629,1,OP_001,37,38,39,0,0,False,False,False
0,630,0,OP_000,38,75,43,0,0,False,True,False
0,631,14,OP_014,39,17,0,0,0,False,False,False
0,632,1,OP_001,37,38,39,0,0,False,False,False
0,633,2,OP_002,37,0,0,0,0,False,False,False
0,634,15,OP_015,34,4,1,0,0,False,False,False
0,635,9,OP_009,34,25,19,0,0,False,False,False
0,636,0,OP_000,36,67,43,0,0,False,True,False
0,637,5,OP_005,34,34,36,0,0,False,False,False
0,638,6,OP_006,"[34, 35]",None,None,None,3,False,False,False
0,639,10,OP_010,36,52,70,0,0,False,False,False
0,640,3,OP_003,"[37, 38]","[68, 145]",None,None,2,False,False,False
0,641,1,OP_001,36,37,38,0,0,False,False,False
0,642,0,OP_000,37,70,43,0,0,False,True,False
0,643,14,OP_014,38,18,0,0,0,False,False,False
0,644,1,OP_001,36,37,38,0,0,False,False,False
0,645,2,OP_002,36,0,0,0,0,False,False,False
0,646,23,OP_023,34,3,1,0,0,False,False,False
0,647,16,OP_016,322,2,0,0,0,False,False,False
0,648,99,OP_099,-10,68,0,322,0,False,False,False
0,649,21,OP_021,34,25,36,0,0,False,False,False
0,650,0,OP_000,36,67,43,0,0,False,True,False
0,651,5,OP_005,34,34,36,0,0,False,False,False
0,652,6,OP_006,"[34, 35]",None,None,None,3,False,False,False
0,653,10,OP_010,36,88,67,0,0,False,False,False
0,654,3,OP_003,"[37, 38]","[68, 146]",None,None,2,False,False,False
0,655,1,OP_001,36,37,38,0,0,False,False,False
0,656,0,OP_000,37,70,43,0,0,False,True,False
0,657,14,OP_014,38,19,0,0,0,False,False,False
0,658,1,OP_001,36,37,38,0,0,False,False,False
0,659,2,OP_002,36,0,0,0,0,False,False,False
0,660,23,OP_023,34,3,1,0,0,False,False,False
0,661,9,OP_009,34,25,19,0,0,False,False,False
0,662,0,OP_000,36,67,43,0,0,False,True,False
0,663,5,OP_005,34,34,36,0,0,False,False,False
0,664,6,OP_006,"[34, 35]",None,None,None,3,False,False,False
0,665,10,OP_010,36,14,26,0,0,False,False,False
0,666,3,OP_003,"[37, 38]","[68, 147]",None,None,2,False,False,False
0,667,1,OP_001,36,37,38,0,0,False,False,False
0,668,0,OP_000,37,70,43,0,0,False,True,False
0,669,14,OP_014,38,20,0,0,0,False,False,False
0,670,1,OP_001,36,37,38,0,0,False,False,False
0,671,2,OP_002,36,0,0,0,0,False,False,False
0,672,23,OP_023,34,3,1,0,0,False,False,False
0,673,9,OP_009,34,25,19,0,0,False,False,False
0,674,0,OP_000,36,67,43,0,0,False,True,False
0,675,5,OP_005,34,34,36,0,0,False,False,False
0,676,6,OP_006,"[34, 35]",None,None,None,3,False,False,False
0,677,16,OP_016,323,2,0,0,0,False,False,False
0,678,98,OP_098,36,0,-2,323,0,False,False,False
0,679,10,OP_010,36,51,71,0,0,False,False,False
0,680,3,OP_003,"[37, 38]","[68, 148]",None,None,2,False,False,False
0,681,1,OP_001,36,37,38,0,0,False,False,False
0,682,0,OP_000,37,70,43,0,0,False,True,False
0,683,14,OP_014,38,21,0,0,0,False,False,False
0,684,1,OP_001,36,37,38,0,0,False,False,False
0,685,2,OP_002,36,0,0,0,0,False,False,False
0,686,23,OP_023,34,3,1,0,0,False,False,False
0,687,9,OP_009,34,24,19,0,0,False,False,False
0,688,0,OP_000,36,67,43,0,0,False,True,False
0,689,5,OP_005,34,34,36,0,0,False,False,False
0,690,6,OP_006,"[34, 35]",None,None,None,3,False,False,False
0,691,10,OP_010,36,43,23,0,0,False,False,False
0,692,3,OP_003,"[37, 38]","[68, 149]",None,None,2,False,False,False
0,693,1,OP_001,36,37,38,0,0,False,False,False
0,694,0,OP_000,37,70,43,0,0,False,True,False
0,695,14,OP_014,38,22,0,0,0,False,False,False
0,696,1,OP_001,36,37,38,0,0,False,False,False
0,697,2,OP_002,36,0,0,0,0,False,False,False
0,698,23,OP_023,34,3,1,0,0,False,False,False
0,699,9,OP_009,34,24,19,0,0,False,False,False
0,700,0,OP_000,36,67,43,0,0,False,True,False
0,701,5,OP_005,34,34,36,0,0,False,False,False
0,702,6,OP_006,"[34, 35]",None,None,None,3,False,False,False
0,703,16,OP_016,325,2,0,0,0,False,False,False
0,704,97,OP_097,36,14,2,325,0,False,False,False
0,705,10,OP_010,36,74,2,0,0,False,False,False
0,706,3,OP_003,"[37, 38]","[68, 150]",None,None,2,False,False,False
0,707,1,OP_001,36,37,38,0,0,False,False,False
0,708,0,OP_000,37,70,43,0,0,False,True,False
0,709,14,OP_014,38,23,0,0,0,False,False,False
0,710,1,OP_001,36,37,38,0,0,False,False,False
0,711,2,OP_002,36,0,0,0,0,False,False,False
0,712,23,OP_023,34,3,1,0,0,False,False,False
0,713,16,OP_016,328,2,0,0,0,False,False,False
0,714,111,OP_111,-18,24,0,328,0,False,False,False
0,715,21,OP_021,34,24,55,0,0,False,False,False
0,716,0,OP_000,36,67,43,0,0,False,True,False
0,717,5,OP_005,34,34,36,0,0,False,False,False
0,718,6,OP_006,"[34, 35]",None,None,None,3,False,False,False
0,719,16,OP_016,330,2,0,0,0,False,False,False
0,720,95,OP_095,-33,36,31,330,0,False,False,False
0,721,10,OP_010,36,25,85,0,0,False,False,False
0,722,3,OP_003,"[37, 38]","[68, 151]",None,None,2,False,False,False
0,723,1,OP_001,36,37,38,0,0,False,False,False
0,724,0,OP_000,37,70,43,0,0,False,True,False
0,725,14,OP_014,38,24,0,0,0,False,False,False
0,726,1,OP_001,36,37,38,0,0,False,False,False
0,727,2,OP_002,36,0,0,0,0,False,False,False
0,728,23,OP_023,34,3,1,0,0,False,False,False
0,729,0,OP_000,35,50,43,0,0,False,True,False
0,730,7,OP_007,34,23,35,0,0,False,False,False
0,731,0,OP_000,36,58,43,0,0,False,True,False
0,732,5,OP_005,34,34,36,0,0,False,False,False
0,733,6,OP_006,"[34, 35]",None,None,None,3,False,False,False
0,734,8,OP_008,36,152,83,0,0,False,False,False
0,735,24,OP_024,34,3,2,0,0,False,False,False
0,736,0,OP_000,36,50,43,0,0,False,True,False
0,737,7,OP_007,35,23,36,0,0,False,False,False
0,738,0,OP_000,37,61,43,0,0,False,True,False
0,739,5,OP_005,35,35,37,0,0,False,False,False
0,740,6,OP_006,"[35, 36]",None,None,None,3,False,False,False
0,741,8,OP_008,37,153,49,0,0,False,False,False
0,742,24,OP_024,35,3,2,0,0,False,False,False
0,743,0,OP_000,37,50,43,0,0,False,True,False
0,744,7,OP_007,36,23,37,0,0,False,False,False
0,745,0,OP_000,38,61,43,0,0,False,True,False
0,746,5,OP_005,36,36,38,0,0,False,False,False
0,747,6,OP_006,"[36, 37]",None,None,None,3,False,False,False
0,748,8,OP_008,38,154,76,0,0,False,False,False
0,749,24,OP_024,36,3,2,0,0,False,False,False
0,750,0,OP_000,38,50,43,0,0,False,True,False
0,751,16,OP_016,331,2,0,0,0,False,False,False
0,752,83,OP_083,93,53,-36,331,0,False,False,False
0,753,7,OP_007,37,23,38,0,0,False,False,False
0,754,0,OP_000,39,58,43,0,0,False,True,False
0,755,5,OP_005,37,37,39,0,0,False,False,False
0,756,6,OP_006,"[37, 38]",None,None,None,3,False,False,False
0,757,8,OP_008,39,155,34,0,0,False,False,False
0,758,24,OP_024,37,3,2,0,0,False,False,False
0,759,9,OP_009,38,37,19,0,0,False,False,False
0,760,0,OP_000,40,71,43,0,0,False,True,False
0,761,5,OP_005,38,38,40,0,0,False,False,False
0,762,6,OP_006,"[38, 39]",None,None,None,3,False,False,False
0,763,8,OP_008,40,156,90,0,0,False,False,False
0,764,16,OP_016,333,2,0,0,0,False,False,False
0,765,84,OP_084,8,0,3,333,0,False,False,False
0,766,10,OP_010,41,54,2,0,0,False,False,False
0,767,3,OP_003,"[42, 43]","[68, 157]",None,None,2,False,False,False
0,768,1,OP_001,41,42,43,0,0,False,False,False
0,769,3,OP_003,"[42, 43]","[74, 6]",None,None,2,False,False,False
0,770,1,OP_001,41,42,43,0,0,False,False,False
0,771,0,OP_000,42,75,43,0,0,False,True,False
0,772,14,OP_014,43,25,0,0,0,False,False,False
0,773,1,OP_001,41,42,43,0,0,False,False,False
0,774,2,OP_002,41,0,0,0,0,False,False,False
0,775,15,OP_015,38,4,1,0,0,False,False,False
0,776,16,OP_016,334,2,0,0,0,False,False,False
0,777,85,OP_085,39,158,-13,334,0,False,False,False
0,778,19,OP_019,39,158,9,0,0,False,True,False
0,779,0,OP_000,40,159,43,0,0,False,True,False
0,780,7,OP_007,39,39,40,0,0,False,False,False
0,781,2,OP_002,39,0,0,0,0,False,False,False
0,782,14,OP_014,40,26,0,0,0,False,False,False
0,783,2,OP_002,40,0,0,0,0,False,False,False
0,784,22,OP_022,38,2,1,0,0,False,False,False
0,785,9,OP_009,38,37,19,0,0,False,False,False
0,786,0,OP_000,40,71,43,0,0,False,True,False
0,787,5,OP_005,38,38,40,0,0,False,False,False
0,788,6,OP_006,"[38, 39]",None,None,None,3,False,False,False
0,789,8,OP_008,40,160,10,0,0,False,False,False
0,790,16,OP_016,336,2,0,0,0,False,False,False
0,791,86,OP_086,41,1,-8,336,0,False,False,False
0,792,10,OP_010,41,53,53,0,0,False,False,False
0,793,3,OP_003,"[42, 43]","[68, 161]",None,None,2,False,False,False
0,794,16,OP_016,337,2,0,0,0,False,False,False
0,795,87,OP_087,25,42,0,337,0,False,False,False
0,796,1,OP_001,41,42,43,0,0,False,False,False
0,797,3,OP_003,"[42, 43]","[74, 6]",None,None,2,False,False,False
0,798,1,OP_001,41,42,43,0,0,False,False,False
0,799,16,OP_016,343,2,0,0,0,False,False,False
0,800,88,OP_088,42,75,25,343,0,False,False,False
0,801,4,OP_004,42,75,77,0,0,False,True,False
0,802,14,OP_014,43,27,0,0,0,False,False,False
0,803,1,OP_001,41,42,43,0,0,False,False,False
0,804,2,OP_002,41,0,0,0,0,False,False,False
0,805,15,OP_015,38,4,1,0,0,False,False,False
0,806,9,OP_009,38,36,19,0,0,False,False,False
0,807,0,OP_000,40,119,43,0,0,False,True,False
0,808,5,OP_005,38,38,40,0,0,False,False,False
0,809,6,OP_006,"[38, 39]",None,None,None,3,False,False,False
0,810,8,OP_008,40,162,48,0,0,False,False,False
0,811,32,OP_032,41,7,0,0,0,False,False,False
0,812,2,OP_002,41,0,0,0,0,False,False,False
0,813,15,OP_015,38,4,1,0,0,False,False,False
0,814,9,OP_009,38,36,19,0,0,False,False,False
0,815,16,OP_016,345,2,0,0,0,False,False,False
0,816,89,OP_089,13,119,0,345,0,False,False,False
0,817,4,OP_004,40,119,73,0,0,False,True,False
0,818,5,OP_005,38,38,40,0,0,False,False,False
0,819,6,OP_006,"[38, 39]",None,None,None,3,False,False,False
0,820,8,OP_008,40,165,23,0,0,False,False,False
0,821,32,OP_032,41,8,0,0,0,False,False,False
0,822,2,OP_002,41,0,0,0,0,False,False,False
0,823,15,OP_015,38,4,1,0,0,False,False,False
0,824,16,OP_016,347,2,0,0,0,False,False,False
0,825,90,OP_090,-27,36,0,347,0,False,False,False
0,826,21,OP_021,38,36,17,0,0,False,False,False
0,827,0,OP_000,40,71,43,0,0,False,True,False
0,828,5,OP_005,38,38,40,0,0,False,False,False
0,829,6,OP_006,"[38, 39]",None,None,None,3,False,False,False
0,830,8,OP_008,40,170,83,0,0,False,False,False
0,831,129,OP_129,13,41,69,0,0,False,False,False
0,832,3,OP_003,"[42, 43]","[68, 171]",None,None,2,False,False,False
0,833,1,OP_001,41,42,43,0,0,False,False,False
0,834,3,OP_003,"[42, 43]","[74, 6]",None,None,2,False,False,False
0,835,1,OP_001,41,42,43,0,0,False,False,False
0,836,0,OP_000,42,75,43,0,0,False,True,False
0,837,14,OP_014,43,28,0,0,0,False,False,False
0,838,1,OP_001,41,42,43,0,0,False,False,False
0,839,2,OP_002,41,0,0,0,0,False,False,False
0,840,15,OP_015,38,4,1,0,0,False,False,False
0,841,9,OP_009,38,34,19,0,0,False,False,False
0,842,16,OP_016,349,2,0,0,0,False,False,False
0,843,91,OP_091,21,85,23,349,0,False,False,False
0,844,4,OP_004,40,50,66,0,0,False,True,False
0,845,32,OP_032,41,9,0,0,0,False,False,False
0,846,0,OP_000,42,71,43,0,0,False,True,False
0,847,36,OP_036,38,4,2,42,0,False,False,False
0,848,16,OP_016,350,2,0,0,0,False,False,False
0,849,92,OP_092,11,90,0,350,0,False,False,False
0,850,4,OP_004,40,90,71,0,0,False,True,False
0,851,5,OP_005,38,38,40,0,0,False,False,False
0,852,6,OP_006,"[38, 39]",None,None,None,3,False,False,False
0,853,8,OP_008,40,173,7,0,0,False,False,False
0,854,16,OP_016,351,2,0,0,0,False,False,False
0,855,93,OP_093,41,-4,4,351,0,False,False,False
0,856,10,OP_010,41,68,56,0,0,False,False,False
0,857,0,OP_000,42,92,43,0,0,False,True,False
0,858,45,OP_045,43,10,0,0,0,False,False,False
0,859,1,OP_001,41,42,43,0,0,False,False,False
0,860,3,OP_003,"[42, 43]","[74, 96]",None,None,2,False,False,False
0,861,121,OP_121,42,41,43,0,0,False,False,False
0,862,3,OP_003,"[42, 43]","[97, 6]",None,None,2,False,False,False
0,863,1,OP_001,41,42,43,0,0,False,False,False
0,864,3,OP_003,"[42, 43]","[68, 176]",None,None,2,False,False,False
0,865,1,OP_001,41,42,43,0,0,False,False,False
0,866,2,OP_002,41,0,0,0,0,False,False,False
0,867,15,OP_015,38,4,1,0,0,False,False,False
0,868,9,OP_009,38,34,19,0,0,False,False,False
0,869,16,OP_016,353,2,0,0,0,False,False,False
0,870,94,OP_094,74,65,0,353,0,False,False,False
0,871,4,OP_004,40,65,42,0,0,False,True,False
0,872,5,OP_005,38,38,40,0,0,False,False,False
0,873,6,OP_006,"[38, 39]",None,None,None,3,False,False,False
0,874,33,OP_033,"[40, 41, 42]","[177, 4, 178]",None,None,2,False,False,False
0,875,60,OP_060,38,5,1,0,0,False,False,False
0,876,9,OP_009,38,34,19,0,0,False,False,False
0,877,0,OP_000,40,179,43,0,0,False,True,False
0,878,5,OP_005,38,38,40,0,0,False,False,False
0,879,58,OP_058,38,0,0,69,0,False,False,False
0,880,31,OP_031,39,0,0,164,0,False,False,False
0,881,38,OP_038,38,2,2,0,0,False,False,False
0,882,16,OP_016,355,2,0,0,0,False,False,False
0,883,112,OP_112,46,40,29,355,0,False,False,False
0,884,21,OP_021,39,38,69,0,0,False,False,False
0,885,0,OP_000,41,119,43,0,0,False,True,False
0,886,5,OP_005,39,39,41,0,0,False,False,False
0,887,6,OP_006,"[39, 40]",None,None,None,3,False,False,False
0,888,8,OP_008,41,180,18,0,0,False,False,False
0,889,32,OP_032,42,11,0,0,0,False,False,False
0,890,2,OP_002,42,0,0,0,0,False,False,False
0,891,15,OP_015,39,4,1,0,0,False,False,False
0,892,9,OP_009,39,38,19,0,0,False,False,False
0,893,16,OP_016,356,2,0,0,0,False,False,False
0,894,138,OP_138,41,26,15,356,0,False,False,False
0,895,4,OP_004,41,76,60,0,0,False,True,False
0,896,5,OP_005,39,39,41,0,0,False,False,False
0,897,6,OP_006,"[39, 40]",None,None,None,3,False,False,False
0,898,8,OP_008,41,184,26,0,0,False,False,False
0,899,10,OP_010,42,71,22,0,0,False,False,False
0,900,3,OP_003,"[43, 44]","[74, 86]",None,None,2,False,False,False
0,901,1,OP_001,42,43,44,0,0,False,False,False
0,902,3,OP_003,"[43, 44]","[79, 6]",None,None,2,False,False,False
0,903,1,OP_001,42,43,44,0,0,False,False,False
0,904,3,OP_003,"[43, 44]","[80, 6]",None,None,2,False,False,False
0,905,1,OP_001,42,43,44,0,0,False,False,False
0,906,3,OP_003,"[43, 44]","[81, 4]",None,None,2,False,False,False
0,907,16,OP_016,357,2,0,0,0,False,False,False
0,908,114,OP_114,54,43,71,357,0,False,False,False
0,909,1,OP_001,42,43,44,0,0,False,False,False
0,910,3,OP_003,"[43, 44]","[68, 185]",None,None,2,False,False,False
0,911,1,OP_001,42,43,44,0,0,False,False,False
0,912,3,OP_003,"[43, 44]","[83, 186]",None,None,2,False,False,False
0,913,1,OP_001,42,43,44,0,0,False,False,False
0,914,3,OP_003,"[43, 44]","[85, 86]",None,None,2,False,False,False
0,915,1,OP_001,42,43,44,0,0,False,False,False
0,916,0,OP_000,43,75,43,0,0,False,True,False
0,917,49,OP_049,44,29,68,0,0,False,False,False
0,918,1,OP_001,42,43,44,0,0,False,False,False
0,919,2,OP_002,42,0,0,0,0,False,False,False
0,920,15,OP_015,39,4,1,0,0,False,False,False
0,921,9,OP_009,39,38,19,0,0,False,False,False
0,922,0,OP_000,41,71,43,0,0,False,True,False
0,923,5,OP_005,39,39,41,0,0,False,False,False
0,924,6,OP_006,"[39, 40]",None,None,None,3,False,False,False
0,925,8,OP_008,41,187,88,0,0,False,False,False
0,926,10,OP_010,42,41,28,0,0,False,False,False
0,927,3,OP_003,"[43, 44]","[68, 188]",None,None,2,False,False,False
0,928,16,OP_016,358,2,0,0,0,False,False,False
0,929,113,OP_113,-2,43,44,358,0,False,False,False
0,930,1,OP_001,42,43,44,0,0,False,False,False
0,931,3,OP_003,"[43, 44]","[74, 6]",None,None,2,False,False,False
0,932,1,OP_001,42,43,44,0,0,False,False,False
0,933,3,OP_003,"[43, 44]","[83, 189]",None,None,2,False,False,False
0,934,16,OP_016,364,2,0,0,0,False,False,False
0,935,132,OP_132,43,43,44,364,0,False,False,False
0,936,1,OP_001,42,43,44,0,0,False,False,False
0,937,16,OP_016,365,2,0,0,0,False,False,False
0,938,133,OP_133,30,31,-5,365,0,False,False,False
0,939,4,OP_004,43,75,61,0,0,False,True,False
0,940,14,OP_014,44,30,0,0,0,False,False,False
0,941,1,OP_001,42,43,44,0,0,False,False,False
0,942,2,OP_002,42,0,0,0,0,False,False,False
0,943,15,OP_015,39,4,1,0,0,False,False,False
0,944,9,OP_009,39,34,19,0,0,False,False,False
0,945,0,OP_000,41,179,43,0,0,False,True,False
0,946,5,OP_005,39,39,41,0,0,False,False,False
0,947,2,OP_002,39,0,0,0,0,False,False,False
0,948,2,OP_002,40,0,0,0,0,False,False,False
0,949,38,OP_038,39,2,2,0,0,False,False,False
0,950,9,OP_009,40,39,19,0,0,False,False,False
0,951,0,OP_000,42,90,43,0,0,False,True,False
0,952,5,OP_005,40,40,42,0,0,False,False,False
0,953,6,OP_006,"[40, 41]",None,None,None,3,False,False,False
0,954,8,OP_008,42,190,86,0,0,False,False,False
0,955,10,OP_010,43,61,47,0,0,False,False,False
0,956,16,OP_016,367,2,0,0,0,False,False,False
0,957,134,OP_134,-9,40,36,367,0,False,False,False
0,958,4,OP_004,44,92,1,0,0,False,True,False
0,959,45,OP_045,45,12,0,0,0,False,False,False
0,960,1,OP_001,43,44,45,0,0,False,False,False
0,961,3,OP_003,"[44, 45]","[74, 96]",None,None,2,False,False,False
0,962,1,OP_001,43,44,45,0,0,False,False,False
0,963,3,OP_003,"[44, 45]","[97, 6]",None,None,2,False,False,False
0,964,1,OP_001,43,44,45,0,0,False,False,False
0,965,3,OP_003,"[44, 45]","[68, 191]",None,None,2,False,False,False
0,966,1,OP_001,43,44,45,0,0,False,False,False
0,967,2,OP_002,43,0,0,0,0,False,False,False
0,968,15,OP_015,40,4,1,0,0,False,False,False
0,969,9,OP_009,40,39,19,0,0,False,False,False
0,970,0,OP_000,42,90,43,0,0,False,True,False
0,971,5,OP_005,40,40,42,0,0,False,False,False
0,972,6,OP_006,"[40, 41]",None,None,None,3,False,False,False
0,973,8,OP_008,42,192,48,0,0,False,False,False
0,974,10,OP_010,43,91,41,0,0,False,False,False
0,975,0,OP_000,44,92,43,0,0,False,True,False
0,976,45,OP_045,45,13,0,0,0,False,False,False
0,977,1,OP_001,43,44,45,0,0,False,False,False
0,978,3,OP_003,"[44, 45]","[74, 96]",None,None,2,False,False,False
0,979,1,OP_001,43,44,45,0,0,False,False,False
0,980,3,OP_003,"[44, 45]","[97, 6]",None,None,2,False,False,False
0,981,1,OP_001,43,44,45,0,0,False,False,False
0,982,3,OP_003,"[44, 45]","[68, 194]",None,None,2,False,False,False
0,983,1,OP_001,43,44,45,0,0,False,False,False
0,984,2,OP_002,43,0,0,0,0,False,False,False
0,985,15,OP_015,40,4,1,0,0,False,False,False
0,986,9,OP_009,40,39,19,0,0,False,False,False
0,987,0,OP_000,42,90,43,0,0,False,True,False
0,988,5,OP_005,40,40,42,0,0,False,False,False
0,989,6,OP_006,"[40, 41]",None,None,None,3,False,False,False
0,990,8,OP_008,42,195,35,0,0,False,False,False
0,991,10,OP_010,43,50,57,0,0,False,False,False
0,992,0,OP_000,44,92,43,0,0,False,True,False
0,993,45,OP_045,45,14,0,0,0,False,False,False
0,994,1,OP_001,43,44,45,0,0,False,False,False
0,995,3,OP_003,"[44, 45]","[74, 96]",None,None,2,False,False,False
0,996,16,OP_016,369,2,0,0,0,False,False,False
0,997,135,OP_135,0,44,40,369,0,False,False,False
0,998,1,OP_001,43,44,45,0,0,False,False,False
0,999,3,OP_003,"[44, 45]","[97, 4]",None,None,2,False,False,False
0,1000,1,OP_001,43,44,45,0,0,False,False,False
0,1001,3,OP_003,"[44, 45]","[68, 202]",None,None,2,False,False,False
0,1002,1,OP_001,43,44,45,0,0,False,False,False
0,1003,2,OP_002,43,0,0,0,0,False,False,False
0,1004,15,OP_015,40,4,1,0,0,False,False,False
0,1005,16,OP_016,371,2,0,0,0,False,False,False
0,1006,136,OP_136,87,39,38,371,0,False,False,False
0,1007,21,OP_021,40,39,95,0,0,False,False,False
0,1008,0,OP_000,42,119,43,0,0,False,True,False
0,1009,5,OP_005,40,40,42,0,0,False,False,False
0,1010,6,OP_006,"[40, 41]",None,None,None,3,False,False,False
0,1011,8,OP_008,42,203,41,0,0,False,False,False
0,1012,32,OP_032,43,15,0,0,0,False,False,False
0,1013,2,OP_002,43,0,0,0,0,False,False,False
0,1014,15,OP_015,40,4,1,0,0,False,False,False
0,1015,30,OP_030,40,6,1,0,0,False,False,False
0,1016,14,OP_014,41,31,0,0,0,False,False,False
0,1017,29,OP_029,40,41,36,0,0,False,False,False
0,1018,30,OP_030,41,2,71,0,0,False,False,False
0,1019,14,OP_014,42,32,0,0,0,False,False,False
0,1020,29,OP_029,41,42,45,0,0,False,False,False
0,1021,30,OP_030,42,31,22,0,0,False,False,False
0,1022,49,OP_049,43,33,26,0,0,False,False,False
0,1023,29,OP_029,42,43,68,0,0,False,False,False
0,1024,30,OP_030,43,94,50,0,0,False,False,False
0,1025,49,OP_049,44,34,23,0,0,False,False,False
0,1026,29,OP_029,43,44,86,0,0,False,False,False
0,1027,16,OP_016,372,2,0,0,0,False,False,False
0,1028,137,OP_137,24,39,2,372,0,False,False,False
0,1029,21,OP_021,44,39,34,0,0,False,False,False
0,1030,0,OP_000,46,71,43,0,0,False,True,False
0,1031,5,OP_005,44,44,46,0,0,False,False,False
0,1032,6,OP_006,"[44, 45]",None,None,None,3,False,False,False
0,1033,8,OP_008,46,205,11,0,0,False,False,False
0,1034,10,OP_010,47,13,81,0,0,False,False,False
0,1035,3,OP_003,"[48, 49]","[68, 206]",None,None,2,False,False,False
0,1036,16,OP_016,374,2,0,0,0,False,False,False
0,1037,139,OP_139,47,123,49,374,0,False,False,False
0,1038,1,OP_001,47,48,49,0,0,False,False,False
0,1039,3,OP_003,"[48, 49]","[74, 6]",None,None,2,False,False,False
0,1040,16,OP_016,376,2,0,0,0,False,False,False
0,1041,146,OP_146,47,58,49,376,0,False,False,False
0,1042,1,OP_001,47,48,49,0,0,False,False,False
0,1043,3,OP_003,"[48, 49]","[83, 207]",None,None,2,False,False,False
0,1044,1,OP_001,47,48,49,0,0,False,False,False
0,1045,0,OP_000,48,75,43,0,0,False,True,False
0,1046,14,OP_014,49,35,0,0,0,False,False,False
0,1047,1,OP_001,47,48,49,0,0,False,False,False
0,1048,2,OP_002,47,0,0,0,0,False,False,False
0,1049,15,OP_015,44,4,1,0,0,False,False,False
0,1050,9,OP_009,44,39,19,0,0,False,False,False
0,1051,0,OP_000,46,71,43,0,0,False,True,False
0,1052,5,OP_005,44,44,46,0,0,False,False,False
0,1053,6,OP_006,"[44, 45]",None,None,None,3,False,False,False
0,1054,8,OP_008,46,208,96,0,0,False,False,False
0,1055,10,OP_010,47,9,33,0,0,False,False,False
0,1056,3,OP_003,"[48, 49]","[68, 209]",None,None,2,False,False,False
0,1057,1,OP_001,47,48,49,0,0,False,False,False
0,1058,3,OP_003,"[48, 49]","[74, 6]",None,None,2,False,False,False
0,1059,1,OP_001,47,48,49,0,0,False,False,False
0,1060,3,OP_003,"[48, 49]","[83, 210]",None,None,2,False,False,False
0,1061,1,OP_001,47,48,49,0,0,False,False,False
0,1062,0,OP_000,48,75,43,0,0,False,True,False
0,1063,14,OP_014,49,36,0,0,0,False,False,False
0,1064,1,OP_001,47,48,49,0,0,False,False,False
0,1065,2,OP_002,47,0,0,0,0,False,False,False
0,1066,15,OP_015,44,4,1,0,0,False,False,False
0,1067,9,OP_009,44,39,19,0,0,False,False,False
0,1068,0,OP_000,46,71,43,0,0,False,True,False
0,1069,5,OP_005,44,44,46,0,0,False,False,False
0,1070,6,OP_006,"[44, 45]",None,None,None,3,False,False,False
0,1071,8,OP_008,46,211,49,0,0,False,False,False
0,1072,10,OP_010,47,8,45,0,0,False,False,False
0,1073,3,OP_003,"[48, 49]","[68, 30]",None,None,2,False,False,False
0,1074,1,OP_001,47,48,49,0,0,False,False,False
0,1075,3,OP_003,"[48, 49]","[74, 6]",None,None,2,False,False,False
0,1076,1,OP_001,47,48,49,0,0,False,False,False
0,1077,3,OP_003,"[48, 49]","[83, 212]",None,None,2,False,False,False
0,1078,1,OP_001,47,48,49,0,0,False,False,False
0,1079,0,OP_000,48,75,43,0,0,False,True,False
0,1080,14,OP_014,49,37,0,0,0,False,False,False
0,1081,1,OP_001,47,48,49,0,0,False,False,False
0,1082,2,OP_002,47,0,0,0,0,False,False,False
0,1083,15,OP_015,44,4,1,0,0,False,False,False
0,1084,9,OP_009,44,35,19,0,0,False,False,False
0,1085,0,OP_000,46,71,43,0,0,False,True,False
0,1086,5,OP_005,44,44,46,0,0,False,False,False
0,1087,6,OP_006,"[44, 45]",None,None,None,3,False,False,False
0,1088,8,OP_008,46,213,98,0,0,False,False,False
0,1089,32,OP_032,47,16,0,0,0,False,False,False
0,1090,2,OP_002,47,0,0,0,0,False,False,False
0,1091,15,OP_015,44,4,1,0,0,False,False,False
0,1092,16,OP_016,378,2,0,0,0,False,False,False
0,1093,140,OP_140,112,35,0,378,0,False,False,False
0,1094,21,OP_021,44,35,50,0,0,False,False,False
0,1095,16,OP_016,379,2,0,0,0,False,False,False
0,1096,141,OP_141,46,41,18,379,0,False,False,False
0,1097,4,OP_004,46,119,44,0,0,False,True,False
0,1098,5,OP_005,44,44,46,0,0,False,False,False
0,1099,6,OP_006,"[44, 45]",None,None,None,3,False,False,False
0,1100,8,OP_008,46,215,10,0,0,False,False,False
0,1101,32,OP_032,47,17,0,0,0,False,False,False
0,1102,2,OP_002,47,0,0,0,0,False,False,False
0,1103,15,OP_015,44,4,1,0,0,False,False,False
0,1104,16,OP_016,381,2,0,0,0,False,False,False
0,1105,142,OP_142,-13,13,-14,381,0,False,False,False
0,1106,4,OP_004,44,6,6,0,0,False,True,False
0,1107,30,OP_030,45,72,81,0,0,False,False,False
0,1108,29,OP_029,45,44,95,0,0,False,False,False
0,1109,27,OP_027,"[44, 46]","[35, 45]",None,None,2,False,False,False
0,1110,0,OP_000,47,71,43,0,0,False,True,False
0,1111,5,OP_005,44,44,47,0,0,False,False,False
0,1112,6,OP_006,"[44, 45]",None,None,None,3,False,False,False
0,1113,9,OP_009,45,46,19,0,0,False,False,False
0,1114,8,OP_008,46,220,96,0,0,False,False,False
0,1115,10,OP_010,47,49,19,0,0,False,False,False
0,1116,3,OP_003,"[48, 49]","[68, 153]",None,None,2,False,False,False
0,1117,16,OP_016,382,2,0,0,0,False,False,False
0,1118,143,OP_143,47,-30,49,382,0,False,False,False
0,1119,1,OP_001,47,48,49,0,0,False,False,False
0,1120,3,OP_003,"[48, 49]","[83, 221]",None,None,2,False,False,False
0,1121,1,OP_001,47,48,49,0,0,False,False,False
0,1122,3,OP_003,"[48, 49]","[222, 223]",None,None,2,False,False,False
0,1123,1,OP_001,47,48,49,0,0,False,False,False
0,1124,3,OP_003,"[48, 49]","[74, 6]",None,None,2,False,False,False
0,1125,1,OP_001,47,48,49,0,0,False,False,False
0,1126,3,OP_003,"[48, 49]","[224, 6]",None,None,2,False,False,False
0,1127,1,OP_001,47,48,49,0,0,False,False,False
0,1128,3,OP_003,"[48, 49]","[225, 4]",None,None,2,False,False,False
0,1129,1,OP_001,47,48,49,0,0,False,False,False
0,1130,3,OP_003,"[48, 49]","[226, 6]",None,None,2,False,False,False
0,1131,1,OP_001,47,48,49,0,0,False,False,False
0,1132,16,OP_016,383,2,0,0,0,False,False,False
0,1133,144,OP_144,48,49,0,383,0,False,False,False
0,1134,4,OP_004,48,75,38,0,0,False,True,False
0,1135,14,OP_014,49,38,0,0,0,False,False,False
0,1136,1,OP_001,47,48,49,0,0,False,False,False
0,1137,2,OP_002,47,0,0,0,0,False,False,False
0,1138,15,OP_015,44,4,1,0,0,False,False,False
0,1139,0,OP_000,44,6,43,0,0,False,True,False
0,1140,30,OP_030,46,8,38,0,0,False,False,False
0,1141,29,OP_029,46,44,83,0,0,False,False,False
0,1142,27,OP_027,"[44, 47]","[35, 45]",None,None,2,False,False,False
0,1143,0,OP_000,48,71,43,0,0,False,True,False
0,1144,5,OP_005,44,44,48,0,0,False,False,False
0,1145,6,OP_006,"[44, 45]",None,None,None,3,False,False,False
0,1146,9,OP_009,45,47,19,0,0,False,False,False
0,1147,8,OP_008,47,227,18,0,0,False,False,False
0,1148,10,OP_010,48,9,72,0,0,False,False,False
0,1149,3,OP_003,"[49, 50]","[68, 228]",None,None,2,False,False,False
0,1150,1,OP_001,48,49,50,0,0,False,False,False
0,1151,3,OP_003,"[49, 50]","[83, 229]",None,None,2,False,False,False
0,1152,1,OP_001,48,49,50,0,0,False,False,False
0,1153,3,OP_003,"[49, 50]","[222, 223]",None,None,2,False,False,False
0,1154,16,OP_016,385,2,0,0,0,False,False,False
0,1155,145,OP_145,14,49,50,385,0,False,False,False
0,1156,1,OP_001,48,49,50,0,0,False,False,False
0,1157,3,OP_003,"[49, 50]","[74, 6]",None,None,2,False,False,False
0,1158,1,OP_001,48,49,50,0,0,False,False,False
0,1159,3,OP_003,"[49, 50]","[224, 6]",None,None,2,False,False,False
0,1160,1,OP_001,48,49,50,0,0,False,False,False
0,1161,3,OP_003,"[49, 50]","[225, 4]",None,None,2,False,False,False
0,1162,1,OP_001,48,49,50,0,0,False,False,False
0,1163,3,OP_003,"[49, 50]","[226, 6]",None,None,2,False,False,False
0,1164,1,OP_001,48,49,50,0,0,False,False,False
0,1165,0,OP_000,49,75,43,0,0,False,True,False
0,1166,14,OP_014,50,39,0,0,0,False,False,False
0,1167,1,OP_001,48,49,50,0,0,False,False,False
0,1168,2,OP_002,48,0,0,0,0,False,False,False
0,1169,15,OP_015,44,4,1,0,0,False,False,False
0,1170,17,OP_017,47,158,216,0,0,False,True,False
0,1171,0,OP_000,48,159,43,0,0,False,True,False
0,1172,7,OP_007,47,47,48,0,0,False,False,False
0,1173,2,OP_002,47,0,0,0,0,False,False,False
0,1174,49,OP_049,48,40,19,0,0,False,False,False
0,1175,2,OP_002,48,0,0,0,0,False,False,False
0,1176,22,OP_022,44,2,1,0,0,False,False,False
0,1177,27,OP_027,"[44, 47]","[35, 45]",None,None,2,False,False,False
0,1178,16,OP_016,387,2,0,0,0,False,False,False
0,1179,131,OP_131,48,91,5,387,0,False,False,False
0,1180,4,OP_004,48,117,29,0,0,False,True,False
0,1181,5,OP_005,44,44,48,0,0,False,False,False
0,1182,6,OP_006,"[44, 45]",None,None,None,3,False,False,False
0,1183,9,OP_009,45,47,19,0,0,False,False,False
0,1184,22,OP_022,44,2,1,0,0,False,False,False
0,1185,27,OP_027,"[44, 47]","[35, 45]",None,None,2,False,False,False
0,1186,0,OP_000,48,119,43,0,0,False,True,False
0,1187,5,OP_005,44,44,48,0,0,False,False,False
0,1188,6,OP_006,"[44, 45]",None,None,None,3,False,False,False
0,1189,9,OP_009,45,47,19,0,0,False,False,False
0,1190,8,OP_008,47,230,97,0,0,False,False,False
0,1191,32,OP_032,48,18,0,0,0,False,False,False
0,1192,2,OP_002,48,0,0,0,0,False,False,False
0,1193,15,OP_015,44,4,1,0,0,False,False,False
0,1194,27,OP_027,"[44, 47]","[35, 45]",None,None,2,False,False,False
0,1195,16,OP_016,390,2,0,0,0,False,False,False
0,1196,130,OP_130,-13,119,-16,390,0,False,False,False
0,1197,4,OP_004,48,119,91,0,0,False,True,False
0,1198,5,OP_005,44,44,48,0,0,False,False,False
0,1199,6,OP_006,"[44, 45]",None,None,None,3,False,False,False
0,1200,9,OP_009,45,47,19,0,0,False,False,False
0,1201,8,OP_008,47,233,68,0,0,False,False,False
0,1202,32,OP_032,48,19,0,0,0,False,False,False
0,1203,2,OP_002,48,0,0,0,0,False,False,False
0,1204,15,OP_015,44,4,1,0,0,False,False,False
0,1205,0,OP_000,44,6,43,0,0,False,True,False
0,1206,30,OP_030,47,36,51,0,0,False,False,False
0,1207,29,OP_029,47,44,93,0,0,False,False,False
0,1208,27,OP_027,"[44, 48]","[35, 45]",None,None,2,False,False,False
0,1209,0,OP_000,49,71,43,0,0,False,True,False
0,1210,5,OP_005,44,44,49,0,0,False,False,False
0,1211,6,OP_006,"[44, 45]",None,None,None,3,False,False,False
0,1212,9,OP_009,45,48,19,0,0,False,False,False
0,1213,8,OP_008,48,236,16,0,0,False,False,False
0,1214,10,OP_010,49,98,32,0,0,False,False,False
0,1215,3,OP_003,"[50, 51]","[68, 237]",None,None,2,False,False,False
0,1216,1,OP_001,49,50,51,0,0,False,False,False
0,1217,3,OP_003,"[50, 51]","[83, 238]",None,None,2,False,False,False
0,1218,1,OP_001,49,50,51,0,0,False,False,False
0,1219,3,OP_003,"[50, 51]","[222, 223]",None,None,2,False,False,False
0,1220,1,OP_001,49,50,51,0,0,False,False,False
0,1221,3,OP_003,"[50, 51]","[74, 6]",None,None,2,False,False,False
0,1222,1,OP_001,49,50,51,0,0,False,False,False
0,1223,3,OP_003,"[50, 51]","[224, 6]",None,None,2,False,False,False
0,1224,1,OP_001,49,50,51,0,0,False,False,False
0,1225,3,OP_003,"[50, 51]","[225, 4]",None,None,2,False,False,False
0,1226,1,OP_001,49,50,51,0,0,False,False,False
0,1227,3,OP_003,"[50, 51]","[226, 6]",None,None,2,False,False,False
0,1228,1,OP_001,49,50,51,0,0,False,False,False
0,1229,0,OP_000,50,75,43,0,0,False,True,False
0,1230,14,OP_014,51,41,0,0,0,False,False,False
0,1231,1,OP_001,49,50,51,0,0,False,False,False
0,1232,2,OP_002,49,0,0,0,0,False,False,False
0,1233,15,OP_015,44,4,1,0,0,False,False,False
0,1234,27,OP_027,"[44, 48]","[38, 45]",None,None,2,False,False,False
0,1235,0,OP_000,49,239,43,0,0,False,True,False
0,1236,5,OP_005,44,44,49,0,0,False,False,False
0,1237,6,OP_006,"[44, 45]",None,None,None,3,False,False,False
0,1238,9,OP_009,45,48,19,0,0,False,False,False
0,1239,10,OP_010,48,27,83,0,0,False,False,False
0,1240,10,OP_010,49,75,16,0,0,False,False,False
0,1241,0,OP_000,52,173,43,0,0,False,True,False
0,1242,7,OP_007,50,5,52,0,0,False,False,False
0,1243,0,OP_000,51,174,43,0,0,False,True,False
0,1244,70,OP_070,49,2,0,0,0,False,False,False
0,1245,71,OP_071,48,1,0,0,0,False,False,False
0,1246,2,OP_002,48,0,0,0,0,False,False,False
0,1247,23,OP_023,44,3,1,0,0,False,False,False
0,1248,27,OP_027,"[44, 48]","[39, 45]",None,None,2,False,False,False
0,1249,0,OP_000,49,239,43,0,0,False,True,False
0,1250,5,OP_005,44,44,49,0,0,False,False,False
0,1251,6,OP_006,"[44, 45]",None,None,None,3,False,False,False
0,1252,9,OP_009,45,48,19,0,0,False,False,False
0,1253,10,OP_010,48,48,57,0,0,False,False,False
0,1254,10,OP_010,49,9,99,0,0,False,False,False
0,1255,0,OP_000,52,173,43,0,0,False,True,False
0,1256,7,OP_007,50,5,52,0,0,False,False,False
0,1257,0,OP_000,51,175,43,0,0,False,True,False
0,1258,70,OP_070,49,2,0,0,0,False,False,False
0,1259,71,OP_071,48,1,0,0,0,False,False,False
0,1260,2,OP_002,48,0,0,0,0,False,False,False
0,1261,23,OP_023,44,3,1,0,0,False,False,False
0,1262,0,OP_000,48,55,43,0,0,False,True,False
0,1263,7,OP_007,44,23,48,0,0,False,False,False
0,1264,9,OP_009,48,45,19,0,0,False,False,False
0,1265,0,OP_000,49,58,43,0,0,False,True,False
0,1266,5,OP_005,44,44,49,0,0,False,False,False
0,1267,6,OP_006,"[44, 45]",None,None,None,3,False,False,False
0,1268,9,OP_009,45,48,19,0,0,False,False,False
0,1269,8,OP_008,48,55,94,0,0,False,False,False
0,1270,24,OP_024,44,3,2,0,0,False,False,False
0,1271,0,OP_000,49,55,43,0,0,False,True,False
0,1272,7,OP_007,48,23,49,0,0,False,False,False
0,1273,0,OP_000,50,61,43,0,0,False,True,False
0,1274,5,OP_005,48,48,50,0,0,False,False,False
0,1275,6,OP_006,"[48, 49]",None,None,None,3,False,False,False
0,1276,8,OP_008,50,240,95,0,0,False,False,False
0,1277,24,OP_024,48,3,2,0,0,False,False,False
0,1278,0,OP_000,50,55,43,0,0,False,True,False
0,1279,7,OP_007,49,23,50,0,0,False,False,False
0,1280,0,OP_000,51,61,43,0,0,False,True,False
0,1281,5,OP_005,49,49,51,0,0,False,False,False
0,1282,6,OP_006,"[49, 50]",None,None,None,3,False,False,False
0,1283,8,OP_008,51,241,64,0,0,False,False,False
0,1284,24,OP_024,49,3,2,0,0,False,False,False
0,1285,0,OP_000,51,55,43,0,0,False,True,False
0,1286,7,OP_007,50,23,51,0,0,False,False,False
0,1287,0,OP_000,52,61,43,0,0,False,True,False
0,1288,5,OP_005,50,50,52,0,0,False,False,False
0,1289,6,OP_006,"[50, 51]",None,None,None,3,False,False,False
0,1290,8,OP_008,52,242,38,0,0,False,False,False
0,1291,24,OP_024,50,3,2,0,0,False,False,False
0,1292,0,OP_000,52,55,43,0,0,False,True,False
0,1293,7,OP_007,51,23,52,0,0,False,False,False
0,1294,0,OP_000,53,61,43,0,0,False,True,False
0,1295,5,OP_005,51,51,53,0,0,False,False,False
0,1296,6,OP_006,"[51, 52]",None,None,None,3,False,False,False
0,1297,8,OP_008,53,243,30,0,0,False,False,False
0,1298,24,OP_024,51,3,2,0,0,False,False,False
0,1299,0,OP_000,53,55,43,0,0,False,True,False
0,1300,7,OP_007,52,23,53,0,0,False,False,False
0,1301,0,OP_000,54,58,43,0,0,False,True,False
0,1302,5,OP_005,52,52,54,0,0,False,False,False
0,1303,6,OP_006,"[52, 53]",None,None,None,3,False,False,False
0,1304,8,OP_008,54,244,39,0,0,False,False,False
0,1305,24,OP_024,52,3,2,0,0,False,False,False
0,1306,0,OP_000,54,55,43,0,0,False,True,False
0,1307,7,OP_007,53,23,54,0,0,False,False,False
0,1308,0,OP_000,55,58,43,0,0,False,True,False
0,1309,5,OP_005,53,53,55,0,0,False,False,False
0,1310,6,OP_006,"[53, 54]",None,None,None,3,False,False,False
0,1311,8,OP_008,55,245,12,0,0,False,False,False
0,1312,24,OP_024,53,3,2,0,0,False,False,False
0,1313,0,OP_000,55,55,43,0,0,False,True,False
0,1314,7,OP_007,54,23,55,0,0,False,False,False
0,1315,0,OP_000,56,58,43,0,0,False,True,False
0,1316,5,OP_005,54,54,56,0,0,False,False,False
0,1317,6,OP_006,"[54, 55]",None,None,None,3,False,False,False
0,1318,8,OP_008,56,246,25,0,0,False,False,False
0,1319,24,OP_024,54,3,2,0,0,False,False,False
0,1320,0,OP_000,56,55,43,0,0,False,True,False
0,1321,7,OP_007,55,23,56,0,0,False,False,False
0,1322,0,OP_000,57,61,43,0,0,False,True,False
0,1323,5,OP_005,55,55,57,0,0,False,False,False
0,1324,6,OP_006,"[55, 56]",None,None,None,3,False,False,False
0,1325,8,OP_008,57,247,61,0,0,False,False,False
0,1326,24,OP_024,55,3,2,0,0,False,False,False
0,1327,30,OP_030,56,41,31,0,0,False,False,False
0,1328,14,OP_014,57,42,0,0,0,False,False,False
0,1329,29,OP_029,56,57,1,0,0,False,False,False
0,1330,30,OP_030,57,91,77,0,0,False,False,False
0,1331,49,OP_049,58,43,39,0,0,False,False,False
0,1332,29,OP_029,57,58,43,0,0,False,False,False
0,1333,0,OP_000,58,248,43,0,0,False,True,False
0,1334,30,OP_030,59,76,59,0,0,False,False,False
0,1335,29,OP_029,59,58,70,0,0,False,False,False
0,1336,27,OP_027,"[58, 60]","[55, 59]",None,None,2,False,False,False
0,1337,0,OP_000,61,90,43,0,0,False,True,False
0,1338,5,OP_005,58,58,61,0,0,False,False,False
0,1339,6,OP_006,"[58, 59]",None,None,None,3,False,False,False
0,1340,9,OP_009,59,60,19,0,0,False,False,False
0,1341,8,OP_008,60,249,63,0,0,False,False,False
0,1342,10,OP_010,61,76,91,0,0,False,False,False
0,1343,0,OP_000,62,92,43,0,0,False,True,False
0,1344,45,OP_045,63,20,0,0,0,False,False,False
0,1345,1,OP_001,61,62,63,0,0,False,False,False
0,1346,3,OP_003,"[62, 63]","[74, 96]",None,None,2,False,False,False
0,1347,1,OP_001,61,62,63,0,0,False,False,False
0,1348,3,OP_003,"[62, 63]","[97, 6]",None,None,2,False,False,False
0,1349,1,OP_001,61,62,63,0,0,False,False,False
0,1350,3,OP_003,"[62, 63]","[68, 254]",None,None,2,False,False,False
0,1351,1,OP_001,61,62,63,0,0,False,False,False
0,1352,0,OP_000,62,75,43,0,0,False,True,False
0,1353,14,OP_014,63,44,0,0,0,False,False,False
0,1354,1,OP_001,61,62,63,0,0,False,False,False
0,1355,2,OP_002,61,0,0,0,0,False,False,False
0,1356,15,OP_015,58,4,1,0,0,False,False,False
0,1357,27,OP_027,"[58, 60]","[55, 59]",None,None,2,False,False,False
0,1358,0,OP_000,61,67,43,0,0,False,True,False
0,1359,5,OP_005,58,58,61,0,0,False,False,False
0,1360,6,OP_006,"[58, 59]",None,None,None,3,False,False,False
0,1361,9,OP_009,59,60,19,0,0,False,False,False
0,1362,10,OP_010,60,83,96,0,0,False,False,False
0,1363,3,OP_003,"[61, 62]","[68, 255]",None,None,2,False,False,False
0,1364,1,OP_001,60,61,62,0,0,False,False,False
0,1365,3,OP_003,"[61, 62]","[256, 6]",None,None,2,False,False,False
0,1366,1,OP_001,60,61,62,0,0,False,False,False
0,1367,0,OP_000,61,70,43,0,0,False,True,False
0,1368,14,OP_014,62,45,0,0,0,False,False,False
0,1369,1,OP_001,60,61,62,0,0,False,False,False
0,1370,2,OP_002,60,0,0,0,0,False,False,False
0,1371,23,OP_023,58,3,1,0,0,False,False,False
0,1372,27,OP_027,"[58, 60]","[55, 59]",None,None,2,False,False,False
0,1373,0,OP_000,61,67,43,0,0,False,True,False
0,1374,5,OP_005,58,58,61,0,0,False,False,False
0,1375,6,OP_006,"[58, 59]",None,None,None,3,False,False,False
0,1376,9,OP_009,59,60,19,0,0,False,False,False
0,1377,10,OP_010,60,69,25,0,0,False,False,False
0,1378,3,OP_003,"[61, 62]","[68, 257]",None,None,2,False,False,False
0,1379,1,OP_001,60,61,62,0,0,False,False,False
0,1380,3,OP_003,"[61, 62]","[256, 6]",None,None,2,False,False,False
0,1381,1,OP_001,60,61,62,0,0,False,False,False
0,1382,0,OP_000,61,70,43,0,0,False,True,False
0,1383,14,OP_014,62,46,0,0,0,False,False,False
0,1384,1,OP_001,60,61,62,0,0,False,False,False
0,1385,2,OP_002,60,0,0,0,0,False,False,False
0,1386,23,OP_023,58,3,1,0,0,False,False,False
0,1387,27,OP_027,"[58, 60]","[54, 59]",None,None,2,False,False,False
0,1388,0,OP_000,61,67,43,0,0,False,True,False
0,1389,5,OP_005,58,58,61,0,0,False,False,False
0,1390,6,OP_006,"[58, 59]",None,None,None,3,False,False,False
0,1391,9,OP_009,59,60,19,0,0,False,False,False
0,1392,10,OP_010,60,71,53,0,0,False,False,False
0,1393,3,OP_003,"[61, 62]","[68, 258]",None,None,2,False,False,False
0,1394,1,OP_001,60,61,62,0,0,False,False,False
0,1395,3,OP_003,"[61, 62]","[256, 4]",None,None,2,False,False,False
0,1396,1,OP_001,60,61,62,0,0,False,False,False
0,1397,0,OP_000,61,70,43,0,0,False,True,False
0,1398,49,OP_049,62,47,38,0,0,False,False,False
0,1399,1,OP_001,60,61,62,0,0,False,False,False
0,1400,2,OP_002,60,0,0,0,0,False,False,False
0,1401,23,OP_023,58,3,1,0,0,False,False,False
0,1402,27,OP_027,"[58, 60]","[53, 59]",None,None,2,False,False,False
0,1403,0,OP_000,61,90,43,0,0,False,True,False
0,1404,5,OP_005,58,58,61,0,0,False,False,False
0,1405,6,OP_006,"[58, 59]",None,None,None,3,False,False,False
0,1406,9,OP_009,59,60,19,0,0,False,False,False
0,1407,8,OP_008,60,259,1,0,0,False,False,False
0,1408,10,OP_010,61,37,62,0,0,False,False,False
0,1409,0,OP_000,62,92,43,0,0,False,True,False
0,1410,45,OP_045,63,21,0,0,0,False,False,False
0,1411,1,OP_001,61,62,63,0,0,False,False,False
0,1412,3,OP_003,"[62, 63]","[74, 38]",None,None,2,False,False,False
0,1413,1,OP_001,61,62,63,0,0,False,False,False
0,1414,3,OP_003,"[62, 63]","[97, 6]",None,None,2,False,False,False
0,1415,1,OP_001,61,62,63,0,0,False,False,False
0,1416,3,OP_003,"[62, 63]","[68, 268]",None,None,2,False,False,False
0,1417,1,OP_001,61,62,63,0,0,False,False,False
0,1418,0,OP_000,62,75,43,0,0,False,True,False
0,1419,49,OP_049,63,48,9,0,0,False,False,False
0,1420,1,OP_001,61,62,63,0,0,False,False,False
0,1421,2,OP_002,61,0,0,0,0,False,False,False
0,1422,15,OP_015,58,4,1,0,0,False,False,False
0,1423,9,OP_009,58,58,92,0,0,False,False,False
0,1424,30,OP_030,60,53,87,0,0,False,False,False
0,1425,29,OP_029,60,58,1,0,0,False,False,False
0,1426,27,OP_027,"[58, 61]","[53, 59]",None,None,2,False,False,False
0,1427,0,OP_000,62,71,43,0,0,False,True,False
0,1428,5,OP_005,58,58,62,0,0,False,False,False
0,1429,6,OP_006,"[58, 59]",None,None,None,3,False,False,False
0,1430,9,OP_009,59,61,19,0,0,False,False,False
0,1431,8,OP_008,61,269,72,0,0,False,False,False
0,1432,10,OP_010,62,72,61,0,0,False,False,False
0,1433,3,OP_003,"[63, 64]","[68, 245]",None,None,2,False,False,False
0,1434,1,OP_001,62,63,64,0,0,False,False,False
0,1435,3,OP_003,"[63, 64]","[74, 6]",None,None,2,False,False,False
0,1436,1,OP_001,62,63,64,0,0,False,False,False
0,1437,3,OP_003,"[63, 64]","[83, 270]",None,None,2,False,False,False
0,1438,1,OP_001,62,63,64,0,0,False,False,False
0,1439,0,OP_000,63,75,43,0,0,False,True,False
0,1440,14,OP_014,64,49,0,0,0,False,False,False
0,1441,1,OP_001,62,63,64,0,0,False,False,False
0,1442,2,OP_002,62,0,0,0,0,False,False,False
0,1443,15,OP_015,58,4,1,0,0,False,False,False
0,1444,27,OP_027,"[58, 61]","[52, 59]",None,None,2,False,False,False
0,1445,0,OP_000,62,65,43,0,0,False,True,False
0,1446,5,OP_005,58,58,62,0,0,False,False,False
0,1447,6,OP_006,"[58, 59]",None,None,None,3,False,False,False
0,1448,9,OP_009,59,61,19,0,0,False,False,False
0,1449,8,OP_008,61,271,47,0,0,False,False,False
0,1450,23,OP_023,58,3,1,0,0,False,False,False
0,1451,27,OP_027,"[58, 61]","[52, 59]",None,None,2,False,False,False
0,1452,0,OP_000,62,117,43,0,0,False,True,False
0,1453,5,OP_005,58,58,62,0,0,False,False,False
0,1454,6,OP_006,"[58, 59]",None,None,None,3,False,False,False
0,1455,9,OP_009,59,61,19,0,0,False,False,False
0,1456,22,OP_022,58,2,1,0,0,False,False,False
0,1457,27,OP_027,"[58, 61]","[52, 59]",None,None,2,False,False,False
0,1458,0,OP_000,62,90,43,0,0,False,True,False
0,1459,5,OP_005,58,58,62,0,0,False,False,False
0,1460,6,OP_006,"[58, 59]",None,None,None,3,False,False,False
0,1461,9,OP_009,59,61,19,0,0,False,False,False
0,1462,8,OP_008,61,272,86,0,0,False,False,False
0,1463,10,OP_010,62,98,18,0,0,False,False,False
0,1464,0,OP_000,63,92,43,0,0,False,True,False
0,1465,45,OP_045,64,22,0,0,0,False,False,False
0,1466,1,OP_001,62,63,64,0,0,False,False,False
0,1467,3,OP_003,"[63, 64]","[74, 38]",None,None,2,False,False,False
0,1468,1,OP_001,62,63,64,0,0,False,False,False
0,1469,3,OP_003,"[63, 64]","[97, 6]",None,None,2,False,False,False
0,1470,1,OP_001,62,63,64,0,0,False,False,False
0,1471,3,OP_003,"[63, 64]","[68, 274]",None,None,2,False,False,False
0,1472,1,OP_001,62,63,64,0,0,False,False,False
0,1473,0,OP_000,63,75,43,0,0,False,True,False
0,1474,49,OP_049,64,50,26,0,0,False,False,False
0,1475,1,OP_001,62,63,64,0,0,False,False,False
0,1476,2,OP_002,62,0,0,0,0,False,False,False
0,1477,15,OP_015,58,4,1,0,0,False,False,False
0,1478,27,OP_027,"[58, 61]","[52, 59]",None,None,2,False,False,False
0,1479,0,OP_000,62,67,43,0,0,False,True,False
0,1480,5,OP_005,58,58,62,0,0,False,False,False
0,1481,6,OP_006,"[58, 59]",None,None,None,3,False,False,False
0,1482,9,OP_009,59,61,19,0,0,False,False,False
0,1483,10,OP_010,61,5,16,0,0,False,False,False
0,1484,3,OP_003,"[62, 63]","[68, 275]",None,None,2,False,False,False
0,1485,1,OP_001,61,62,63,0,0,False,False,False
0,1486,0,OP_000,62,70,43,0,0,False,True,False
0,1487,14,OP_014,63,51,0,0,0,False,False,False
0,1488,1,OP_001,61,62,63,0,0,False,False,False
0,1489,2,OP_002,61,0,0,0,0,False,False,False
0,1490,23,OP_023,58,3,1,0,0,False,False,False
0,1491,27,OP_027,"[58, 61]","[52, 59]",None,None,2,False,False,False
0,1492,0,OP_000,62,67,43,0,0,False,True,False
0,1493,5,OP_005,58,58,62,0,0,False,False,False
0,1494,6,OP_006,"[58, 59]",None,None,None,3,False,False,False
0,1495,9,OP_009,59,61,19,0,0,False,False,False
0,1496,10,OP_010,61,67,59,0,0,False,False,False
0,1497,3,OP_003,"[62, 63]","[68, 276]",None,None,2,False,False,False
0,1498,1,OP_001,61,62,63,0,0,False,False,False
0,1499,0,OP_000,62,70,43,0,0,False,True,False
0,1500,14,OP_014,63,52,0,0,0,False,False,False
0,1501,1,OP_001,61,62,63,0,0,False,False,False
0,1502,2,OP_002,61,0,0,0,0,False,False,False
0,1503,23,OP_023,58,3,1,0,0,False,False,False
0,1504,0,OP_000,58,6,43,0,0,False,True,False
0,1505,30,OP_030,61,84,37,0,0,False,False,False
0,1506,29,OP_029,61,58,22,0,0,False,False,False
0,1507,10,OP_010,58,56,85,0,0,False,False,False
0,1508,30,OP_030,62,7,86,0,0,False,False,False
0,1509,29,OP_029,62,58,66,0,0,False,False,False
0,1510,27,OP_027,"[58, 63]","[51, 59]",None,None,2,False,False,False
0,1511,0,OP_000,64,71,43,0,0,False,True,False
0,1512,5,OP_005,58,58,64,0,0,False,False,False
0,1513,6,OP_006,"[58, 59]",None,None,None,3,False,False,False
0,1514,9,OP_009,59,63,19,0,0,False,False,False
0,1515,8,OP_008,63,277,68,0,0,False,False,False
0,1516,10,OP_010,64,66,77,0,0,False,False,False
0,1517,3,OP_003,"[65, 66]","[68, 278]",None,None,2,False,False,False
0,1518,1,OP_001,64,65,66,0,0,False,False,False
0,1519,3,OP_003,"[65, 66]","[74, 6]",None,None,2,False,False,False
0,1520,1,OP_001,64,65,66,0,0,False,False,False
0,1521,3,OP_003,"[65, 66]","[83, 270]",None,None,2,False,False,False
0,1522,1,OP_001,64,65,66,0,0,False,False,False
0,1523,0,OP_000,65,75,43,0,0,False,True,False
0,1524,14,OP_014,66,53,0,0,0,False,False,False
0,1525,1,OP_001,64,65,66,0,0,False,False,False
0,1526,2,OP_002,64,0,0,0,0,False,False,False
0,1527,15,OP_015,58,4,1,0,0,False,False,False
0,1528,0,OP_000,58,6,43,0,0,False,True,False
0,1529,30,OP_030,63,26,20,0,0,False,False,False
0,1530,29,OP_029,63,58,50,0,0,False,False,False
0,1531,27,OP_027,"[58, 64]","[50, 59]",None,None,2,False,False,False
0,1532,0,OP_000,65,71,43,0,0,False,True,False
0,1533,5,OP_005,58,58,65,0,0,False,False,False
0,1534,6,OP_006,"[58, 59]",None,None,None,3,False,False,False
0,1535,9,OP_009,59,64,19,0,0,False,False,False
0,1536,8,OP_008,64,279,12,0,0,False,False,False
0,1537,10,OP_010,65,19,76,0,0,False,False,False
0,1538,3,OP_003,"[66, 67]","[68, 280]",None,None,2,False,False,False
0,1539,1,OP_001,65,66,67,0,0,False,False,False
0,1540,3,OP_003,"[66, 67]","[74, 6]",None,None,2,False,False,False
0,1541,1,OP_001,65,66,67,0,0,False,False,False
0,1542,3,OP_003,"[66, 67]","[83, 280]",None,None,2,False,False,False
0,1543,1,OP_001,65,66,67,0,0,False,False,False
0,1544,0,OP_000,66,75,43,0,0,False,True,False
0,1545,14,OP_014,67,54,0,0,0,False,False,False
0,1546,1,OP_001,65,66,67,0,0,False,False,False
0,1547,2,OP_002,65,0,0,0,0,False,False,False
0,1548,15,OP_015,58,4,1,0,0,False,False,False
0,1549,0,OP_000,58,6,43,0,0,False,True,False
0,1550,30,OP_030,64,12,51,0,0,False,False,False
0,1551,29,OP_029,64,58,51,0,0,False,False,False
0,1552,27,OP_027,"[58, 65]","[50, 59]",None,None,2,False,False,False
0,1553,0,OP_000,66,71,43,0,0,False,True,False
0,1554,5,OP_005,58,58,66,0,0,False,False,False
0,1555,6,OP_006,"[58, 59]",None,None,None,3,False,False,False
0,1556,9,OP_009,59,65,19,0,0,False,False,False
0,1557,8,OP_008,65,281,87,0,0,False,False,False
0,1558,10,OP_010,66,22,66,0,0,False,False,False
0,1559,3,OP_003,"[67, 68]","[68, 282]",None,None,2,False,False,False
0,1560,1,OP_001,66,67,68,0,0,False,False,False
0,1561,3,OP_003,"[67, 68]","[74, 6]",None,None,2,False,False,False
0,1562,1,OP_001,66,67,68,0,0,False,False,False
0,1563,3,OP_003,"[67, 68]","[83, 283]",None,None,2,False,False,False
0,1564,1,OP_001,66,67,68,0,0,False,False,False
0,1565,0,OP_000,67,75,43,0,0,False,True,False
0,1566,14,OP_014,68,55,0,0,0,False,False,False
0,1567,1,OP_001,66,67,68,0,0,False,False,False
0,1568,2,OP_002,66,0,0,0,0,False,False,False
0,1569,15,OP_015,58,4,1,0,0,False,False,False
0,1570,0,OP_000,58,6,43,0,0,False,True,False
0,1571,30,OP_030,65,66,98,0,0,False,False,False
0,1572,29,OP_029,65,58,28,0,0,False,False,False
0,1573,27,OP_027,"[58, 66]","[50, 59]",None,None,2,False,False,False
0,1574,0,OP_000,67,71,43,0,0,False,True,False
0,1575,5,OP_005,58,58,67,0,0,False,False,False
0,1576,6,OP_006,"[58, 59]",None,None,None,3,False,False,False
0,1577,9,OP_009,59,66,19,0,0,False,False,False
0,1578,8,OP_008,66,284,29,0,0,False,False,False
0,1579,10,OP_010,67,85,34,0,0,False,False,False
0,1580,3,OP_003,"[68, 69]","[68, 285]",None,None,2,False,False,False
0,1581,1,OP_001,67,68,69,0,0,False,False,False
0,1582,3,OP_003,"[68, 69]","[74, 6]",None,None,2,False,False,False
0,1583,1,OP_001,67,68,69,0,0,False,False,False
0,1584,3,OP_003,"[68, 69]","[83, 286]",None,None,2,False,False,False
0,1585,1,OP_001,67,68,69,0,0,False,False,False
0,1586,0,OP_000,68,75,43,0,0,False,True,False
0,1587,14,OP_014,69,56,0,0,0,False,False,False
0,1588,1,OP_001,67,68,69,0,0,False,False,False
0,1589,2,OP_002,67,0,0,0,0,False,False,False
0,1590,15,OP_015,58,4,1,0,0,False,False,False
0,1591,0,OP_000,58,6,43,0,0,False,True,False
0,1592,30,OP_030,66,76,97,0,0,False,False,False
0,1593,29,OP_029,66,58,48,0,0,False,False,False
0,1594,27,OP_027,"[58, 67]","[49, 59]",None,None,2,False,False,False
0,1595,0,OP_000,68,71,43,0,0,False,True,False
0,1596,5,OP_005,58,58,68,0,0,False,False,False
0,1597,6,OP_006,"[58, 59]",None,None,None,3,False,False,False
0,1598,9,OP_009,59,67,19,0,0,False,False,False
0,1599,8,OP_008,67,287,12,0,0,False,False,False
0,1600,10,OP_010,68,50,69,0,0,False,False,False
0,1601,3,OP_003,"[69, 70]","[68, 288]",None,None,2,False,False,False
0,1602,1,OP_001,68,69,70,0,0,False,False,False
0,1603,3,OP_003,"[69, 70]","[74, 6]",None,None,2,False,False,False
0,1604,1,OP_001,68,69,70,0,0,False,False,False
0,1605,3,OP_003,"[69, 70]","[83, 289]",None,None,2,False,False,False
0,1606,1,OP_001,68,69,70,0,0,False,False,False
0,1607,0,OP_000,69,75,43,0,0,False,True,False
0,1608,14,OP_014,70,57,0,0,0,False,False,False
0,1609,1,OP_001,68,69,70,0,0,False,False,False
0,1610,2,OP_002,68,0,0,0,0,False,False,False
0,1611,128,OP_128,4,58,1,0,0,False,False,False
0,1612,0,OP_000,58,6,43,0,0,False,True,False
0,1613,30,OP_030,67,13,77,0,0,False,False,False
0,1614,29,OP_029,67,58,3,0,0,False,False,False
0,1615,27,OP_027,"[58, 68]","[49, 59]",None,None,2,False,False,False
0,1616,0,OP_000,69,71,43,0,0,False,True,False
0,1617,5,OP_005,58,58,69,0,0,False,False,False
0,1618,6,OP_006,"[58, 59]",None,None,None,3,False,False,False
0,1619,9,OP_009,59,68,19,0,0,False,False,False
0,1620,8,OP_008,68,290,22,0,0,False,False,False
0,1621,10,OP_010,69,98,15,0,0,False,False,False
0,1622,3,OP_003,"[70, 71]","[68, 291]",None,None,2,False,False,False
0,1623,1,OP_001,69,70,71,0,0,False,False,False
0,1624,3,OP_003,"[70, 71]","[74, 6]",None,None,2,False,False,False
0,1625,1,OP_001,69,70,71,0,0,False,False,False
0,1626,3,OP_003,"[70, 71]","[83, 292]",None,None,2,False,False,False
0,1627,1,OP_001,69,70,71,0,0,False,False,False
0,1628,0,OP_000,70,75,43,0,0,False,True,False
0,1629,14,OP_014,71,58,0,0,0,False,False,False
0,1630,1,OP_001,69,70,71,0,0,False,False,False
0,1631,2,OP_002,69,0,0,0,0,False,False,False
0,1632,15,OP_015,58,4,1,0,0,False,False,False
0,1633,0,OP_000,58,6,43,0,0,False,True,False
0,1634,30,OP_030,68,73,8,0,0,False,False,False
0,1635,29,OP_029,68,58,22,0,0,False,False,False
0,1636,27,OP_027,"[58, 69]","[49, 59]",None,None,2,False,False,False
0,1637,0,OP_000,70,71,43,0,0,False,True,False
0,1638,5,OP_005,58,58,70,0,0,False,False,False
0,1639,6,OP_006,"[58, 59]",None,None,None,3,False,False,False
0,1640,9,OP_009,59,69,19,0,0,False,False,False
0,1641,8,OP_008,69,293,62,0,0,False,False,False
0,1642,10,OP_010,70,35,39,0,0,False,False,False
0,1643,3,OP_003,"[71, 72]","[68, 294]",None,None,2,False,False,False
0,1644,1,OP_001,70,71,72,0,0,False,False,False
0,1645,3,OP_003,"[71, 72]","[74, 6]",None,None,2,False,False,False
0,1646,1,OP_001,70,71,72,0,0,False,False,False
0,1647,3,OP_003,"[71, 72]","[83, 295]",None,None,2,False,False,False
0,1648,1,OP_001,70,71,72,0,0,False,False,False
0,1649,0,OP_000,71,75,43,0,0,False,True,False
0,1650,14,OP_014,72,59,0,0,0,False,False,False
0,1651,1,OP_001,70,71,72,0,0,False,False,False
0,1652,2,OP_002,70,0,0,0,0,False,False,False
0,1653,15,OP_015,58,4,1,0,0,False,False,False
0,1654,27,OP_027,"[58, 69]","[49, 59]",None,None,2,False,False,False
0,1655,0,OP_000,70,71,43,0,0,False,True,False
0,1656,5,OP_005,58,58,70,0,0,False,False,False
0,1657,6,OP_006,"[58, 59]",None,None,None,3,False,False,False
0,1658,9,OP_009,59,69,19,0,0,False,False,False
0,1659,8,OP_008,69,296,11,0,0,False,False,False
0,1660,10,OP_010,70,57,44,0,0,False,False,False
0,1661,3,OP_003,"[71, 72]","[68, 297]",None,None,2,False,False,False
0,1662,1,OP_001,70,71,72,0,0,False,False,False
0,1663,3,OP_003,"[71, 72]","[74, 6]",None,None,2,False,False,False
0,1664,1,OP_001,70,71,72,0,0,False,False,False
0,1665,0,OP_000,71,75,43,0,0,False,True,False
0,1666,14,OP_014,72,60,0,0,0,False,False,False
0,1667,1,OP_001,70,71,72,0,0,False,False,False
0,1668,2,OP_002,70,0,0,0,0,False,False,False
0,1669,15,OP_015,58,4,1,0,0,False,False,False
0,1670,27,OP_027,"[58, 69]","[49, 59]",None,None,2,False,False,False
0,1671,0,OP_000,70,117,43,0,0,False,True,False
0,1672,5,OP_005,58,58,70,0,0,False,False,False
0,1673,6,OP_006,"[58, 59]",None,None,None,3,False,False,False
0,1674,9,OP_009,59,69,19,0,0,False,False,False
0,1675,22,OP_022,58,2,1,0,0,False,False,False
0,1676,27,OP_027,"[58, 69]","[49, 59]",None,None,2,False,False,False
0,1677,0,OP_000,70,67,43,0,0,False,True,False
0,1678,5,OP_005,58,58,70,0,0,False,False,False
0,1679,6,OP_006,"[58, 59]",None,None,None,3,False,False,False
0,1680,9,OP_009,59,69,19,0,0,False,False,False
0,1681,10,OP_010,69,85,33,0,0,False,False,False
0,1682,3,OP_003,"[70, 71]","[68, 298]",None,None,2,False,False,False
0,1683,1,OP_001,69,70,71,0,0,False,False,False
0,1684,0,OP_000,70,70,43,0,0,False,True,False
0,1685,49,OP_049,71,61,23,0,0,False,False,False
0,1686,1,OP_001,69,70,71,0,0,False,False,False
0,1687,2,OP_002,69,0,0,0,0,False,False,False
0,1688,23,OP_023,58,3,1,0,0,False,False,False
0,1689,27,OP_027,"[58, 69]","[49, 59]",None,None,2,False,False,False
0,1690,0,OP_000,70,67,43,0,0,False,True,False
0,1691,5,OP_005,58,58,70,0,0,False,False,False
0,1692,6,OP_006,"[58, 59]",None,None,None,3,False,False,False
0,1693,9,OP_009,59,69,19,0,0,False,False,False
0,1694,10,OP_010,69,51,51,0,0,False,False,False
0,1695,3,OP_003,"[70, 71]","[68, 299]",None,None,2,False,False,False
0,1696,1,OP_001,69,70,71,0,0,False,False,False
0,1697,0,OP_000,70,70,43,0,0,False,True,False
0,1698,49,OP_049,71,62,90,0,0,False,False,False
0,1699,1,OP_001,69,70,71,0,0,False,False,False
0,1700,2,OP_002,69,0,0,0,0,False,False,False
0,1701,23,OP_023,58,3,1,0,0,False,False,False
0,1702,27,OP_027,"[58, 69]","[49, 59]",None,None,2,False,False,False
0,1703,0,OP_000,70,67,43,0,0,False,True,False
0,1704,5,OP_005,58,58,70,0,0,False,False,False
0,1705,6,OP_006,"[58, 59]",None,None,None,3,False,False,False
0,1706,9,OP_009,59,69,19,0,0,False,False,False
0,1707,10,OP_010,69,16,23,0,0,False,False,False
0,1708,3,OP_003,"[70, 71]","[68, 300]",None,None,2,False,False,False
0,1709,1,OP_001,69,70,71,0,0,False,False,False
0,1710,0,OP_000,70,70,43,0,0,False,True,False
0,1711,49,OP_049,71,63,24,0,0,False,False,False
0,1712,1,OP_001,69,70,71,0,0,False,False,False
0,1713,2,OP_002,69,0,0,0,0,False,False,False
0,1714,23,OP_023,58,3,1,0,0,False,False,False
0,1715,27,OP_027,"[58, 69]","[48, 59]",None,None,2,False,False,False
0,1716,0,OP_000,70,90,43,0,0,False,True,False
0,1717,5,OP_005,58,58,70,0,0,False,False,False
0,1718,6,OP_006,"[58, 59]",None,None,None,3,False,False,False
0,1719,9,OP_009,59,69,19,0,0,False,False,False
0,1720,8,OP_008,69,301,62,0,0,False,False,False
0,1721,10,OP_010,70,67,25,0,0,False,False,False
0,1722,0,OP_000,71,92,43,0,0,False,True,False
0,1723,45,OP_045,72,23,0,0,0,False,False,False
0,1724,1,OP_001,70,71,72,0,0,False,False,False
0,1725,3,OP_003,"[71, 72]","[74, 38]",None,None,2,False,False,False
0,1726,1,OP_001,70,71,72,0,0,False,False,False
0,1727,3,OP_003,"[71, 72]","[97, 6]",None,None,2,False,False,False
0,1728,1,OP_001,70,71,72,0,0,False,False,False
0,1729,3,OP_003,"[71, 72]","[68, 303]",None,None,2,False,False,False
0,1730,1,OP_001,70,71,72,0,0,False,False,False
0,1731,0,OP_000,71,75,43,0,0,False,True,False
0,1732,14,OP_014,72,64,0,0,0,False,False,False
0,1733,1,OP_001,70,71,72,0,0,False,False,False
0,1734,2,OP_002,70,0,0,0,0,False,False,False
0,1735,15,OP_015,58,4,1,0,0,False,False,False
0,1736,27,OP_027,"[58, 69]","[48, 59]",None,None,2,False,False,False
0,1737,0,OP_000,70,90,43,0,0,False,True,False
0,1738,5,OP_005,58,58,70,0,0,False,False,False
0,1739,6,OP_006,"[58, 59]",None,None,None,3,False,False,False
0,1740,9,OP_009,59,69,19,0,0,False,False,False
0,1741,8,OP_008,69,304,26,0,0,False,False,False
0,1742,10,OP_010,70,61,74,0,0,False,False,False
0,1743,0,OP_000,71,92,43,0,0,False,True,False
0,1744,45,OP_045,72,24,0,0,0,False,False,False
0,1745,1,OP_001,70,71,72,0,0,False,False,False
0,1746,3,OP_003,"[71, 72]","[74, 96]",None,None,2,False,False,False
0,1747,1,OP_001,70,71,72,0,0,False,False,False
0,1748,3,OP_003,"[71, 72]","[97, 6]",None,None,2,False,False,False
0,1749,1,OP_001,70,71,72,0,0,False,False,False
0,1750,3,OP_003,"[71, 72]","[68, 306]",None,None,2,False,False,False
0,1751,1,OP_001,70,71,72,0,0,False,False,False
0,1752,2,OP_002,70,0,0,0,0,False,False,False
0,1753,15,OP_015,58,4,1,0,0,False,False,False
0,1754,27,OP_027,"[58, 69]","[48, 59]",None,None,2,False,False,False
0,1755,0,OP_000,70,67,43,0,0,False,True,False
0,1756,5,OP_005,58,58,70,0,0,False,False,False
0,1757,6,OP_006,"[58, 59]",None,None,None,3,False,False,False
0,1758,9,OP_009,59,69,19,0,0,False,False,False
0,1759,10,OP_010,69,26,61,0,0,False,False,False
0,1760,3,OP_003,"[70, 71]","[68, 307]",None,None,2,False,False,False
0,1761,1,OP_001,69,70,71,0,0,False,False,False
0,1762,0,OP_000,70,70,43,0,0,False,True,False
0,1763,14,OP_014,71,65,0,0,0,False,False,False
0,1764,1,OP_001,69,70,71,0,0,False,False,False
0,1765,2,OP_002,69,0,0,0,0,False,False,False
0,1766,23,OP_023,58,3,1,0,0,False,False,False
0,1767,27,OP_027,"[58, 69]","[48, 59]",None,None,2,False,False,False
0,1768,0,OP_000,70,119,43,0,0,False,True,False
0,1769,5,OP_005,58,58,70,0,0,False,False,False
0,1770,6,OP_006,"[58, 59]",None,None,None,3,False,False,False
0,1771,9,OP_009,59,69,19,0,0,False,False,False
0,1772,8,OP_008,69,308,33,0,0,False,False,False
0,1773,32,OP_032,70,25,0,0,0,False,False,False
0,1774,2,OP_002,70,0,0,0,0,False,False,False
0,1775,15,OP_015,58,4,1,0,0,False,False,False
0,1776,0,OP_000,58,6,43,0,0,False,True,False
0,1777,30,OP_030,69,7,81,0,0,False,False,False
0,1778,29,OP_029,69,58,1,0,0,False,False,False
0,1779,27,OP_027,"[58, 70]","[48, 59]",None,None,2,False,False,False
0,1780,0,OP_000,71,71,43,0,0,False,True,False
0,1781,5,OP_005,58,58,71,0,0,False,False,False
0,1782,6,OP_006,"[58, 59]",None,None,None,3,False,False,False
0,1783,9,OP_009,59,70,19,0,0,False,False,False
0,1784,8,OP_008,70,309,58,0,0,False,False,False
0,1785,10,OP_010,71,44,82,0,0,False,False,False
0,1786,3,OP_003,"[72, 73]","[68, 310]",None,None,2,False,False,False
0,1787,1,OP_001,71,72,73,0,0,False,False,False
0,1788,3,OP_003,"[72, 73]","[74, 6]",None,None,2,False,False,False
0,1789,1,OP_001,71,72,73,0,0,False,False,False
0,1790,3,OP_003,"[72, 73]","[83, 311]",None,None,2,False,False,False
0,1791,1,OP_001,71,72,73,0,0,False,False,False
0,1792,0,OP_000,72,75,43,0,0,False,True,False
0,1793,14,OP_014,73,66,0,0,0,False,False,False
0,1794,1,OP_001,71,72,73,0,0,False,False,False
0,1795,2,OP_002,71,0,0,0,0,False,False,False
0,1796,15,OP_015,58,4,1,0,0,False,False,False
0,1797,0,OP_000,58,6,43,0,0,False,True,False
0,1798,30,OP_030,70,4,60,0,0,False,False,False
0,1799,29,OP_029,70,58,7,0,0,False,False,False
0,1800,0,OP_000,58,169,43,0,0,False,True,False
0,1801,30,OP_030,71,94,56,0,0,False,False,False
0,1802,29,OP_029,71,58,28,0,0,False,False,False
0,1803,9,OP_009,58,58,92,0,0,False,False,False
0,1804,30,OP_030,72,70,35,0,0,False,False,False
0,1805,29,OP_029,72,58,95,0,0,False,False,False
0,1806,75,OP_075,"[58, 73]",None,None,None,3,False,False,False
0,1807,30,OP_030,74,47,96,0,0,False,False,False
0,1808,29,OP_029,74,58,44,0,0,False,False,False
0,1809,30,OP_030,75,46,25,0,0,False,False,False
0,1810,29,OP_029,75,73,36,0,0,False,False,False
0,1811,9,OP_009,76,44,19,0,0,False,False,False
0,1812,0,OP_000,78,312,43,0,0,False,True,False
0,1813,32,OP_032,79,26,0,0,0,False,False,False
0,1814,0,OP_000,73,71,43,0,0,False,True,False
0,1815,36,OP_036,76,4,2,73,0,False,False,False
0,1816,27,OP_027,"[58, 73]","[76, 59]",None,None,2,False,False,False
0,1817,0,OP_000,76,314,43,0,0,False,True,False
0,1818,5,OP_005,58,58,76,0,0,False,False,False
0,1819,6,OP_006,"[58, 59]",None,None,None,3,False,False,False
0,1820,9,OP_009,59,73,19,0,0,False,False,False
0,1821,8,OP_008,73,315,98,0,0,False,False,False
0,1822,32,OP_032,76,27,0,0,0,False,False,False
0,1823,2,OP_002,76,0,0,0,0,False,False,False
0,1824,15,OP_015,58,4,1,0,0,False,False,False
0,1825,9,OP_009,58,58,92,0,0,False,False,False
0,1826,30,OP_030,73,31,31,0,0,False,False,False
0,1827,29,OP_029,73,58,61,0,0,False,False,False
0,1828,9,OP_009,76,44,19,0,0,False,False,False
0,1829,0,OP_000,78,320,43,0,0,False,True,False
0,1830,10,OP_010,79,76,58,0,0,False,False,False
0,1831,3,OP_003,"[80, 81]","[68, 320]",None,None,2,False,False,False
0,1832,1,OP_001,79,80,81,0,0,False,False,False
0,1833,3,OP_003,"[80, 81]","[74, 6]",None,None,2,False,False,False
0,1834,160,OP_160,79,80,81,235,0,False,False,False
0,1835,31,OP_031,80,75,28,297,0,False,True,False
0,1836,31,OP_031,81,67,0,236,0,False,False,False
0,1837,31,OP_031,79,80,81,212,0,False,False,False
0,1838,31,OP_031,80,71,85,107,0,False,True,False
0,1839,36,OP_036,76,4,2,80,0,False,False,False
0,1840,27,OP_027,"[58, 76]","[76, 59]",None,None,2,False,False,False
0,1841,0,OP_000,77,314,43,0,0,False,True,False
0,1842,5,OP_005,58,58,77,0,0,False,False,False
0,1843,6,OP_006,"[58, 59]",None,None,None,3,False,False,False
0,1844,9,OP_009,59,76,19,0,0,False,False,False
0,1845,8,OP_008,76,321,72,0,0,False,False,False
0,1846,32,OP_032,77,28,0,0,0,False,False,False
0,1847,2,OP_002,77,0,0,0,0,False,False,False
0,1848,15,OP_015,58,4,1,0,0,False,False,False
0,1849,27,OP_027,"[58, 76]","[44, 59]",None,None,2,False,False,False
0,1850,0,OP_000,77,119,43,0,0,False,True,False
0,1851,5,OP_005,58,58,77,0,0,False,False,False
0,1852,6,OP_006,"[58, 59]",None,None,None,3,False,False,False
0,1853,9,OP_009,59,76,19,0,0,False,False,False
0,1854,8,OP_008,76,324,29,0,0,False,False,False
0,1855,32,OP_032,77,29,0,0,0,False,False,False
0,1856,2,OP_002,77,0,0,0,0,False,False,False
0,1857,15,OP_015,58,4,1,0,0,False,False,False
0,1858,50,OP_050,58,15,29,0,0,False,False,False
0,1859,26,OP_026,58,1861,46,0,0,False,False,False
0,1860,4,OP_004,394,1074,93,0,0,False,False,False
0,1861,35,OP_035,394,0,33,0,0,False,False,False
0,1862,50,OP_050,58,15,27,0,0,False,False,False
0,1863,0,OP_000,76,326,43,0,0,False,True,False
0,1864,7,OP_007,58,58,76,0,0,False,False,False
0,1865,9,OP_009,76,44,19,0,0,False,False,False
0,1866,0,OP_000,78,327,43,0,0,False,True,False
0,1867,10,OP_010,79,77,3,0,0,False,False,False
0,1868,3,OP_003,"[80, 81]","[68, 326]",None,None,2,False,False,False
0,1869,1,OP_001,79,80,81,0,0,False,False,False
0,1870,3,OP_003,"[80, 81]","[74, 6]",None,None,2,False,False,False
0,1871,1,OP_001,79,80,81,0,0,False,False,False
0,1872,3,OP_003,"[80, 81]","[83, 328]",None,None,2,False,False,False
0,1873,1,OP_001,79,80,81,0,0,False,False,False
0,1874,0,OP_000,80,75,43,0,0,False,True,False
0,1875,14,OP_014,81,68,0,0,0,False,False,False
0,1876,1,OP_001,79,80,81,0,0,False,False,False
0,1877,0,OP_000,80,71,43,0,0,False,True,False
0,1878,36,OP_036,76,4,2,80,0,False,False,False
0,1879,0,OP_000,78,314,43,0,0,False,True,False
0,1880,5,OP_005,76,76,78,0,0,False,False,False
0,1881,6,OP_006,"[76, 77]",None,None,None,3,False,False,False
0,1882,8,OP_008,78,329,81,0,0,False,False,False
0,1883,32,OP_032,79,30,0,0,0,False,False,False
0,1884,2,OP_002,79,0,0,0,0,False,False,False
0,1885,15,OP_015,76,4,1,0,0,False,False,False
0,1886,9,OP_009,76,44,19,0,0,False,False,False
0,1887,0,OP_000,78,119,43,0,0,False,True,False
0,1888,5,OP_005,76,76,78,0,0,False,False,False
0,1889,6,OP_006,"[76, 77]",None,None,None,3,False,False,False
0,1890,8,OP_008,78,332,94,0,0,False,False,False
0,1891,32,OP_032,79,31,0,0,0,False,False,False
0,1892,2,OP_002,79,0,0,0,0,False,False,False
0,1893,15,OP_015,76,4,1,0,0,False,False,False
0,1894,9,OP_009,76,44,19,0,0,False,False,False
0,1895,0,OP_000,78,71,43,0,0,False,True,False
0,1896,5,OP_005,76,76,78,0,0,False,False,False
0,1897,6,OP_006,"[76, 77]",None,None,None,3,False,False,False
0,1898,8,OP_008,78,335,35,0,0,False,False,False
0,1899,32,OP_032,79,32,0,0,0,False,False,False
0,1900,2,OP_002,79,0,0,0,0,False,False,False
0,1901,15,OP_015,76,4,1,0,0,False,False,False
0,1902,30,OP_030,76,57,95,0,0,False,False,False
0,1903,14,OP_014,77,69,0,0,0,False,False,False
0,1904,29,OP_029,76,77,50,0,0,False,False,False
0,1905,30,OP_030,77,76,22,0,0,False,False,False
0,1906,14,OP_014,78,70,0,0,0,False,False,False
0,1907,29,OP_029,77,78,94,0,0,False,False,False
0,1908,0,OP_000,79,312,43,0,0,False,True,False
0,1909,7,OP_007,78,6,79,0,0,False,False,False
0,1910,0,OP_000,80,338,43,0,0,False,True,False
0,1911,5,OP_005,78,78,80,0,0,False,False,False
0,1912,6,OP_006,"[78, 79]",None,None,None,3,False,False,False
0,1913,14,OP_014,80,71,0,0,0,False,False,False
0,1914,2,OP_002,80,0,0,0,0,False,False,False
0,1915,23,OP_023,78,3,1,0,0,False,False,False
0,1916,0,OP_000,79,315,43,0,0,False,True,False
0,1917,7,OP_007,78,5,79,0,0,False,False,False
0,1918,0,OP_000,80,339,43,0,0,False,True,False
0,1919,5,OP_005,78,78,80,0,0,False,False,False
0,1920,6,OP_006,"[78, 79]",None,None,None,3,False,False,False
0,1921,14,OP_014,80,72,0,0,0,False,False,False
0,1922,2,OP_002,80,0,0,0,0,False,False,False
0,1923,23,OP_023,78,3,1,0,0,False,False,False
0,1924,0,OP_000,79,324,43,0,0,False,True,False
0,1925,7,OP_007,78,5,79,0,0,False,False,False
0,1926,0,OP_000,80,338,43,0,0,False,True,False
0,1927,5,OP_005,78,78,80,0,0,False,False,False
0,1928,6,OP_006,"[78, 79]",None,None,None,3,False,False,False
0,1929,14,OP_014,80,73,0,0,0,False,False,False
0,1930,2,OP_002,80,0,0,0,0,False,False,False
0,1931,23,OP_023,78,3,1,0,0,False,False,False
0,1932,0,OP_000,79,340,43,0,0,False,True,False
0,1933,7,OP_007,78,10,79,0,0,False,False,False
0,1934,0,OP_000,80,22,43,0,0,False,True,False
0,1935,5,OP_005,78,78,80,0,0,False,False,False
0,1936,6,OP_006,"[78, 79]",None,None,None,3,False,False,False
0,1937,14,OP_014,80,74,0,0,0,False,False,False
0,1938,2,OP_002,80,0,0,0,0,False,False,False
0,1939,23,OP_023,78,3,1,0,0,False,False,False
0,1940,0,OP_000,79,54,43,0,0,False,True,False
0,1941,7,OP_007,78,23,79,0,0,False,False,False
0,1942,0,OP_000,80,58,43,0,0,False,True,False
0,1943,5,OP_005,78,78,80,0,0,False,False,False
0,1944,6,OP_006,"[78, 79]",None,None,None,3,False,False,False
0,1945,8,OP_008,80,341,15,0,0,False,False,False
0,1946,24,OP_024,78,3,2,0,0,False,False,False
0,1947,9,OP_009,79,78,19,0,0,False,False,False
0,1948,0,OP_000,81,71,43,0,0,False,True,False
0,1949,5,OP_005,79,79,81,0,0,False,False,False
0,1950,6,OP_006,"[79, 80]",None,None,None,3,False,False,False
0,1951,8,OP_008,81,342,27,0,0,False,False,False
0,1952,10,OP_010,82,30,63,0,0,False,False,False
0,1953,3,OP_003,"[83, 84]","[68, 343]",None,None,2,False,False,False
0,1954,1,OP_001,82,83,84,0,0,False,False,False
0,1955,3,OP_003,"[83, 84]","[74, 6]",None,None,2,False,False,False
0,1956,1,OP_001,82,83,84,0,0,False,False,False
0,1957,0,OP_000,83,75,43,0,0,False,True,False
0,1958,14,OP_014,84,75,0,0,0,False,False,False
0,1959,1,OP_001,82,83,84,0,0,False,False,False
0,1960,2,OP_002,82,0,0,0,0,False,False,False
0,1961,15,OP_015,79,4,1,0,0,False,False,False
0,1962,9,OP_009,79,78,19,0,0,False,False,False
0,1963,0,OP_000,81,71,43,0,0,False,True,False
0,1964,5,OP_005,79,79,81,0,0,False,False,False
0,1965,6,OP_006,"[79, 80]",None,None,None,3,False,False,False
0,1966,8,OP_008,81,344,60,0,0,False,False,False
0,1967,10,OP_010,82,82,47,0,0,False,False,False
0,1968,3,OP_003,"[83, 84]","[68, 345]",None,None,2,False,False,False
0,1969,1,OP_001,82,83,84,0,0,False,False,False
0,1970,3,OP_003,"[83, 84]","[74, 6]",None,None,2,False,False,False
0,1971,1,OP_001,82,83,84,0,0,False,False,False
0,1972,0,OP_000,83,75,43,0,0,False,True,False
0,1973,14,OP_014,84,76,0,0,0,False,False,False
0,1974,1,OP_001,82,83,84,0,0,False,False,False
0,1975,2,OP_002,82,0,0,0,0,False,False,False
0,1976,15,OP_015,79,4,1,0,0,False,False,False
0,1977,9,OP_009,79,78,19,0,0,False,False,False
0,1978,0,OP_000,81,117,43,0,0,False,True,False
0,1979,5,OP_005,79,79,81,0,0,False,False,False
0,1980,2,OP_002,79,0,0,0,0,False,False,False
0,1981,2,OP_002,80,0,0,0,0,False,False,False
0,1982,22,OP_022,79,2,1,0,0,False,False,False
0,1983,9,OP_009,79,78,19,0,0,False,False,False
0,1984,0,OP_000,81,346,43,0,0,False,True,False
0,1985,10,OP_010,82,77,26,0,0,False,False,False
0,1986,3,OP_003,"[83, 84]","[68, 347]",None,None,2,False,False,False
0,1987,1,OP_001,82,83,84,0,0,False,False,False
0,1988,3,OP_003,"[83, 84]","[74, 4]",None,None,2,False,False,False
0,1989,1,OP_001,82,83,84,0,0,False,False,False
0,1990,0,OP_000,83,75,43,0,0,False,True,False
0,1991,14,OP_014,84,77,0,0,0,False,False,False
0,1992,1,OP_001,82,83,84,0,0,False,False,False
0,1993,0,OP_000,83,71,43,0,0,False,True,False
0,1994,36,OP_036,79,4,2,83,0,False,False,False
0,1995,0,OP_000,81,90,43,0,0,False,True,False
0,1996,5,OP_005,79,79,81,0,0,False,False,False
0,1997,6,OP_006,"[79, 80]",None,None,None,3,False,False,False
0,1998,8,OP_008,81,348,75,0,0,False,False,False
0,1999,10,OP_010,82,59,69,0,0,False,False,False
0,2000,0,OP_000,83,92,43,0,0,False,True,False
0,2001,45,OP_045,84,33,0,0,0,False,False,False
0,2002,1,OP_001,82,83,84,0,0,False,False,False
0,2003,3,OP_003,"[83, 84]","[74, 96]",None,None,2,False,False,False
0,2004,1,OP_001,82,83,84,0,0,False,False,False
0,2005,3,OP_003,"[83, 84]","[68, 351]",None,None,2,False,False,False
0,2006,1,OP_001,82,83,84,0,0,False,False,False
0,2007,0,OP_000,83,75,43,0,0,False,True,False
0,2008,14,OP_014,84,78,0,0,0,False,False,False
0,2009,1,OP_001,82,83,84,0,0,False,False,False
0,2010,2,OP_002,82,0,0,0,0,False,False,False
0,2011,15,OP_015,79,4,1,0,0,False,False,False
0,2012,9,OP_009,79,78,19,0,0,False,False,False
0,2013,0,OP_000,81,117,43,0,0,False,True,False
0,2014,5,OP_005,79,79,81,0,0,False,False,False
0,2015,2,OP_002,79,0,0,0,0,False,False,False
0,2016,2,OP_002,80,0,0,0,0,False,False,False
0,2017,22,OP_022,79,2,1,0,0,False,False,False
0,2018,9,OP_009,91,78,19,0,0,False,False,False
0,2019,0,OP_000,93,352,43,0,0,False,True,False
0,2020,10,OP_010,94,98,83,0,0,False,False,False
0,2021,3,OP_003,"[95, 96]","[68, 353]",None,None,2,False,False,False
0,2022,1,OP_001,94,95,96,0,0,False,False,False
0,2023,3,OP_003,"[95, 96]","[74, 4]",None,None,2,False,False,False
0,2024,1,OP_001,94,95,96,0,0,False,False,False
0,2025,0,OP_000,95,75,43,0,0,False,True,False
0,2026,14,OP_014,96,79,0,0,0,False,False,False
0,2027,1,OP_001,94,95,96,0,0,False,False,False
0,2028,0,OP_000,95,71,43,0,0,False,True,False
0,2029,36,OP_036,91,4,2,95,0,False,False,False
0,2030,9,OP_009,87,91,19,0,0,False,False,False
0,2031,0,OP_000,89,354,43,0,0,False,True,False
0,2032,10,OP_010,90,50,82,0,0,False,False,False
0,2033,0,OP_000,91,92,43,0,0,False,True,False
0,2034,45,OP_045,92,34,0,0,0,False,False,False
0,2035,1,OP_001,90,91,92,0,0,False,False,False
0,2036,3,OP_003,"[91, 92]","[74, 96]",None,None,2,False,False,False
0,2037,1,OP_001,90,91,92,0,0,False,False,False
0,2038,3,OP_003,"[91, 92]","[68, 358]",None,None,2,False,False,False
0,2039,1,OP_001,90,91,92,0,0,False,False,False
0,2040,0,OP_000,91,75,43,0,0,False,True,False
0,2041,14,OP_014,92,80,0,0,0,False,False,False
0,2042,1,OP_001,90,91,92,0,0,False,False,False
0,2043,0,OP_000,91,90,43,0,0,False,True,False
0,2044,36,OP_036,87,4,2,91,0,False,False,False
0,2045,9,OP_009,83,87,19,0,0,False,False,False
0,2046,0,OP_000,85,359,43,0,0,False,True,False
0,2047,10,OP_010,86,82,53,0,0,False,False,False
0,2048,0,OP_000,87,74,43,0,0,False,True,False
0,2049,17,OP_017,89,36,216,0,0,False,True,False
0,2050,0,OP_000,90,37,43,0,0,False,True,False
0,2051,7,OP_007,89,89,90,0,0,False,False,False
0,2052,123,OP_123,0,89,0,0,0,False,False,False
0,2053,33,OP_033,"[90, 91, 92]","[38, 39, 38]",None,None,2,False,False,False
0,2054,34,OP_034,88,4,2,0,0,False,False,False
0,2055,1,OP_001,86,87,88,0,0,False,False,False
0,2056,0,OP_000,87,75,43,0,0,False,True,False
0,2057,14,OP_014,88,81,0,0,0,False,False,False
0,2058,1,OP_001,86,87,88,0,0,False,False,False
0,2059,0,OP_000,87,360,43,0,0,False,True,False
0,2060,36,OP_036,83,4,2,87,0,False,False,False
0,2061,9,OP_009,79,83,19,0,0,False,False,False
0,2062,0,OP_000,81,361,43,0,0,False,True,False
0,2063,10,OP_010,82,6,56,0,0,False,False,False
0,2064,0,OP_000,83,74,43,0,0,False,True,False
0,2065,17,OP_017,85,36,216,0,0,False,True,False
0,2066,0,OP_000,86,37,43,0,0,False,True,False
0,2067,7,OP_007,85,85,86,0,0,False,False,False
0,2068,2,OP_002,85,0,0,0,0,False,False,False
0,2069,33,OP_033,"[86, 87, 88]","[39, 39, 38]",None,None,2,False,False,False
0,2070,34,OP_034,84,4,2,0,0,False,False,False
0,2071,1,OP_001,82,83,84,0,0,False,False,False
0,2072,0,OP_000,83,75,43,0,0,False,True,False
0,2073,14,OP_014,84,82,0,0,0,False,False,False
0,2074,1,OP_001,82,83,84,0,0,False,False,False
0,2075,0,OP_000,83,360,43,0,0,False,True,False
0,2076,36,OP_036,79,4,2,83,0,False,False,False
0,2077,0,OP_000,81,360,43,0,0,False,True,False
0,2078,5,OP_005,79,79,81,0,0,False,False,False
0,2079,6,OP_006,"[79, 80]",None,None,None,3,False,False,False
0,2080,8,OP_008,81,362,21,0,0,False,False,False
0,2081,10,OP_010,82,18,92,0,0,False,False,False
0,2082,0,OP_000,83,74,43,0,0,False,True,False
0,2083,17,OP_017,85,36,216,0,0,False,True,False
0,2084,0,OP_000,86,37,43,0,0,False,True,False
0,2085,7,OP_007,85,85,86,0,0,False,False,False
0,2086,2,OP_002,85,0,0,0,0,False,False,False
0,2087,33,OP_033,"[86, 87, 88]","[39, 38, 38]",None,None,2,False,False,False
0,2088,34,OP_034,84,4,2,0,0,False,False,False
0,2089,1,OP_001,82,83,84,0,0,False,False,False
0,2090,0,OP_000,83,75,43,0,0,False,True,False
0,2091,14,OP_014,84,83,0,0,0,False,False,False
0,2092,1,OP_001,82,83,84,0,0,False,False,False
0,2093,2,OP_002,82,0,0,0,0,False,False,False
0,2094,15,OP_015,79,4,1,0,0,False,False,False
0,2095,9,OP_009,79,78,19,0,0,False,False,False
0,2096,0,OP_000,81,119,43,0,0,False,True,False
0,2097,5,OP_005,79,79,81,0,0,False,False,False
0,2098,6,OP_006,"[79, 80]",None,None,None,3,False,False,False
0,2099,8,OP_008,81,363,25,0,0,False,False,False
0,2100,10,OP_010,82,10,5,0,0,False,False,False
0,2101,3,OP_003,"[83, 84]","[68, 364]",None,None,2,False,False,False
0,2102,1,OP_001,82,83,84,0,0,False,False,False
0,2103,3,OP_003,"[83, 84]","[74, 365]",None,None,2,False,False,False
0,2104,1,OP_001,82,83,84,0,0,False,False,False
0,2105,3,OP_003,"[83, 84]","[122, 365]",None,None,2,False,False,False
0,2106,1,OP_001,82,83,84,0,0,False,False,False
0,2107,3,OP_003,"[83, 84]","[124, 110]",None,None,2,False,False,False
0,2108,1,OP_001,82,83,84,0,0,False,False,False
0,2109,3,OP_003,"[83, 84]","[126, 38]",None,None,2,False,False,False
0,2110,1,OP_001,82,83,84,0,0,False,False,False
0,2111,0,OP_000,83,75,43,0,0,False,True,False
0,2112,14,OP_014,84,84,0,0,0,False,False,False
0,2113,1,OP_001,82,83,84,0,0,False,False,False
0,2114,2,OP_002,82,0,0,0,0,False,False,False
0,2115,15,OP_015,79,4,1,0,0,False,False,False
0,2116,9,OP_009,79,78,19,0,0,False,False,False
0,2117,0,OP_000,81,117,43,0,0,False,True,False
0,2118,5,OP_005,79,79,81,0,0,False,False,False
0,2119,2,OP_002,79,0,0,0,0,False,False,False
0,2120,2,OP_002,80,0,0,0,0,False,False,False
0,2121,22,OP_022,79,2,1,0,0,False,False,False
0,2122,9,OP_009,83,78,19,0,0,False,False,False
0,2123,0,OP_000,85,366,43,0,0,False,True,False
0,2124,10,OP_010,86,42,80,0,0,False,False,False
0,2125,3,OP_003,"[87, 88]","[68, 367]",None,None,2,False,False,False
0,2126,1,OP_001,86,87,88,0,0,False,False,False
0,2127,3,OP_003,"[87, 88]","[74, 4]",None,None,2,False,False,False
0,2128,1,OP_001,86,87,88,0,0,False,False,False
0,2129,0,OP_000,87,75,43,0,0,False,True,False
0,2130,14,OP_014,88,85,0,0,0,False,False,False
0,2131,1,OP_001,86,87,88,0,0,False,False,False
0,2132,0,OP_000,87,71,43,0,0,False,True,False
0,2133,36,OP_036,83,4,2,87,0,False,False,False
0,2134,9,OP_009,79,83,19,0,0,False,False,False
0,2135,0,OP_000,81,368,43,0,0,False,True,False
0,2136,10,OP_010,82,10,95,0,0,False,False,False
0,2137,0,OP_000,83,92,43,0,0,False,True,False
0,2138,45,OP_045,84,35,0,0,0,False,False,False
0,2139,1,OP_001,82,83,84,0,0,False,False,False
0,2140,3,OP_003,"[83, 84]","[74, 369]",None,None,2,False,False,False
0,2141,1,OP_001,82,83,84,0,0,False,False,False
0,2142,3,OP_003,"[83, 84]","[68, 358]",None,None,2,False,False,False
0,2143,1,OP_001,82,83,84,0,0,False,False,False
0,2144,0,OP_000,83,75,43,0,0,False,True,False
0,2145,14,OP_014,84,86,0,0,0,False,False,False
0,2146,1,OP_001,82,83,84,0,0,False,False,False
0,2147,0,OP_000,83,90,43,0,0,False,True,False
0,2148,36,OP_036,79,4,2,83,0,False,False,False
0,2149,0,OP_000,81,360,43,0,0,False,True,False
0,2150,5,OP_005,79,79,81,0,0,False,False,False
0,2151,6,OP_006,"[79, 80]",None,None,None,3,False,False,False
0,2152,8,OP_008,81,370,10,0,0,False,False,False
0,2153,10,OP_010,82,63,32,0,0,False,False,False
0,2154,0,OP_000,83,74,43,0,0,False,True,False
0,2155,17,OP_017,85,36,216,0,0,False,True,False
0,2156,0,OP_000,86,37,43,0,0,False,True,False
0,2157,7,OP_007,85,85,86,0,0,False,False,False
0,2158,2,OP_002,85,0,0,0,0,False,False,False
0,2159,33,OP_033,"[86, 87, 88]","[39, 371, 372]",None,None,2,False,False,False
0,2160,34,OP_034,84,4,2,0,0,False,False,False
0,2161,1,OP_001,82,83,84,0,0,False,False,False
0,2162,0,OP_000,83,75,43,0,0,False,True,False
0,2163,14,OP_014,84,87,0,0,0,False,False,False
0,2164,1,OP_001,82,83,84,0,0,False,False,False
0,2165,2,OP_002,82,0,0,0,0,False,False,False
0,2166,15,OP_015,79,4,1,0,0,False,False,False
0,2167,9,OP_009,79,78,19,0,0,False,False,False
0,2168,0,OP_000,81,119,43,0,0,False,True,False
0,2169,5,OP_005,79,79,81,0,0,False,False,False
0,2170,6,OP_006,"[79, 80]",None,None,None,3,False,False,False
0,2171,8,OP_008,81,373,5,0,0,False,False,False
0,2172,10,OP_010,82,21,61,0,0,False,False,False
0,2173,3,OP_003,"[83, 84]","[68, 374]",None,None,2,False,False,False
0,2174,1,OP_001,82,83,84,0,0,False,False,False
0,2175,3,OP_003,"[83, 84]","[74, 365]",None,None,2,False,False,False
0,2176,1,OP_001,82,83,84,0,0,False,False,False
0,2177,3,OP_003,"[83, 84]","[122, 369]",None,None,2,False,False,False
0,2178,1,OP_001,82,83,84,0,0,False,False,False
0,2179,3,OP_003,"[83, 84]","[124, 47]",None,None,2,False,False,False
0,2180,1,OP_001,82,83,84,0,0,False,False,False
0,2181,3,OP_003,"[83, 84]","[126, 38]",None,None,2,False,False,False
0,2182,1,OP_001,82,83,84,0,0,False,False,False
0,2183,0,OP_000,83,75,43,0,0,False,True,False
0,2184,14,OP_014,84,88,0,0,0,False,False,False
0,2185,1,OP_001,82,83,84,0,0,False,False,False
0,2186,2,OP_002,82,0,0,0,0,False,False,False
0,2187,15,OP_015,79,4,1,0,0,False,False,False
0,2188,9,OP_009,79,78,19,0,0,False,False,False
0,2189,0,OP_000,81,117,43,0,0,False,True,False
0,2190,5,OP_005,79,79,81,0,0,False,False,False
0,2191,2,OP_002,79,0,0,0,0,False,False,False
0,2192,2,OP_002,80,0,0,0,0,False,False,False
0,2193,22,OP_022,79,2,1,0,0,False,False,False
0,2194,9,OP_009,79,78,19,0,0,False,False,False
0,2195,0,OP_000,81,375,43,0,0,False,True,False
0,2196,10,OP_010,82,82,61,0,0,False,False,False
0,2197,3,OP_003,"[83, 84]","[68, 376]",None,None,2,False,False,False
0,2198,1,OP_001,82,83,84,0,0,False,False,False
0,2199,3,OP_003,"[83, 84]","[74, 4]",None,None,2,False,False,False
0,2200,1,OP_001,82,83,84,0,0,False,False,False
0,2201,0,OP_000,83,75,43,0,0,False,True,False
0,2202,14,OP_014,84,89,0,0,0,False,False,False
0,2203,1,OP_001,82,83,84,0,0,False,False,False
0,2204,0,OP_000,83,71,43,0,0,False,True,False
0,2205,36,OP_036,79,4,2,83,0,False,False,False
0,2206,0,OP_000,81,360,43,0,0,False,True,False
0,2207,5,OP_005,79,79,81,0,0,False,False,False
0,2208,6,OP_006,"[79, 80]",None,None,None,3,False,False,False
0,2209,8,OP_008,81,377,63,0,0,False,False,False
0,2210,10,OP_010,82,32,7,0,0,False,False,False
0,2211,0,OP_000,83,74,43,0,0,False,True,False
0,2212,17,OP_017,85,36,216,0,0,False,True,False
0,2213,0,OP_000,86,37,43,0,0,False,True,False
0,2214,7,OP_007,85,85,86,0,0,False,False,False
0,2215,2,OP_002,85,0,0,0,0,False,False,False
0,2216,33,OP_033,"[86, 87, 88]","[378, 379, 39]",None,None,2,False,False,False
0,2217,34,OP_034,84,4,2,0,0,False,False,False
0,2218,1,OP_001,82,83,84,0,0,False,False,False
0,2219,0,OP_000,83,75,43,0,0,False,True,False
0,2220,14,OP_014,84,90,0,0,0,False,False,False
0,2221,1,OP_001,82,83,84,0,0,False,False,False
0,2222,2,OP_002,82,0,0,0,0,False,False,False
0,2223,15,OP_015,79,4,1,0,0,False,False,False
0,2224,9,OP_009,79,78,19,0,0,False,False,False
0,2225,0,OP_000,81,119,43,0,0,False,True,False
0,2226,5,OP_005,79,79,81,0,0,False,False,False
0,2227,6,OP_006,"[79, 80]",None,None,None,3,False,False,False
0,2228,8,OP_008,81,380,84,0,0,False,False,False
0,2229,10,OP_010,82,15,27,0,0,False,False,False
0,2230,3,OP_003,"[83, 84]","[68, 381]",None,None,2,False,False,False
0,2231,1,OP_001,82,83,84,0,0,False,False,False
0,2232,3,OP_003,"[83, 84]","[74, 382]",None,None,2,False,False,False
0,2233,1,OP_001,82,83,84,0,0,False,False,False
0,2234,3,OP_003,"[83, 84]","[122, 47]",None,None,2,False,False,False
0,2235,1,OP_001,82,83,84,0,0,False,False,False
0,2236,3,OP_003,"[83, 84]","[124, 383]",None,None,2,False,False,False
0,2237,1,OP_001,82,83,84,0,0,False,False,False
0,2238,3,OP_003,"[83, 84]","[126, 38]",None,None,2,False,False,False
0,2239,1,OP_001,82,83,84,0,0,False,False,False
0,2240,0,OP_000,83,75,43,0,0,False,True,False
0,2241,14,OP_014,84,91,0,0,0,False,False,False
0,2242,1,OP_001,82,83,84,0,0,False,False,False
0,2243,2,OP_002,82,0,0,0,0,False,False,False
0,2244,15,OP_015,79,4,1,0,0,False,False,False
0,2245,9,OP_009,79,78,19,0,0,False,False,False
0,2246,0,OP_000,81,117,43,0,0,False,True,False
0,2247,5,OP_005,79,79,81,0,0,False,False,False
0,2248,2,OP_002,79,0,0,0,0,False,False,False
0,2249,2,OP_002,80,0,0,0,0,False,False,False
0,2250,22,OP_022,79,2,1,0,0,False,False,False
0,2251,9,OP_009,79,78,19,0,0,False,False,False
0,2252,0,OP_000,81,71,43,0,0,False,True,False
0,2253,5,OP_005,79,79,81,0,0,False,False,False
0,2254,6,OP_006,"[79, 80]",None,None,None,3,False,False,False
0,2255,8,OP_008,81,384,15,0,0,False,False,False
0,2256,10,OP_010,82,45,14,0,0,False,False,False
0,2257,3,OP_003,"[83, 84]","[68, 385]",None,None,2,False,False,False
0,2258,1,OP_001,82,83,84,0,0,False,False,False
0,2259,3,OP_003,"[83, 84]","[74, 4]",None,None,2,False,False,False
0,2260,1,OP_001,82,83,84,0,0,False,False,False
0,2261,0,OP_000,83,75,43,0,0,False,True,False
0,2262,14,OP_014,84,92,0,0,0,False,False,False
0,2263,1,OP_001,82,83,84,0,0,False,False,False
0,2264,2,OP_002,82,0,0,0,0,False,False,False
0,2265,15,OP_015,79,4,1,0,0,False,False,False
0,2266,9,OP_009,79,78,19,0,0,False,False,False
0,2267,0,OP_000,81,117,43,0,0,False,True,False
0,2268,5,OP_005,79,79,81,0,0,False,False,False
0,2269,2,OP_002,79,0,0,0,0,False,False,False
0,2270,2,OP_002,80,0,0,0,0,False,False,False
0,2271,22,OP_022,79,2,1,0,0,False,False,False
0,2272,57,OP_057,79,78,81,204,0,False,False,False
0,2273,31,OP_031,81,386,46,112,0,False,True,False
0,2274,10,OP_010,82,71,2,0,0,False,False,False
0,2275,3,OP_003,"[83, 84]","[68, 387]",None,None,2,False,False,False
0,2276,1,OP_001,82,83,84,0,0,False,False,False
0,2277,3,OP_003,"[83, 84]","[74, 4]",None,None,2,False,False,False
0,2278,1,OP_001,82,83,84,0,0,False,False,False
0,2279,0,OP_000,83,75,43,0,0,False,True,False
0,2280,14,OP_014,84,93,0,0,0,False,False,False
0,2281,1,OP_001,82,83,84,0,0,False,False,False
0,2282,0,OP_000,83,71,43,0,0,False,True,False
0,2283,36,OP_036,79,4,2,83,0,False,False,False
0,2284,0,OP_000,81,360,43,0,0,False,True,False
0,2285,5,OP_005,79,79,81,0,0,False,False,False
0,2286,6,OP_006,"[79, 80]",None,None,None,3,False,False,False
0,2287,8,OP_008,81,388,98,0,0,False,False,False
0,2288,10,OP_010,82,47,92,0,0,False,False,False
0,2289,0,OP_000,83,74,43,0,0,False,True,False
0,2290,17,OP_017,85,36,216,0,0,False,True,False
0,2291,0,OP_000,86,37,43,0,0,False,True,False
0,2292,7,OP_007,85,85,86,0,0,False,False,False
0,2293,2,OP_002,85,0,0,0,0,False,False,False
0,2294,33,OP_033,"[86, 87, 88]","[378, 379, 39]",None,None,2,False,False,False
0,2295,34,OP_034,84,4,2,0,0,False,False,False
0,2296,1,OP_001,82,83,84,0,0,False,False,False
0,2297,0,OP_000,83,75,43,0,0,False,True,False
0,2298,14,OP_014,84,94,0,0,0,False,False,False
0,2299,1,OP_001,82,83,84,0,0,False,False,False
0,2300,2,OP_002,82,0,0,0,0,False,False,False
0,2301,15,OP_015,79,4,1,0,0,False,False,False
0,2302,9,OP_009,79,78,19,0,0,False,False,False
0,2303,0,OP_000,81,119,43,0,0,False,True,False
0,2304,5,OP_005,79,79,81,0,0,False,False,False
0,2305,6,OP_006,"[79, 80]",None,None,None,3,False,False,False
0,2306,8,OP_008,81,389,69,0,0,False,False,False
0,2307,10,OP_010,82,27,48,0,0,False,False,False
0,2308,3,OP_003,"[83, 84]","[68, 390]",None,None,2,False,False,False
0,2309,1,OP_001,82,83,84,0,0,False,False,False
0,2310,3,OP_003,"[83, 84]","[74, 382]",None,None,2,False,False,False
0,2311,1,OP_001,82,83,84,0,0,False,False,False
0,2312,3,OP_003,"[83, 84]","[122, 47]",None,None,2,False,False,False
0,2313,1,OP_001,82,83,84,0,0,False,False,False
0,2314,3,OP_003,"[83, 84]","[124, 383]",None,None,2,False,False,False
0,2315,1,OP_001,82,83,84,0,0,False,False,False
0,2316,3,OP_003,"[83, 84]","[126, 38]",None,None,2,False,False,False
0,2317,1,OP_001,82,83,84,0,0,False,False,False
0,2318,0,OP_000,83,75,43,0,0,False,True,False
0,2319,14,OP_014,84,95,0,0,0,False,False,False
0,2320,1,OP_001,82,83,84,0,0,False,False,False
0,2321,2,OP_002,82,0,0,0,0,False,False,False
0,2322,15,OP_015,79,4,1,0,0,False,False,False
0,2323,9,OP_009,79,78,19,0,0,False,False,False
0,2324,0,OP_000,81,117,43,0,0,False,True,False
0,2325,5,OP_005,79,79,81,0,0,False,False,False
0,2326,2,OP_002,79,0,0,0,0,False,False,False
0,2327,2,OP_002,80,0,0,0,0,False,False,False
0,2328,22,OP_022,79,2,1,0,0,False,False,False
0,2329,9,OP_009,79,78,19,0,0,False,False,False
0,2330,0,OP_000,81,391,43,0,0,False,True,False
0,2331,10,OP_010,82,31,59,0,0,False,False,False
0,2332,3,OP_003,"[83, 84]","[68, 216]",None,None,2,False,False,False
0,2333,1,OP_001,82,83,84,0,0,False,False,False
0,2334,3,OP_003,"[83, 84]","[74, 4]",None,None,2,False,False,False
0,2335,1,OP_001,82,83,84,0,0,False,False,False
0,2336,0,OP_000,83,75,43,0,0,False,True,False
0,2337,14,OP_014,84,96,0,0,0,False,False,False
0,2338,58,OP_058,82,83,84,179,0,False,False,False
0,2339,31,OP_031,83,71,99,275,0,False,True,False
0,2340,36,OP_036,79,4,2,83,0,False,False,False
0,2341,0,OP_000,81,360,43,0,0,False,True,False
0,2342,5,OP_005,79,79,81,0,0,False,False,False
0,2343,6,OP_006,"[79, 80]",None,None,None,3,False,False,False
0,2344,8,OP_008,81,392,25,0,0,False,False,False
0,2345,10,OP_010,82,13,90,0,0,False,False,False
0,2346,0,OP_000,83,74,43,0,0,False,True,False
0,2347,17,OP_017,85,36,216,0,0,False,True,False
0,2348,0,OP_000,86,37,43,0,0,False,True,False
0,2349,7,OP_007,85,85,86,0,0,False,False,False
0,2350,2,OP_002,85,0,0,0,0,False,False,False
0,2351,33,OP_033,"[86, 87, 88]","[378, 379, 39]",None,None,2,False,False,False
0,2352,34,OP_034,84,4,2,0,0,False,False,False
0,2353,1,OP_001,82,83,84,0,0,False,False,False
0,2354,0,OP_000,83,75,43,0,0,False,True,False
0,2355,14,OP_014,84,97,0,0,0,False,False,False
0,2356,1,OP_001,82,83,84,0,0,False,False,False
0,2357,2,OP_002,82,0,0,0,0,False,False,False
0,2358,15,OP_015,79,4,1,0,0,False,False,False
0,2359,9,OP_009,79,78,19,0,0,False,False,False
0,2360,0,OP_000,81,119,43,0,0,False,True,False
0,2361,5,OP_005,79,79,81,0,0,False,False,False
0,2362,6,OP_006,"[79, 80]",None,None,None,3,False,False,False
0,2363,8,OP_008,81,393,56,0,0,False,False,False
0,2364,10,OP_010,82,69,80,0,0,False,False,False
0,2365,3,OP_003,"[83, 84]","[68, 394]",None,None,2,False,False,False
0,2366,1,OP_001,82,83,84,0,0,False,False,False
0,2367,3,OP_003,"[83, 84]","[74, 382]",None,None,2,False,False,False
0,2368,1,OP_001,82,83,84,0,0,False,False,False
0,2369,3,OP_003,"[83, 84]","[122, 47]",None,None,2,False,False,False
0,2370,1,OP_001,82,83,84,0,0,False,False,False
0,2371,3,OP_003,"[83, 84]","[124, 383]",None,None,2,False,False,False
0,2372,1,OP_001,82,83,84,0,0,False,False,False
0,2373,3,OP_003,"[83, 84]","[126, 38]",None,None,2,False,False,False
0,2374,1,OP_001,82,83,84,0,0,False,False,False
0,2375,0,OP_000,83,75,43,0,0,False,True,False
0,2376,14,OP_014,84,98,0,0,0,False,False,False
0,2377,1,OP_001,82,83,84,0,0,False,False,False
0,2378,2,OP_002,82,0,0,0,0,False,False,False
0,2379,15,OP_015,79,4,1,0,0,False,False,False
0,2380,58,OP_058,79,78,9,178,0,False,False,False
0,2381,31,OP_031,81,117,78,275,0,False,True,False
0,2382,5,OP_005,79,79,81,0,0,False,False,False
0,2383,2,OP_002,79,0,0,0,0,False,False,False
0,2384,2,OP_002,80,0,0,0,0,False,False,False
0,2385,22,OP_022,79,2,1,0,0,False,False,False
0,2386,9,OP_009,79,78,19,0,0,False,False,False
0,2387,0,OP_000,81,395,43,0,0,False,True,False
0,2388,10,OP_010,82,19,45,0,0,False,False,False
0,2389,3,OP_003,"[83, 84]","[68, 396]",None,None,2,False,False,False
0,2390,1,OP_001,82,83,84,0,0,False,False,False
0,2391,3,OP_003,"[83, 84]","[74, 6]",None,None,2,False,False,False
0,2392,1,OP_001,82,83,84,0,0,False,False,False
0,2393,0,OP_000,83,75,43,0,0,False,True,False
0,2394,14,OP_014,84,99,0,0,0,False,False,False
0,2395,1,OP_001,82,83,84,0,0,False,False,False
0,2396,0,OP_000,83,71,43,0,0,False,True,False
0,2397,36,OP_036,79,4,2,83,0,False,False,False
0,2398,0,OP_000,81,360,43,0,0,False,True,False
0,2399,5,OP_005,79,79,81,0,0,False,False,False
0,2400,6,OP_006,"[79, 80]",None,None,None,3,False,False,False
0,2401,8,OP_008,81,397,15,0,0,False,False,False
0,2402,10,OP_010,82,81,65,0,0,False,False,False
0,2403,0,OP_000,83,74,43,0,0,False,True,False
0,2404,17,OP_017,85,36,216,0,0,False,True,False
0,2405,0,OP_000,86,37,43,0,0,False,True,False
0,2406,7,OP_007,85,85,86,0,0,False,False,False
0,2407,2,OP_002,85,0,0,0,0,False,False,False
0,2408,33,OP_033,"[86, 87, 88]","[39, 39, 39]",None,None,2,False,False,False
0,2409,34,OP_034,84,4,2,0,0,False,False,False
0,2410,1,OP_001,82,83,84,0,0,False,False,False
0,2411,0,OP_000,83,75,43,0,0,False,True,False
0,2412,14,OP_014,84,100,0,0,0,False,False,False
0,2413,1,OP_001,82,83,84,0,0,False,False,False
0,2414,2,OP_002,82,0,0,0,0,False,False,False
0,2415,15,OP_015,79,4,1,0,0,False,False,False
0,2416,9,OP_009,79,78,19,0,0,False,False,False
0,2417,0,OP_000,81,119,43,0,0,False,True,False
0,2418,5,OP_005,79,79,81,0,0,False,False,False
0,2419,6,OP_006,"[79, 80]",None,None,None,3,False,False,False
0,2420,8,OP_008,81,398,71,0,0,False,False,False
0,2421,10,OP_010,82,93,47,0,0,False,False,False
0,2422,3,OP_003,"[83, 84]","[68, 399]",None,None,2,False,False,False
0,2423,122,OP_122,83,82,84,0,0,False,False,False
0,2424,3,OP_003,"[83, 84]","[74, 400]",None,None,2,False,False,False
0,2425,1,OP_001,82,83,84,0,0,False,False,False
0,2426,3,OP_003,"[83, 84]","[122, 182]",None,None,2,False,False,False
0,2427,1,OP_001,82,83,84,0,0,False,False,False
0,2428,3,OP_003,"[83, 84]","[124, 401]",None,None,2,False,False,False
0,2429,1,OP_001,82,83,84,0,0,False,False,False
0,2430,3,OP_003,"[83, 84]","[126, 96]",None,None,2,False,False,False
0,2431,1,OP_001,82,83,84,0,0,False,False,False
0,2432,0,OP_000,83,75,43,0,0,False,True,False
0,2433,14,OP_014,84,101,0,0,0,False,False,False
0,2434,1,OP_001,82,83,84,0,0,False,False,False
0,2435,2,OP_002,82,0,0,0,0,False,False,False
0,2436,15,OP_015,79,4,1,0,0,False,False,False
0,2437,9,OP_009,79,78,19,0,0,False,False,False
0,2438,0,OP_000,81,117,43,0,0,False,True,False
0,2439,5,OP_005,79,79,81,0,0,False,False,False
0,2440,2,OP_002,79,0,0,0,0,False,False,False
0,2441,2,OP_002,80,0,0,0,0,False,False,False
0,2442,22,OP_022,79,2,1,0,0,False,False,False
0,2443,9,OP_009,79,78,19,0,0,False,False,False
0,2444,0,OP_000,81,402,43,0,0,False,True,False
0,2445,10,OP_010,82,53,39,0,0,False,False,False
0,2446,3,OP_003,"[83, 84]","[68, 403]",None,None,2,False,False,False
0,2447,1,OP_001,82,83,84,0,0,False,False,False
0,2448,3,OP_003,"[83, 84]","[74, 6]",None,None,2,False,False,False
0,2449,1,OP_001,82,83,84,0,0,False,False,False
0,2450,0,OP_000,83,75,43,0,0,False,True,False
0,2451,14,OP_014,84,102,0,0,0,False,False,False
0,2452,1,OP_001,82,83,84,0,0,False,False,False
0,2453,0,OP_000,83,71,43,0,0,False,True,False
0,2454,36,OP_036,79,4,2,83,0,False,False,False
0,2455,0,OP_000,81,360,43,0,0,False,True,False
0,2456,5,OP_005,79,79,81,0,0,False,False,False
0,2457,6,OP_006,"[79, 80]",None,None,None,3,False,False,False
0,2458,8,OP_008,81,404,44,0,0,False,False,False
0,2459,10,OP_010,82,34,84,0,0,False,False,False
0,2460,0,OP_000,83,74,43,0,0,False,True,False
0,2461,17,OP_017,85,36,216,0,0,False,True,False
0,2462,0,OP_000,86,37,43,0,0,False,True,False
0,2463,7,OP_007,85,85,86,0,0,False,False,False
0,2464,2,OP_002,85,0,0,0,0,False,False,False
0,2465,33,OP_033,"[86, 87, 88]","[405, 406, 39]",None,None,2,False,False,False
0,2466,34,OP_034,84,4,2,0,0,False,False,False
0,2467,1,OP_001,82,83,84,0,0,False,False,False
0,2468,0,OP_000,83,75,43,0,0,False,True,False
0,2469,14,OP_014,84,103,0,0,0,False,False,False
0,2470,1,OP_001,82,83,84,0,0,False,False,False
0,2471,2,OP_002,82,0,0,0,0,False,False,False
0,2472,15,OP_015,79,4,1,0,0,False,False,False
0,2473,9,OP_009,79,78,19,0,0,False,False,False
0,2474,0,OP_000,81,119,43,0,0,False,True,False
0,2475,5,OP_005,79,79,81,0,0,False,False,False
0,2476,6,OP_006,"[79, 80]",None,None,None,3,False,False,False
0,2477,8,OP_008,81,407,73,0,0,False,False,False
0,2478,10,OP_010,82,97,62,0,0,False,False,False
0,2479,3,OP_003,"[83, 84]","[68, 408]",None,None,2,False,False,False
0,2480,1,OP_001,82,83,84,0,0,False,False,False
0,2481,3,OP_003,"[83, 84]","[74, 182]",None,None,2,False,False,False
0,2482,1,OP_001,82,83,84,0,0,False,False,False
0,2483,3,OP_003,"[83, 84]","[122, 38]",None,None,2,False,False,False
0,2484,1,OP_001,82,83,84,0,0,False,False,False
0,2485,3,OP_003,"[83, 84]","[124, 96]",None,None,2,False,False,False
0,2486,1,OP_001,82,83,84,0,0,False,False,False
0,2487,3,OP_003,"[83, 84]","[126, 369]",None,None,2,False,False,False
0,2488,1,OP_001,82,83,84,0,0,False,False,False
0,2489,0,OP_000,83,75,43,0,0,False,True,False
0,2490,14,OP_014,84,104,0,0,0,False,False,False
0,2491,1,OP_001,82,83,84,0,0,False,False,False
0,2492,2,OP_002,82,0,0,0,0,False,False,False
0,2493,15,OP_015,79,4,1,0,0,False,False,False
0,2494,0,OP_000,80,54,43,0,0,False,True,False
0,2495,7,OP_007,79,23,80,0,0,False,False,False
0,2496,0,OP_000,81,61,43,0,0,False,True,False
0,2497,5,OP_005,79,79,81,0,0,False,False,False
0,2498,6,OP_006,"[79, 80]",None,None,None,3,False,False,False
0,2499,8,OP_008,81,409,49,0,0,False,False,False
0,2500,24,OP_024,79,3,2,0,0,False,False,False
0,2501,9,OP_009,80,79,19,0,0,False,False,False
0,2502,0,OP_000,82,71,43,0,0,False,True,False
0,2503,5,OP_005,80,80,82,0,0,False,False,False
0,2504,6,OP_006,"[80, 81]",None,None,None,3,False,False,False
0,2505,8,OP_008,82,410,53,0,0,False,False,False
0,2506,10,OP_010,83,30,20,0,0,False,False,False
0,2507,3,OP_003,"[84, 85]","[68, 343]",None,None,2,False,False,False
0,2508,1,OP_001,83,84,85,0,0,False,False,False
0,2509,3,OP_003,"[84, 85]","[74, 6]",None,None,2,False,False,False
0,2510,1,OP_001,83,84,85,0,0,False,False,False
0,2511,0,OP_000,84,75,43,0,0,False,True,False
0,2512,14,OP_014,85,105,0,0,0,False,False,False
0,2513,1,OP_001,83,84,85,0,0,False,False,False
0,2514,2,OP_002,83,0,0,0,0,False,False,False
0,2515,15,OP_015,80,4,1,0,0,False,False,False
0,2516,9,OP_009,80,79,19,0,0,False,False,False
0,2517,0,OP_000,82,117,43,0,0,False,True,False
0,2518,5,OP_005,80,80,82,0,0,False,False,False
0,2519,2,OP_002,80,0,0,0,0,False,False,False
0,2520,2,OP_002,81,0,0,0,0,False,False,False
0,2521,22,OP_022,80,2,1,0,0,False,False,False
0,2522,9,OP_009,80,79,19,0,0,False,False,False
0,2523,0,OP_000,82,411,43,0,0,False,True,False
0,2524,10,OP_010,83,12,29,0,0,False,False,False
0,2525,3,OP_003,"[84, 85]","[68, 347]",None,None,2,False,False,False
0,2526,1,OP_001,83,84,85,0,0,False,False,False
0,2527,3,OP_003,"[84, 85]","[74, 4]",None,None,2,False,False,False
0,2528,1,OP_001,83,84,85,0,0,False,False,False
0,2529,0,OP_000,84,75,43,0,0,False,True,False
0,2530,14,OP_014,85,106,0,0,0,False,False,False
0,2531,1,OP_001,83,84,85,0,0,False,False,False
0,2532,0,OP_000,84,71,43,0,0,False,True,False
0,2533,36,OP_036,80,4,2,84,0,False,False,False
0,2534,0,OP_000,82,90,43,0,0,False,True,False
0,2535,5,OP_005,80,80,82,0,0,False,False,False
0,2536,6,OP_006,"[80, 81]",None,None,None,3,False,False,False
0,2537,8,OP_008,82,412,33,0,0,False,False,False
0,2538,10,OP_010,83,71,5,0,0,False,False,False
0,2539,0,OP_000,84,92,43,0,0,False,True,False
0,2540,45,OP_045,85,36,0,0,0,False,False,False
0,2541,1,OP_001,83,84,85,0,0,False,False,False
0,2542,3,OP_003,"[84, 85]","[74, 96]",None,None,2,False,False,False
0,2543,1,OP_001,83,84,85,0,0,False,False,False
0,2544,3,OP_003,"[84, 85]","[68, 351]",None,None,2,False,False,False
0,2545,1,OP_001,83,84,85,0,0,False,False,False
0,2546,0,OP_000,84,75,43,0,0,False,True,False
0,2547,14,OP_014,85,107,0,0,0,False,False,False
0,2548,1,OP_001,83,84,85,0,0,False,False,False
0,2549,2,OP_002,83,0,0,0,0,False,False,False
0,2550,15,OP_015,80,4,1,0,0,False,False,False
0,2551,9,OP_009,80,79,19,0,0,False,False,False
0,2552,0,OP_000,82,117,43,0,0,False,True,False
0,2553,124,OP_124,80,80,82,0,0,False,False,False
0,2554,2,OP_002,80,0,0,0,0,False,False,False
0,2555,125,OP_125,0,81,0,0,0,False,False,False
0,2556,22,OP_022,80,2,1,0,0,False,False,False
0,2557,9,OP_009,92,79,19,0,0,False,False,False
0,2558,0,OP_000,94,413,43,0,0,False,True,False
0,2559,10,OP_010,95,70,28,0,0,False,False,False
0,2560,3,OP_003,"[96, 97]","[68, 353]",None,None,2,False,False,False
0,2561,1,OP_001,95,96,97,0,0,False,False,False
0,2562,3,OP_003,"[96, 97]","[74, 4]",None,None,2,False,False,False
0,2563,1,OP_001,95,96,97,0,0,False,False,False
0,2564,0,OP_000,96,75,43,0,0,False,True,False
0,2565,14,OP_014,97,108,0,0,0,False,False,False
0,2566,1,OP_001,95,96,97,0,0,False,False,False
0,2567,0,OP_000,96,71,43,0,0,False,True,False
0,2568,36,OP_036,92,4,2,96,0,False,False,False
0,2569,9,OP_009,88,92,19,0,0,False,False,False
0,2570,0,OP_000,90,414,43,0,0,False,True,False
0,2571,10,OP_010,91,13,26,0,0,False,False,False
0,2572,0,OP_000,92,92,43,0,0,False,True,False
0,2573,45,OP_045,93,37,0,0,0,False,False,False
0,2574,1,OP_001,91,92,93,0,0,False,False,False
0,2575,3,OP_003,"[92, 93]","[74, 96]",None,None,2,False,False,False
0,2576,1,OP_001,91,92,93,0,0,False,False,False
0,2577,3,OP_003,"[92, 93]","[68, 358]",None,None,2,False,False,False
0,2578,118,OP_118,92,91,93,0,0,False,False,False
0,2579,0,OP_000,92,75,43,0,0,False,True,False
0,2580,14,OP_014,93,109,0,0,0,False,False,False
0,2581,1,OP_001,91,92,93,0,0,False,False,False
0,2582,0,OP_000,92,90,43,0,0,False,True,False
0,2583,36,OP_036,88,4,2,92,0,False,False,False
0,2584,9,OP_009,84,88,19,0,0,False,False,False
0,2585,0,OP_000,86,415,43,0,0,False,True,False
0,2586,10,OP_010,87,36,43,0,0,False,False,False
0,2587,0,OP_000,88,74,43,0,0,False,True,False
0,2588,17,OP_017,90,36,216,0,0,False,True,False
0,2589,0,OP_000,91,37,43,0,0,False,True,False
0,2590,7,OP_007,90,90,91,0,0,False,False,False
0,2591,2,OP_002,90,0,0,0,0,False,False,False
0,2592,33,OP_033,"[91, 92, 93]","[38, 39, 38]",None,None,2,False,False,False
0,2593,34,OP_034,89,4,2,0,0,False,False,False
0,2594,1,OP_001,87,88,89,0,0,False,False,False
0,2595,0,OP_000,88,75,43,0,0,False,True,False
0,2596,14,OP_014,89,110,0,0,0,False,False,False
0,2597,1,OP_001,87,88,89,0,0,False,False,False
0,2598,0,OP_000,88,360,43,0,0,False,True,False
0,2599,36,OP_036,84,4,2,88,0,False,False,False
0,2600,9,OP_009,80,84,19,0,0,False,False,False
0,2601,0,OP_000,82,416,43,0,0,False,True,False
0,2602,10,OP_010,83,3,5,0,0,False,False,False
0,2603,0,OP_000,84,74,43,0,0,False,True,False
0,2604,17,OP_017,86,36,216,0,0,False,True,False
0,2605,0,OP_000,87,37,43,0,0,False,True,False
0,2606,7,OP_007,86,86,87,0,0,False,False,False
0,2607,2,OP_002,86,0,0,0,0,False,False,False
0,2608,33,OP_033,"[87, 88, 89]","[39, 39, 38]",None,None,2,False,False,False
0,2609,34,OP_034,85,4,2,0,0,False,False,False
0,2610,1,OP_001,83,84,85,0,0,False,False,False
0,2611,0,OP_000,84,75,43,0,0,False,True,False
0,2612,159,OP_159,85,111,0,93,0,False,False,False
0,2613,31,OP_031,83,84,85,94,0,False,False,False
0,2614,31,OP_031,84,360,40,248,0,False,True,False
0,2615,36,OP_036,80,4,2,84,0,False,False,False
0,2616,0,OP_000,82,360,43,0,0,False,True,False
0,2617,5,OP_005,80,80,82,0,0,False,False,False
0,2618,6,OP_006,"[80, 81]",None,None,None,3,False,False,False
0,2619,8,OP_008,82,417,67,0,0,False,False,False
0,2620,10,OP_010,83,30,38,0,0,False,False,False
0,2621,0,OP_000,84,74,43,0,0,False,True,False
0,2622,17,OP_017,86,36,216,0,0,False,True,False
0,2623,0,OP_000,87,37,43,0,0,False,True,False
0,2624,7,OP_007,86,86,87,0,0,False,False,False
0,2625,2,OP_002,86,0,0,0,0,False,False,False
0,2626,33,OP_033,"[87, 88, 89]","[39, 38, 38]",None,None,2,False,False,False
0,2627,34,OP_034,85,4,2,0,0,False,False,False
0,2628,1,OP_001,83,84,85,0,0,False,False,False
0,2629,0,OP_000,84,75,43,0,0,False,True,False
0,2630,14,OP_014,85,112,0,0,0,False,False,False
0,2631,1,OP_001,83,84,85,0,0,False,False,False
0,2632,2,OP_002,83,0,0,0,0,False,False,False
0,2633,15,OP_015,80,4,1,0,0,False,False,False
0,2634,9,OP_009,80,79,19,0,0,False,False,False
0,2635,0,OP_000,82,119,43,0,0,False,True,False
0,2636,5,OP_005,80,80,82,0,0,False,False,False
0,2637,6,OP_006,"[80, 81]",None,None,None,3,False,False,False
0,2638,8,OP_008,82,418,63,0,0,False,False,False
0,2639,10,OP_010,83,76,77,0,0,False,False,False
0,2640,3,OP_003,"[84, 85]","[68, 364]",None,None,2,False,False,False
0,2641,1,OP_001,83,84,85,0,0,False,False,False
0,2642,3,OP_003,"[84, 85]","[74, 365]",None,None,2,False,False,False
0,2643,1,OP_001,83,84,85,0,0,False,False,False
0,2644,3,OP_003,"[84, 85]","[122, 369]",None,None,2,False,False,False
0,2645,1,OP_001,83,84,85,0,0,False,False,False
0,2646,3,OP_003,"[84, 85]","[124, 47]",None,None,2,False,False,False
0,2647,1,OP_001,83,84,85,0,0,False,False,False
0,2648,3,OP_003,"[84, 85]","[126, 38]",None,None,2,False,False,False
0,2649,1,OP_001,83,84,85,0,0,False,False,False
0,2650,0,OP_000,84,75,43,0,0,False,True,False
0,2651,14,OP_014,85,113,0,0,0,False,False,False
0,2652,1,OP_001,83,84,85,0,0,False,False,False
0,2653,2,OP_002,83,0,0,0,0,False,False,False
0,2654,15,OP_015,80,4,1,0,0,False,False,False
0,2655,9,OP_009,80,79,19,0,0,False,False,False
0,2656,0,OP_000,82,117,43,0,0,False,True,False
0,2657,5,OP_005,80,80,82,0,0,False,False,False
0,2658,2,OP_002,80,0,0,0,0,False,False,False
0,2659,2,OP_002,81,0,0,0,0,False,False,False
0,2660,22,OP_022,80,2,1,0,0,False,False,False
0,2661,9,OP_009,80,79,19,0,0,False,False,False
0,2662,0,OP_000,82,419,43,0,0,False,True,False
0,2663,10,OP_010,83,4,79,0,0,False,False,False
0,2664,3,OP_003,"[84, 85]","[68, 376]",None,None,2,False,False,False
0,2665,1,OP_001,83,84,85,0,0,False,False,False
0,2666,3,OP_003,"[84, 85]","[74, 4]",None,None,2,False,False,False
0,2667,1,OP_001,83,84,85,0,0,False,False,False
0,2668,0,OP_000,84,75,43,0,0,False,True,False
0,2669,14,OP_014,85,114,0,0,0,False,False,False
0,2670,1,OP_001,83,84,85,0,0,False,False,False
0,2671,0,OP_000,84,71,43,0,0,False,True,False
0,2672,36,OP_036,80,4,2,84,0,False,False,False
0,2673,0,OP_000,82,360,43,0,0,False,True,False
0,2674,5,OP_005,80,80,82,0,0,False,False,False
0,2675,6,OP_006,"[80, 81]",None,None,None,3,False,False,False
0,2676,8,OP_008,82,420,4,0,0,False,False,False
0,2677,10,OP_010,83,34,28,0,0,False,False,False
0,2678,0,OP_000,84,74,43,0,0,False,True,False
0,2679,17,OP_017,86,36,216,0,0,False,True,False
0,2680,0,OP_000,87,37,43,0,0,False,True,False
0,2681,7,OP_007,86,86,87,0,0,False,False,False
0,2682,2,OP_002,86,0,0,0,0,False,False,False
0,2683,33,OP_033,"[87, 88, 89]","[39, 168, 168]",None,None,2,False,False,False
0,2684,34,OP_034,85,4,2,0,0,False,False,False
0,2685,1,OP_001,83,84,85,0,0,False,False,False
0,2686,0,OP_000,84,75,43,0,0,False,True,False
0,2687,14,OP_014,85,115,0,0,0,False,False,False
0,2688,1,OP_001,83,84,85,0,0,False,False,False
0,2689,2,OP_002,83,0,0,0,0,False,False,False
0,2690,15,OP_015,80,4,1,0,0,False,False,False
0,2691,9,OP_009,80,79,19,0,0,False,False,False
0,2692,0,OP_000,82,119,43,0,0,False,True,False
0,2693,5,OP_005,80,80,82,0,0,False,False,False
0,2694,6,OP_006,"[80, 81]",None,None,None,3,False,False,False
0,2695,8,OP_008,82,421,43,0,0,False,False,False
0,2696,10,OP_010,83,16,21,0,0,False,False,False
0,2697,3,OP_003,"[84, 85]","[68, 422]",None,None,2,False,False,False
0,2698,1,OP_001,83,84,85,0,0,False,False,False
0,2699,3,OP_003,"[84, 85]","[74, 382]",None,None,2,False,False,False
0,2700,1,OP_001,83,84,85,0,0,False,False,False
0,2701,3,OP_003,"[84, 85]","[122, 47]",None,None,2,False,False,False
0,2702,1,OP_001,83,84,85,0,0,False,False,False
0,2703,3,OP_003,"[84, 85]","[124, 383]",None,None,2,False,False,False
0,2704,1,OP_001,83,84,85,0,0,False,False,False
0,2705,3,OP_003,"[84, 85]","[126, 38]",None,None,2,False,False,False
0,2706,1,OP_001,83,84,85,0,0,False,False,False
0,2707,0,OP_000,84,75,43,0,0,False,True,False
0,2708,14,OP_014,85,116,0,0,0,False,False,False
0,2709,1,OP_001,83,84,85,0,0,False,False,False
0,2710,2,OP_002,83,0,0,0,0,False,False,False
0,2711,15,OP_015,80,4,1,0,0,False,False,False
0,2712,9,OP_009,80,79,19,0,0,False,False,False
0,2713,0,OP_000,82,117,43,0,0,False,True,False
0,2714,5,OP_005,80,80,82,0,0,False,False,False
0,2715,117,OP_117,0,80,0,0,0,False,False,False
0,2716,2,OP_002,81,0,0,0,0,False,False,False
0,2717,22,OP_022,80,2,1,0,0,False,False,False
0,2718,9,OP_009,80,79,19,0,0,False,False,False
0,2719,0,OP_000,82,423,43,0,0,False,True,False
0,2720,10,OP_010,83,52,87,0,0,False,False,False
0,2721,3,OP_003,"[84, 85]","[68, 216]",None,None,2,False,False,False
0,2722,1,OP_001,83,84,85,0,0,False,False,False
0,2723,3,OP_003,"[84, 85]","[74, 4]",None,None,2,False,False,False
0,2724,1,OP_001,83,84,85,0,0,False,False,False
0,2725,0,OP_000,84,75,43,0,0,False,True,False
0,2726,14,OP_014,85,117,0,0,0,False,False,False
0,2727,1,OP_001,83,84,85,0,0,False,False,False
0,2728,0,OP_000,84,71,43,0,0,False,True,False
0,2729,36,OP_036,80,4,2,84,0,False,False,False
0,2730,0,OP_000,82,360,43,0,0,False,True,False
0,2731,5,OP_005,80,80,82,0,0,False,False,False
0,2732,6,OP_006,"[80, 81]",None,None,None,3,False,False,False
0,2733,8,OP_008,82,424,85,0,0,False,False,False
0,2734,10,OP_010,83,14,58,0,0,False,False,False
0,2735,0,OP_000,84,74,43,0,0,False,True,False
0,2736,17,OP_017,86,36,216,0,0,False,True,False
0,2737,0,OP_000,87,37,43,0,0,False,True,False
0,2738,7,OP_007,86,86,87,0,0,False,False,False
0,2739,2,OP_002,86,0,0,0,0,False,False,False
0,2740,33,OP_033,"[87, 88, 89]","[39, 168, 168]",None,None,2,False,False,False
0,2741,34,OP_034,85,4,2,0,0,False,False,False
0,2742,1,OP_001,83,84,85,0,0,False,False,False
0,2743,0,OP_000,84,75,43,0,0,False,True,False
0,2744,14,OP_014,85,118,0,0,0,False,False,False
0,2745,1,OP_001,83,84,85,0,0,False,False,False
0,2746,2,OP_002,83,0,0,0,0,False,False,False
0,2747,15,OP_015,80,4,1,0,0,False,False,False
0,2748,9,OP_009,80,79,19,0,0,False,False,False
0,2749,0,OP_000,82,119,43,0,0,False,True,False
0,2750,5,OP_005,80,80,82,0,0,False,False,False
0,2751,6,OP_006,"[80, 81]",None,None,None,3,False,False,False
0,2752,8,OP_008,82,425,96,0,0,False,False,False
0,2753,10,OP_010,83,1,33,0,0,False,False,False
0,2754,3,OP_003,"[84, 85]","[68, 426]",None,None,2,False,False,False
0,2755,1,OP_001,83,84,85,0,0,False,False,False
0,2756,3,OP_003,"[84, 85]","[74, 382]",None,None,2,False,False,False
0,2757,1,OP_001,83,84,85,0,0,False,False,False
0,2758,3,OP_003,"[84, 85]","[122, 47]",None,None,2,False,False,False
0,2759,1,OP_001,83,84,85,0,0,False,False,False
0,2760,3,OP_003,"[84, 85]","[124, 383]",None,None,2,False,False,False
0,2761,1,OP_001,83,84,85,0,0,False,False,False
0,2762,3,OP_003,"[84, 85]","[126, 38]",None,None,2,False,False,False
0,2763,1,OP_001,83,84,85,0,0,False,False,False
0,2764,0,OP_000,84,75,43,0,0,False,True,False
0,2765,14,OP_014,85,119,0,0,0,False,False,False
0,2766,1,OP_001,83,84,85,0,0,False,False,False
0,2767,2,OP_002,83,0,0,0,0,False,False,False
0,2768,15,OP_015,80,4,1,0,0,False,False,False
0,2769,9,OP_009,80,79,19,0,0,False,False,False
0,2770,0,OP_000,82,117,43,0,0,False,True,False
0,2771,5,OP_005,80,80,82,0,0,False,False,False
0,2772,2,OP_002,80,0,0,0,0,False,False,False
0,2773,2,OP_002,81,0,0,0,0,False,False,False
0,2774,22,OP_022,80,2,1,0,0,False,False,False
0,2775,9,OP_009,80,79,19,0,0,False,False,False
0,2776,0,OP_000,82,427,43,0,0,False,True,False
0,2777,10,OP_010,83,96,45,0,0,False,False,False
0,2778,3,OP_003,"[84, 85]","[68, 403]",None,None,2,False,False,False
0,2779,1,OP_001,83,84,85,0,0,False,False,False
0,2780,3,OP_003,"[84, 85]","[74, 6]",None,None,2,False,False,False
0,2781,1,OP_001,83,84,85,0,0,False,False,False
0,2782,0,OP_000,84,75,43,0,0,False,True,False
0,2783,14,OP_014,85,120,0,0,0,False,False,False
0,2784,1,OP_001,83,84,85,0,0,False,False,False
0,2785,0,OP_000,84,71,43,0,0,False,True,False
0,2786,36,OP_036,80,4,2,84,0,False,False,False
0,2787,0,OP_000,82,360,43,0,0,False,True,False
0,2788,5,OP_005,80,80,82,0,0,False,False,False
0,2789,6,OP_006,"[80, 81]",None,None,None,3,False,False,False
0,2790,8,OP_008,82,428,46,0,0,False,False,False
0,2791,10,OP_010,83,50,84,0,0,False,False,False
0,2792,3,OP_003,"[84, 85]","[68, 429]",None,None,2,False,False,False
0,2793,164,OP_164,83,84,85,95,0,False,False,False
0,2794,31,OP_031,84,74,9,108,0,False,True,False
0,2795,31,OP_031,86,36,96,169,0,False,True,False
0,2796,31,OP_031,87,37,67,181,0,False,True,False
0,2797,7,OP_007,86,86,87,0,0,False,False,False
0,2798,2,OP_002,86,0,0,0,0,False,False,False
0,2799,33,OP_033,"[87, 88, 89]","[39, 168, 168]",None,None,2,False,False,False
0,2800,34,OP_034,85,4,2,0,0,False,False,False
0,2801,1,OP_001,83,84,85,0,0,False,False,False
0,2802,0,OP_000,84,75,43,0,0,False,True,False
0,2803,14,OP_014,85,121,0,0,0,False,False,False
0,2804,1,OP_001,83,84,85,0,0,False,False,False
0,2805,2,OP_002,83,0,0,0,0,False,False,False
0,2806,15,OP_015,80,4,1,0,0,False,False,False
0,2807,9,OP_009,80,79,19,0,0,False,False,False
0,2808,0,OP_000,82,119,43,0,0,False,True,False
0,2809,5,OP_005,80,80,82,0,0,False,False,False
0,2810,6,OP_006,"[80, 81]",None,None,None,3,False,False,False
0,2811,8,OP_008,82,430,26,0,0,False,False,False
0,2812,10,OP_010,83,34,80,0,0,False,False,False
0,2813,3,OP_003,"[84, 85]","[68, 408]",None,None,2,False,False,False
0,2814,1,OP_001,83,84,85,0,0,False,False,False
0,2815,3,OP_003,"[84, 85]","[74, 182]",None,None,2,False,False,False
0,2816,1,OP_001,83,84,85,0,0,False,False,False
0,2817,3,OP_003,"[84, 85]","[122, 38]",None,None,2,False,False,False
0,2818,1,OP_001,83,84,85,0,0,False,False,False
0,2819,3,OP_003,"[84, 85]","[124, 96]",None,None,2,False,False,False
0,2820,1,OP_001,83,84,85,0,0,False,False,False
0,2821,3,OP_003,"[84, 85]","[126, 369]",None,None,2,False,False,False
0,2822,1,OP_001,83,84,85,0,0,False,False,False
0,2823,0,OP_000,84,75,43,0,0,False,True,False
0,2824,14,OP_014,85,122,0,0,0,False,False,False
0,2825,1,OP_001,83,84,85,0,0,False,False,False
0,2826,2,OP_002,83,0,0,0,0,False,False,False
0,2827,15,OP_015,80,4,1,0,0,False,False,False
0,2828,17,OP_017,81,158,216,0,0,False,True,False
0,2829,0,OP_000,82,159,43,0,0,False,True,False
0,2830,7,OP_007,81,81,82,0,0,False,False,False
0,2831,2,OP_002,81,0,0,0,0,False,False,False
0,2832,14,OP_014,82,123,0,0,0,False,False,False
0,2833,2,OP_002,82,0,0,0,0,False,False,False
0,2834,22,OP_022,80,2,1,0,0,False,False,False
0,2835,9,OP_009,81,7,19,0,0,False,False,False
0,2836,3,OP_003,"[83, 84]","[23, 24]",None,None,2,False,False,False
0,2837,25,OP_025,81,3,2,84,0,False,False,False
0,2838,18,OP_018,81,38,80,0,0,False,False,False
0,2839,32,OP_032,81,39,0,0,0,False,False,False
0,2840,32,OP_032,82,40,0,0,0,False,False,False
0,2841,0,OP_000,83,6,43,0,0,False,True,False
0,2842,30,OP_030,84,80,59,0,0,False,False,False
0,2843,29,OP_029,84,83,15,0,0,False,False,False
0,2844,30,OP_030,83,50,32,0,0,False,False,False
0,2845,14,OP_014,85,124,0,0,0,False,False,False
0,2846,29,OP_029,83,85,84,0,0,False,False,False
0,2847,30,OP_030,85,96,22,0,0,False,False,False
0,2848,14,OP_014,86,125,0,0,0,False,False,False
0,2849,29,OP_029,85,86,55,0,0,False,False,False
0,2850,30,OP_030,86,14,76,0,0,False,False,False
0,2851,14,OP_014,87,126,0,0,0,False,False,False
0,2852,29,OP_029,86,87,85,0,0,False,False,False
0,2853,9,OP_009,87,8,19,0,0,False,False,False
0,2854,0,OP_000,92,842,43,0,0,False,True,False
0,2855,5,OP_005,87,87,92,0,0,False,False,False
0,2856,2,OP_002,87,0,0,0,0,False,False,False
0,2857,2,OP_002,88,0,0,0,0,False,False,False
0,2858,61,OP_061,87,2,4,0,0,False,False,False
0,2859,41,OP_041,87,2863,2,0,0,False,False,False
0,2860,50,OP_050,93,86,52,0,0,False,False,False
0,2861,2,OP_002,93,0,0,0,0,False,False,False
0,2862,2,OP_002,91,0,0,0,0,False,False,False
0,2863,22,OP_022,92,2,1,0,0,False,False,False
0,2864,40,OP_040,87,2859,2,0,0,False,False,False
0,2865,0,OP_000,88,843,43,0,0,False,True,False
0,2866,7,OP_007,87,8,88,0,0,False,False,False
0,2867,0,OP_000,89,22,43,0,0,False,True,False
0,2868,5,OP_005,87,87,89,0,0,False,False,False
0,2869,6,OP_006,"[87, 88]",None,None,None,3,False,False,False
0,2870,50,OP_050,89,86,88,0,0,False,False,False
0,2871,2,OP_002,89,0,0,0,0,False,False,False
0,2872,23,OP_023,87,3,1,0,0,False,False,False
0,2873,0,OP_000,88,53,43,0,0,False,True,False
0,2874,7,OP_007,87,23,88,0,0,False,False,False
0,2875,0,OP_000,89,58,43,0,0,False,True,False
0,2876,5,OP_005,87,87,89,0,0,False,False,False
0,2877,6,OP_006,"[87, 88]",None,None,None,3,False,False,False
0,2878,8,OP_008,89,844,12,0,0,False,False,False
0,2879,24,OP_024,87,3,2,0,0,False,False,False
0,2880,45,OP_045,88,41,0,0,0,False,False,False
0,2881,45,OP_045,89,42,0,0,0,False,False,False
0,2882,9,OP_009,90,87,19,0,0,False,False,False
0,2883,0,OP_000,92,71,43,0,0,False,True,False
0,2884,5,OP_005,90,90,92,0,0,False,False,False
0,2885,6,OP_006,"[90, 91]",None,None,None,3,False,False,False
0,2886,8,OP_008,92,964,96,0,0,False,False,False
0,2887,10,OP_010,93,22,8,0,0,False,False,False
0,2888,3,OP_003,"[94, 95]","[68, 965]",None,None,2,False,False,False
0,2889,1,OP_001,93,94,95,0,0,False,False,False
0,2890,3,OP_003,"[94, 95]","[74, 4]",None,None,2,False,False,False
0,2891,1,OP_001,93,94,95,0,0,False,False,False
0,2892,3,OP_003,"[94, 95]","[83, 966]",None,None,2,False,False,False
0,2893,1,OP_001,93,94,95,0,0,False,False,False
0,2894,0,OP_000,94,75,43,0,0,False,True,False
0,2895,49,OP_049,95,127,43,0,0,False,False,False
0,2896,1,OP_001,93,94,95,0,0,False,False,False
0,2897,2,OP_002,93,0,0,0,0,False,False,False
0,2898,15,OP_015,90,4,1,0,0,False,False,False
0,2899,9,OP_009,94,87,19,0,0,False,False,False
0,2900,0,OP_000,96,967,43,0,0,False,True,False
0,2901,10,OP_010,97,60,97,0,0,False,False,False
0,2902,3,OP_003,"[98, 99]","[68, 968]",None,None,2,False,False,False
0,2903,1,OP_001,97,98,99,0,0,False,False,False
0,2904,3,OP_003,"[98, 99]","[74, 6]",None,None,2,False,False,False
0,2905,1,OP_001,97,98,99,0,0,False,False,False
0,2906,3,OP_003,"[98, 99]","[83, 969]",None,None,2,False,False,False
0,2907,1,OP_001,97,98,99,0,0,False,False,False
0,2908,0,OP_000,98,75,43,0,0,False,True,False
0,2909,14,OP_014,99,128,0,0,0,False,False,False
0,2910,1,OP_001,97,98,99,0,0,False,False,False
0,2911,0,OP_000,98,71,43,0,0,False,True,False
0,2912,36,OP_036,94,4,2,98,0,False,False,False
0,2913,9,OP_009,90,94,19,0,0,False,False,False
0,2914,0,OP_000,92,970,43,0,0,False,True,False
0,2915,116,OP_116,8,93,19,0,0,False,False,False
0,2916,0,OP_000,94,92,43,0,0,False,True,False
0,2917,1,OP_001,93,94,88,0,0,False,False,False
0,2918,3,OP_003,"[94, 95]","[74, 96]",None,None,2,False,False,False
0,2919,1,OP_001,93,94,95,0,0,False,False,False
0,2920,3,OP_003,"[94, 95]","[97, 6]",None,None,2,False,False,False
0,2921,1,OP_001,93,94,95,0,0,False,False,False
0,2922,3,OP_003,"[94, 95]","[68, 971]",None,None,2,False,False,False
0,2923,1,OP_001,93,94,95,0,0,False,False,False
0,2924,3,OP_003,"[94, 95]","[83, 972]",None,None,2,False,False,False
0,2925,1,OP_001,93,94,95,0,0,False,False,False
0,2926,0,OP_000,94,90,43,0,0,False,True,False
0,2927,36,OP_036,90,4,2,94,0,False,False,False
0,2928,0,OP_000,92,314,43,0,0,False,True,False
0,2929,5,OP_005,90,90,92,0,0,False,False,False
0,2930,6,OP_006,"[90, 91]",None,None,None,3,False,False,False
0,2931,8,OP_008,92,973,84,0,0,False,False,False
0,2932,32,OP_032,93,43,0,0,0,False,False,False
0,2933,2,OP_002,93,0,0,0,0,False,False,False
0,2934,15,OP_015,90,4,1,0,0,False,False,False
0,2935,9,OP_009,90,87,19,0,0,False,False,False
0,2936,0,OP_000,92,119,43,0,0,False,True,False
0,2937,5,OP_005,90,90,92,0,0,False,False,False
0,2938,6,OP_006,"[90, 91]",None,None,None,3,False,False,False
0,2939,8,OP_008,92,977,95,0,0,False,False,False
0,2940,32,OP_032,93,44,0,0,0,False,False,False
0,2941,2,OP_002,93,0,0,0,0,False,False,False
0,2942,15,OP_015,90,4,1,0,0,False,False,False
0,2943,9,OP_009,94,87,19,0,0,False,False,False
0,2944,0,OP_000,96,979,43,0,0,False,True,False
0,2945,10,OP_010,97,71,83,0,0,False,False,False
0,2946,3,OP_003,"[98, 99]","[68, 980]",None,None,2,False,False,False
0,2947,1,OP_001,97,98,99,0,0,False,False,False
0,2948,3,OP_003,"[98, 99]","[74, 6]",None,None,2,False,False,False
0,2949,1,OP_001,97,98,99,0,0,False,False,False
0,2950,3,OP_003,"[98, 99]","[83, 981]",None,None,2,False,False,False
0,2951,1,OP_001,97,98,99,0,0,False,False,False
0,2952,0,OP_000,98,75,43,0,0,False,True,False
0,2953,14,OP_014,99,129,0,0,0,False,False,False
0,2954,1,OP_001,97,98,99,0,0,False,False,False
0,2955,0,OP_000,98,71,43,0,0,False,True,False
0,2956,36,OP_036,94,4,2,98,0,False,False,False
0,2957,9,OP_009,90,94,19,0,0,False,False,False
0,2958,0,OP_000,92,982,43,0,0,False,True,False
0,2959,10,OP_010,93,17,6,0,0,False,False,False
0,2960,0,OP_000,94,92,43,0,0,False,True,False
0,2961,1,OP_001,93,94,88,0,0,False,False,False
0,2962,3,OP_003,"[94, 95]","[74, 369]",None,None,2,False,False,False
0,2963,1,OP_001,93,94,95,0,0,False,False,False
0,2964,3,OP_003,"[94, 95]","[97, 6]",None,None,2,False,False,False
0,2965,1,OP_001,93,94,95,0,0,False,False,False
0,2966,3,OP_003,"[94, 95]","[68, 971]",None,None,2,False,False,False
0,2967,1,OP_001,93,94,95,0,0,False,False,False
0,2968,3,OP_003,"[94, 95]","[83, 983]",None,None,2,False,False,False
0,2969,1,OP_001,93,94,95,0,0,False,False,False
0,2970,0,OP_000,94,90,43,0,0,False,True,False
0,2971,36,OP_036,90,4,2,94,0,False,False,False
0,2972,0,OP_000,92,314,43,0,0,False,True,False
0,2973,5,OP_005,90,90,92,0,0,False,False,False
0,2974,6,OP_006,"[90, 91]",None,None,None,3,False,False,False
0,2975,8,OP_008,92,984,29,0,0,False,False,False
0,2976,32,OP_032,93,45,0,0,0,False,False,False
0,2977,2,OP_002,93,0,0,0,0,False,False,False
0,2978,15,OP_015,90,4,1,0,0,False,False,False
0,2979,9,OP_009,90,87,19,0,0,False,False,False
0,2980,0,OP_000,92,119,43,0,0,False,True,False
0,2981,5,OP_005,90,90,92,0,0,False,False,False
0,2982,6,OP_006,"[90, 91]",None,None,None,3,False,False,False
0,2983,8,OP_008,92,987,83,0,0,False,False,False
0,2984,32,OP_032,93,46,0,0,0,False,False,False
0,2985,126,OP_126,0,93,0,0,0,False,False,False
0,2986,15,OP_015,90,4,1,0,0,False,False,False
0,2987,9,OP_009,94,87,19,0,0,False,False,False
0,2988,0,OP_000,96,989,43,0,0,False,True,False
0,2989,10,OP_010,97,63,92,0,0,False,False,False
0,2990,3,OP_003,"[98, 99]","[68, 990]",None,None,2,False,False,False
0,2991,1,OP_001,97,98,99,0,0,False,False,False
0,2992,3,OP_003,"[98, 99]","[74, 6]",None,None,2,False,False,False
0,2993,1,OP_001,97,98,99,0,0,False,False,False
0,2994,3,OP_003,"[98, 99]","[83, 991]",None,None,2,False,False,False
0,2995,1,OP_001,97,98,99,0,0,False,False,False
0,2996,0,OP_000,98,75,43,0,0,False,True,False
0,2997,14,OP_014,99,130,0,0,0,False,False,False
0,2998,1,OP_001,97,98,99,0,0,False,False,False
0,2999,0,OP_000,98,71,43,0,0,False,True,False
0,3000,36,OP_036,94,4,2,98,0,False,False,False
0,3001,9,OP_009,90,94,19,0,0,False,False,False
0,3002,0,OP_000,92,992,43,0,0,False,True,False
0,3003,10,OP_010,93,76,3,0,0,False,False,False
0,3004,0,OP_000,94,92,43,0,0,False,True,False
0,3005,1,OP_001,93,94,88,0,0,False,False,False
0,3006,3,OP_003,"[94, 95]","[74, 365]",None,None,2,False,False,False
0,3007,1,OP_001,93,94,95,0,0,False,False,False
0,3008,3,OP_003,"[94, 95]","[97, 6]",None,None,2,False,False,False
0,3009,1,OP_001,93,94,95,0,0,False,False,False
0,3010,3,OP_003,"[94, 95]","[68, 971]",None,None,2,False,False,False
0,3011,1,OP_001,93,94,95,0,0,False,False,False
0,3012,3,OP_003,"[94, 95]","[83, 993]",None,None,2,False,False,False
0,3013,1,OP_001,93,94,95,0,0,False,False,False
0,3014,0,OP_000,94,90,43,0,0,False,True,False
0,3015,36,OP_036,90,4,2,94,0,False,False,False
0,3016,0,OP_000,92,314,43,0,0,False,True,False
0,3017,5,OP_005,90,90,92,0,0,False,False,False
0,3018,6,OP_006,"[90, 91]",None,None,None,3,False,False,False
0,3019,8,OP_008,92,994,41,0,0,False,False,False
0,3020,32,OP_032,93,47,0,0,0,False,False,False
0,3021,2,OP_002,93,0,0,0,0,False,False,False
0,3022,15,OP_015,90,4,1,0,0,False,False,False
0,3023,9,OP_009,90,87,19,0,0,False,False,False
0,3024,0,OP_000,92,119,43,0,0,False,True,False
0,3025,5,OP_005,90,90,92,0,0,False,False,False
0,3026,6,OP_006,"[90, 91]",None,None,None,3,False,False,False
0,3027,8,OP_008,92,997,58,0,0,False,False,False
0,3028,32,OP_032,93,48,0,0,0,False,False,False
0,3029,2,OP_002,93,0,0,0,0,False,False,False
0,3030,15,OP_015,90,4,1,0,0,False,False,False
0,3031,0,OP_000,91,53,43,0,0,False,True,False
0,3032,7,OP_007,90,23,91,0,0,False,False,False
0,3033,0,OP_000,92,61,43,0,0,False,True,False
0,3034,5,OP_005,90,90,92,0,0,False,False,False
0,3035,6,OP_006,"[90, 91]",None,None,None,3,False,False,False
0,3036,8,OP_008,92,999,11,0,0,False,False,False
0,3037,24,OP_024,90,3,2,0,0,False,False,False
0,3038,9,OP_009,91,90,19,0,0,False,False,False
0,3039,0,OP_000,93,71,43,0,0,False,True,False
0,3040,5,OP_005,91,91,93,0,0,False,False,False
0,3041,6,OP_006,"[91, 92]",None,None,None,3,False,False,False
0,3042,8,OP_008,93,1000,6,0,0,False,False,False
0,3043,32,OP_032,94,49,0,0,0,False,False,False
0,3044,2,OP_002,94,0,0,0,0,False,False,False
0,3045,15,OP_015,91,4,1,0,0,False,False,False
0,3046,45,OP_045,91,50,0,0,0,False,False,False
0,3047,3,OP_003,"[92, 93, 94]","[96, 106, 96]",None,None,2,False,False,False
0,3048,76,OP_076,92,3132,95,0,0,False,False,False
0,3049,4,OP_004,96,1012,78,0,0,False,True,False
0,3050,42,OP_042,96,96,95,0,0,False,False,False
0,3051,4,OP_004,97,1013,29,0,0,False,True,False
0,3052,42,OP_042,97,97,95,0,0,False,False,False
0,3053,4,OP_004,98,1014,26,0,0,False,True,False
0,3054,42,OP_042,98,98,95,0,0,False,False,False
0,3055,4,OP_004,99,1015,71,0,0,False,True,False
0,3056,42,OP_042,99,99,95,0,0,False,False,False
0,3057,27,OP_027,"[104, 106]","[90, 96]",None,None,2,False,False,False
0,3058,10,OP_010,107,61,37,0,0,False,False,False
0,3059,3,OP_003,"[108, 109]","[68, 1016]",None,None,2,False,False,False
0,3060,42,OP_042,109,109,95,0,0,False,False,False
0,3061,1,OP_001,107,108,109,0,0,False,False,False
0,3062,3,OP_003,"[108, 109]","[74, 6]",None,None,2,False,False,False
0,3063,1,OP_001,107,108,109,0,0,False,False,False
0,3064,3,OP_003,"[108, 109]","[83, 1017]",None,None,2,False,False,False
0,3065,42,OP_042,109,109,95,0,0,False,False,False
0,3066,1,OP_001,107,108,109,0,0,False,False,False
0,3067,4,OP_004,108,75,60,0,0,False,True,False
0,3068,14,OP_014,109,131,0,0,0,False,False,False
0,3069,1,OP_001,107,108,109,0,0,False,False,False
0,3070,4,OP_004,108,71,7,0,0,False,True,False
0,3071,36,OP_036,104,4,2,108,0,False,False,False
0,3072,27,OP_027,"[100, 102]","[104, 97]",None,None,2,False,False,False
0,3073,10,OP_010,103,28,89,0,0,False,False,False
0,3074,4,OP_004,104,92,3,0,0,False,True,False
0,3075,1,OP_001,103,104,89,0,0,False,False,False
0,3076,4,OP_004,104,74,68,0,0,False,True,False
0,3077,19,OP_019,106,1018,31,0,0,False,True,False
0,3078,4,OP_004,107,1019,7,0,0,False,True,False
0,3079,7,OP_007,106,106,107,0,0,False,False,False
0,3080,6,OP_006,"[106, 95]",None,None,None,3,False,False,False
0,3081,65,OP_065,108,89,70,0,0,False,False,False
0,3082,2,OP_002,108,0,0,0,0,False,False,False
0,3083,24,OP_024,105,3,2,0,0,False,False,False
0,3084,1,OP_001,103,104,105,0,0,False,False,False
0,3085,3,OP_003,"[104, 105]","[97, 6]",None,None,2,False,False,False
0,3086,1,OP_001,103,104,105,0,0,False,False,False
0,3087,3,OP_003,"[104, 105]","[68, 1020]",None,None,2,False,False,False
0,3088,42,OP_042,105,105,95,0,0,False,False,False
0,3089,1,OP_001,103,104,105,0,0,False,False,False
0,3090,3,OP_003,"[104, 105]","[83, 1021]",None,None,2,False,False,False
0,3091,42,OP_042,105,105,95,0,0,False,False,False
0,3092,1,OP_001,103,104,105,0,0,False,False,False
0,3093,4,OP_004,104,90,24,0,0,False,True,False
0,3094,36,OP_036,100,4,2,104,0,False,False,False
0,3095,4,OP_004,102,314,40,0,0,False,True,False
0,3096,5,OP_005,100,100,102,0,0,False,False,False
0,3097,6,OP_006,"[100, 101, 98]",None,None,None,3,False,False,False
0,3098,10,OP_010,103,89,55,0,0,False,False,False
0,3099,4,OP_004,104,74,36,0,0,False,True,False
0,3100,7,OP_007,105,91,95,0,0,False,False,False
0,3101,1,OP_001,103,104,105,0,0,False,False,False
0,3102,3,OP_003,"[104, 105]","[176, 975]",None,None,2,False,False,False
0,3103,1,OP_001,103,104,105,0,0,False,False,False
0,3104,3,OP_003,"[104, 105]","[68, 1022]",None,None,2,False,False,False
0,3105,42,OP_042,105,105,95,0,0,False,False,False
0,3106,1,OP_001,103,104,105,0,0,False,False,False
0,3107,3,OP_003,"[104, 105]","[319, 4]",None,None,2,False,False,False
0,3108,1,OP_001,103,104,105,0,0,False,False,False
0,3109,3,OP_003,"[104, 105]","[83, 1023]",None,None,2,False,False,False
0,3110,1,OP_001,103,104,105,0,0,False,False,False
0,3111,2,OP_002,103,0,0,0,0,False,False,False
0,3112,15,OP_015,100,4,1,0,0,False,False,False
0,3113,21,OP_021,100,90,87,0,0,False,False,False
0,3114,4,OP_004,102,119,91,0,0,False,True,False
0,3115,5,OP_005,100,100,102,0,0,False,False,False
0,3116,6,OP_006,"[100, 101, 99]",None,None,None,3,False,False,False
0,3117,10,OP_010,103,27,78,0,0,False,False,False
0,3118,3,OP_003,"[104, 105]","[68, 1024]",None,None,2,False,False,False
0,3119,42,OP_042,105,105,95,0,0,False,False,False
0,3120,1,OP_001,103,104,105,0,0,False,False,False
0,3121,3,OP_003,"[104, 105]","[74, 1025]",None,None,2,False,False,False
0,3122,1,OP_001,103,104,105,0,0,False,False,False
0,3123,3,OP_003,"[104, 105]","[122, 1026]",None,None,2,False,False,False
0,3124,1,OP_001,103,104,105,0,0,False,False,False
0,3125,3,OP_003,"[104, 105]","[124, 400]",None,None,2,False,False,False
0,3126,1,OP_001,103,104,105,0,0,False,False,False
0,3127,3,OP_003,"[104, 105]","[126, 369]",None,None,2,False,False,False
0,3128,1,OP_001,103,104,105,0,0,False,False,False
0,3129,3,OP_003,"[104, 105]","[1027, 1028]",None,None,2,False,False,False
0,3130,1,OP_001,103,104,105,0,0,False,False,False
0,3131,2,OP_002,103,0,0,0,0,False,False,False
0,3132,15,OP_015,100,4,1,0,0,False,False,False
0,3133,81,OP_081,92,3048,95,0,0,False,False,False
0,3134,0,OP_000,93,53,43,0,0,False,True,False
0,3135,7,OP_007,92,23,93,0,0,False,False,False
0,3136,0,OP_000,94,61,43,0,0,False,True,False
0,3137,5,OP_005,92,92,94,0,0,False,False,False
0,3138,6,OP_006,"[92, 93]",None,None,None,3,False,False,False
0,3139,8,OP_008,94,1029,41,0,0,False,False,False
0,3140,24,OP_024,92,3,2,0,0,False,False,False
0,3141,9,OP_009,93,92,19,0,0,False,False,False
0,3142,0,OP_000,95,71,43,0,0,False,True,False
0,3143,5,OP_005,93,93,95,0,0,False,False,False
0,3144,6,OP_006,"[93, 94]",None,None,None,3,False,False,False
0,3145,8,OP_008,95,1030,35,0,0,False,False,False
0,3146,32,OP_032,96,51,0,0,0,False,False,False
0,3147,2,OP_002,96,0,0,0,0,False,False,False
0,3148,15,OP_015,93,4,1,0,0,False,False,False
0,3149,9,OP_009,93,92,19,0,0,False,False,False
0,3150,0,OP_000,95,119,43,0,0,False,True,False
0,3151,5,OP_005,93,93,95,0,0,False,False,False
0,3152,6,OP_006,"[93, 94]",None,None,None,3,False,False,False
0,3153,8,OP_008,95,1033,75,0,0,False,False,False
0,3154,32,OP_032,96,52,0,0,0,False,False,False
0,3155,2,OP_002,96,0,0,0,0,False,False,False
0,3156,15,OP_015,93,4,1,0,0,False,False,False
0,3157,9,OP_009,93,92,19,0,0,False,False,False
0,3158,0,OP_000,95,119,43,0,0,False,True,False
0,3159,5,OP_005,93,93,95,0,0,False,False,False
0,3160,6,OP_006,"[93, 94]",None,None,None,3,False,False,False
0,3161,8,OP_008,95,1035,53,0,0,False,False,False
0,3162,32,OP_032,96,53,0,0,0,False,False,False
0,3163,2,OP_002,96,0,0,0,0,False,False,False
0,3164,15,OP_015,93,4,1,0,0,False,False,False
0,3165,9,OP_009,93,92,19,0,0,False,False,False
0,3166,0,OP_000,95,119,43,0,0,False,True,False
0,3167,5,OP_005,93,93,95,0,0,False,False,False
0,3168,6,OP_006,"[93, 94]",None,None,None,3,False,False,False
0,3169,8,OP_008,95,1039,81,0,0,False,False,False
0,3170,32,OP_032,96,54,0,0,0,False,False,False
0,3171,2,OP_002,96,0,0,0,0,False,False,False
0,3172,15,OP_015,93,4,1,0,0,False,False,False
0,3173,9,OP_009,93,92,19,0,0,False,False,False
0,3174,0,OP_000,95,119,43,0,0,False,True,False
0,3175,5,OP_005,93,93,95,0,0,False,False,False
0,3176,6,OP_006,"[93, 94]",None,None,None,3,False,False,False
0,3177,8,OP_008,95,1043,19,0,0,False,False,False
0,3178,32,OP_032,96,55,0,0,0,False,False,False
0,3179,2,OP_002,96,0,0,0,0,False,False,False
0,3180,15,OP_015,93,4,1,0,0,False,False,False
0,3181,9,OP_009,93,92,19,0,0,False,False,False
0,3182,0,OP_000,95,71,43,0,0,False,True,False
0,3183,5,OP_005,93,93,95,0,0,False,False,False
0,3184,6,OP_006,"[93, 94]",None,None,None,3,False,False,False
0,3185,8,OP_008,95,1029,1,0,0,False,False,False
0,3186,32,OP_032,96,56,0,0,0,False,False,False
0,3187,2,OP_002,96,0,0,0,0,False,False,False
0,3188,15,OP_015,93,4,1,0,0,False,False,False
0,3189,127,OP_127,132,94,2,0,0,False,False,False
0,3190,2,OP_002,94,0,0,0,0,False,False,False
0,3191,62,OP_062,93,1,1,0,0,False,False,False
0,3192,0,OP_000,94,57,43,0,0,False,True,False
0,3193,7,OP_007,93,23,94,0,0,False,False,False
0,3194,0,OP_000,95,58,43,0,0,False,True,False
0,3195,5,OP_005,93,93,95,0,0,False,False,False
0,3196,6,OP_006,"[93, 94]",None,None,None,3,False,False,False
0,3197,8,OP_008,95,1047,62,0,0,False,False,False
0,3198,24,OP_024,93,3,2,0,0,False,False,False
0,3199,9,OP_009,94,93,19,0,0,False,False,False
0,3200,0,OP_000,96,71,43,0,0,False,True,False
0,3201,5,OP_005,94,94,96,0,0,False,False,False
0,3202,6,OP_006,"[94, 95]",None,None,None,3,False,False,False
0,3203,8,OP_008,96,1048,22,0,0,False,False,False
0,3204,10,OP_010,97,3,78,0,0,False,False,False
0,3205,0,OP_000,98,74,43,0,0,False,True,False
0,3206,9,OP_009,100,2,19,0,0,False,False,False
0,3207,18,OP_018,100,57,99,0,0,False,False,False
0,3208,1,OP_001,97,98,99,0,0,False,False,False
0,3209,3,OP_003,"[98, 99]","[68, 1050]",None,None,2,False,False,False
0,3210,58,OP_058,97,98,99,179,0,False,False,False
0,3211,31,OP_031,98,75,42,275,0,False,True,False
0,3212,14,OP_014,99,133,0,0,0,False,False,False
0,3213,1,OP_001,97,98,99,0,0,False,False,False
0,3214,2,OP_002,97,0,0,0,0,False,False,False
0,3215,15,OP_015,94,4,1,0,0,False,False,False
0,3216,9,OP_009,94,93,19,0,0,False,False,False
0,3217,0,OP_000,96,71,43,0,0,False,True,False
0,3218,5,OP_005,94,94,96,0,0,False,False,False
0,3219,6,OP_006,"[94, 95]",None,None,None,3,False,False,False
0,3220,8,OP_008,96,5,11,0,0,False,False,False
0,3221,10,OP_010,97,53,57,0,0,False,False,False
0,3222,3,OP_003,"[98, 99]","[68, 1051]",None,None,2,False,False,False
0,3223,1,OP_001,97,98,99,0,0,False,False,False
0,3224,3,OP_003,"[98, 99]","[74, 4]",None,None,2,False,False,False
0,3225,1,OP_001,97,98,99,0,0,False,False,False
0,3226,0,OP_000,98,75,43,0,0,False,True,False
0,3227,14,OP_014,99,134,0,0,0,False,False,False
0,3228,1,OP_001,97,98,99,0,0,False,False,False
0,3229,2,OP_002,97,0,0,0,0,False,False,False
0,3230,15,OP_015,94,4,1,0,0,False,False,False
0,3231,9,OP_009,94,93,19,0,0,False,False,False
0,3232,0,OP_000,96,117,43,0,0,False,True,False
0,3233,5,OP_005,94,94,96,0,0,False,False,False
0,3234,2,OP_002,94,0,0,0,0,False,False,False
0,3235,2,OP_002,95,0,0,0,0,False,False,False
0,3236,22,OP_022,94,2,1,0,0,False,False,False
0,3237,9,OP_009,94,93,19,0,0,False,False,False
0,3238,3,OP_003,"[96, 97]","[1052, 65]",None,None,2,False,False,False
0,3239,25,OP_025,94,3,2,97,0,False,False,False
0,3240,0,OP_000,96,314,43,0,0,False,True,False
0,3241,5,OP_005,94,94,96,0,0,False,False,False
0,3242,6,OP_006,"[94, 95]",None,None,None,3,False,False,False
0,3243,8,OP_008,96,1053,82,0,0,False,False,False
0,3244,32,OP_032,97,58,0,0,0,False,False,False
0,3245,2,OP_002,97,0,0,0,0,False,False,False
0,3246,15,OP_015,94,4,1,0,0,False,False,False
0,3247,9,OP_009,94,93,19,0,0,False,False,False
0,3248,0,OP_000,96,67,43,0,0,False,True,False
0,3249,5,OP_005,94,94,96,0,0,False,False,False
0,3250,6,OP_006,"[94, 95]",None,None,None,3,False,False,False
0,3251,8,OP_008,96,1057,45,0,0,False,False,False
0,3252,14,OP_014,97,135,0,0,0,False,False,False
0,3253,2,OP_002,97,0,0,0,0,False,False,False
0,3254,15,OP_015,94,4,1,0,0,False,False,False
0,3255,3,OP_003,"[94, 96]","[1058, 1053]",None,None,2,False,False,False
0,3256,7,OP_007,95,5,96,0,0,False,False,False
0,3257,1,OP_001,2,94,95,0,0,False,False,False
0,3258,9,OP_009,94,3,19,0,0,False,False,False
0,3259,0,OP_000,96,1059,43,0,0,False,True,False
0,3260,5,OP_005,94,94,96,0,0,False,False,False
0,3261,2,OP_002,94,0,0,0,0,False,False,False
0,3262,6,OP_006,"[95, 2]",None,None,None,3,False,False,False
0,3263,23,OP_023,94,3,1,0,0,False,False,False
0,3264,9,OP_009,94,4,19,0,0,False,False,False
0,3265,0,OP_000,96,1059,43,0,0,False,True,False
0,3266,5,OP_005,94,94,96,0,0,False,False,False
0,3267,2,OP_002,94,0,0,0,0,False,False,False
0,3268,6,OP_006,"[95, 2]",None,None,None,3,False,False,False
0,3269,23,OP_023,94,3,1,0,0,False,False,False
0,3270,58,OP_058,94,4,19,178,0,False,False,False
0,3271,31,OP_031,96,1060,55,275,0,False,True,False
0,3272,5,OP_005,94,94,96,0,0,False,False,False
0,3273,2,OP_002,94,0,0,0,0,False,False,False
0,3274,2,OP_002,95,0,0,0,0,False,False,False
0,3275,22,OP_022,94,2,1,0,0,False,False,False
0,3276,9,OP_009,94,4,19,0,0,False,False,False
0,3277,0,OP_000,96,1061,43,0,0,False,True,False
0,3278,115,OP_115,94,94,96,0,0,False,False,False
0,3279,6,OP_006,"[94, 95]",None,None,None,3,False,False,False
0,3280,45,OP_045,96,59,0,0,0,False,False,False
0,3281,2,OP_002,96,0,0,0,0,False,False,False
0,3282,23,OP_023,94,3,1,0,0,False,False,False
0,3283,9,OP_009,94,3,19,0,0,False,False,False
0,3284,0,OP_000,96,1062,43,0,0,False,True,False
0,3285,5,OP_005,94,94,96,0,0,False,False,False
0,3286,6,OP_006,"[94, 95]",None,None,None,3,False,False,False
0,3287,8,OP_008,96,1063,86,0,0,False,False,False
0,3288,23,OP_023,94,3,1,0,0,False,False,False
0,3289,9,OP_009,94,4,19,0,0,False,False,False
0,3290,0,OP_000,96,1062,43,0,0,False,True,False
0,3291,5,OP_005,94,94,96,0,0,False,False,False
0,3292,6,OP_006,"[94, 95]",None,None,None,3,False,False,False
0,3293,8,OP_008,96,1064,6,0,0,False,False,False
0,3294,23,OP_023,94,3,1,0,0,False,False,False
0,3295,9,OP_009,94,4,19,0,0,False,False,False
0,3296,0,OP_000,96,1065,43,0,0,False,True,False
0,3297,5,OP_005,94,94,96,0,0,False,False,False
0,3298,6,OP_006,"[94, 95]",None,None,None,3,False,False,False
0,3299,0,OP_000,97,57,43,0,0,False,True,False
0,3300,7,OP_007,96,23,97,0,0,False,False,False
0,3301,2,OP_002,96,0,0,0,0,False,False,False
0,3302,23,OP_023,94,3,1,0,0,False,False,False
0,3303,9,OP_009,94,3,19,0,0,False,False,False
0,3304,0,OP_000,96,1066,43,0,0,False,True,False
0,3305,5,OP_005,94,94,96,0,0,False,False,False
0,3306,6,OP_006,"[94, 95]",None,None,None,3,False,False,False
0,3307,0,OP_000,97,57,43,0,0,False,True,False
0,3308,119,OP_119,23,96,97,0,0,False,False,False
0,3309,2,OP_002,96,0,0,0,0,False,False,False
0,3310,23,OP_023,94,3,1,0,0,False,False,False
0,3311,9,OP_009,94,4,19,0,0,False,False,False
0,3312,0,OP_000,96,1067,43,0,0,False,True,False
0,3313,5,OP_005,94,94,96,0,0,False,False,False
0,3314,2,OP_002,94,0,0,0,0,False,False,False
0,3315,2,OP_002,95,0,0,0,0,False,False,False
0,3316,22,OP_022,94,2,1,0,0,False,False,False
0,3317,10,OP_010,94,87,52,0,0,False,False,False
0,3318,30,OP_030,95,70,5,0,0,False,False,False
0,3319,29,OP_029,95,94,96,0,0,False,False,False
0,3320,17,OP_017,96,1068,216,0,0,False,True,False
0,3321,9,OP_009,94,5,19,0,0,False,False,False
0,3322,18,OP_018,94,60,97,0,0,False,False,False
0,3323,9,OP_009,98,98,92,0,0,False,False,False
0,3324,41,OP_041,96,3326,2,0,0,False,False,False
0,3325,50,OP_050,94,95,3,0,0,False,False,False
0,3326,1,OP_001,94,99,100,0,0,False,False,False
0,3327,40,OP_040,96,3324,2,0,0,False,False,False
0,3328,0,OP_000,96,195,43,0,0,False,True,False
0,3329,7,OP_007,94,5,96,0,0,False,False,False
0,3330,9,OP_009,96,95,19,0,0,False,False,False
0,3331,0,OP_000,97,338,43,0,0,False,True,False
0,3332,5,OP_005,94,94,97,0,0,False,False,False
0,3333,6,OP_006,"[94, 95]",None,None,None,3,False,False,False
0,3334,9,OP_009,95,96,19,0,0,False,False,False
0,3335,14,OP_014,96,136,0,0,0,False,False,False
0,3336,2,OP_002,96,0,0,0,0,False,False,False
0,3337,23,OP_023,94,3,1,0,0,False,False,False
0,3338,30,OP_030,94,97,10,0,0,False,False,False
0,3339,14,OP_014,96,137,0,0,0,False,False,False
0,3340,29,OP_029,94,96,98,0,0,False,False,False
0,3341,0,OP_000,97,190,43,0,0,False,True,False
0,3342,7,OP_007,96,5,97,0,0,False,False,False
0,3343,0,OP_000,98,338,43,0,0,False,True,False
0,3344,5,OP_005,96,96,98,0,0,False,False,False
0,3345,6,OP_006,"[96, 97]",None,None,None,3,False,False,False
0,3346,50,OP_050,98,94,77,0,0,False,False,False
0,3347,2,OP_002,98,0,0,0,0,False,False,False
0,3348,23,OP_023,96,3,1,0,0,False,False,False
0,3349,50,OP_050,97,94,44,0,0,False,False,False
0,3350,2,OP_002,97,0,0,0,0,False,False,False
0,3351,9,OP_009,99,5,19,0,0,False,False,False
0,3352,18,OP_018,99,61,98,0,0,False,False,False
0,3353,2,OP_002,98,0,0,0,0,False,False,False
0,3354,22,OP_022,96,2,1,0,0,False,False,False
0,3355,17,OP_017,97,158,216,0,0,False,True,False
0,3356,0,OP_000,98,159,43,0,0,False,True,False
0,3357,7,OP_007,97,97,98,0,0,False,False,False
0,3358,2,OP_002,97,0,0,0,0,False,False,False
0,3359,14,OP_014,98,138,0,0,0,False,False,False
0,3360,2,OP_002,98,0,0,0,0,False,False,False
0,3361,22,OP_022,96,2,1,0,0,False,False,False
0,3362,9,OP_009,96,2,19,0,0,False,False,False
0,3363,0,OP_000,98,1070,43,0,0,False,True,False
0,3364,5,OP_005,96,96,98,0,0,False,False,False
0,3365,6,OP_006,"[96, 97]",None,None,None,3,False,False,False
0,3366,8,OP_008,98,4,18,0,0,False,False,False
0,3367,23,OP_023,96,3,1,0,0,False,False,False
0,3368,9,OP_009,96,2,19,0,0,False,False,False
0,3369,0,OP_000,98,1071,43,0,0,False,True,False
0,3370,5,OP_005,96,96,98,0,0,False,False,False
0,3371,6,OP_006,"[96, 97]",None,None,None,3,False,False,False
0,3372,8,OP_008,98,1072,26,0,0,False,False,False
0,3373,23,OP_023,96,3,1,0,0,False,False,False
0,3374,9,OP_009,96,2,19,0,0,False,False,False
0,3375,0,OP_000,98,1073,43,0,0,False,True,False
0,3376,5,OP_005,96,96,98,0,0,False,False,False
0,3377,6,OP_006,"[96, 97]",None,None,None,3,False,False,False
0,3378,14,OP_014,98,139,0,0,0,False,False,False
0,3379,2,OP_002,98,0,0,0,0,False,False,False
0,3380,23,OP_023,96,3,1,0,0,False,False,False
0,3381,20,OP_020,87,49,4,0,0,False,False,False
1,1,17,OP_017,3,1,216,0,0,False,True,False
1,2,43,OP_043,0,0,0,0,0,False,False,False
1,3,2,OP_002,3,0,0,0,0,False,False,False
1,4,17,OP_017,4,2,216,0,0,False,True,False
1,5,3,OP_003,"[6, 7]","[3, 4]",None,None,2,False,False,False
1,6,64,OP_064,4,3,0,7,0,False,False,False
1,7,44,OP_044,4,0,0,0,0,False,False,False
1,8,63,OP_063,2,0,2,0,0,False,False,False
1,9,157,OP_157,2,0,0,156,0,False,False,False
1,10,31,OP_031,1,1,2,44,0,False,False,False
1,11,31,OP_031,2,5,10,100,0,False,True,False
1,12,17,OP_017,5,1,216,0,0,False,True,False
1,13,43,OP_043,0,0,0,0,0,False,False,False
1,14,2,OP_002,5,0,0,0,0,False,False,False
1,15,17,OP_017,6,2,216,0,0,False,True,False
1,16,0,OP_000,9,6,43,0,0,False,True,False
1,17,42,OP_042,8,2,9,0,0,False,False,False
1,18,0,OP_000,9,4,43,0,0,False,True,False
1,19,64,OP_064,6,3,0,9,0,False,False,False
1,20,44,OP_044,6,0,0,0,0,False,False,False
1,21,63,OP_063,4,0,2,0,0,False,False,False
1,22,2,OP_002,4,0,0,0,0,False,False,False
1,23,67,OP_067,3,1,2,0,0,False,False,False
1,24,17,OP_017,6,1,216,0,0,False,True,False
1,25,43,OP_043,0,0,0,0,0,False,False,False
1,26,2,OP_002,6,0,0,0,0,False,False,False
1,27,17,OP_017,7,2,216,0,0,False,True,False
1,28,0,OP_000,10,7,43,0,0,False,True,False
1,29,42,OP_042,9,2,10,0,0,False,False,False
1,30,0,OP_000,10,4,43,0,0,False,True,False
1,31,64,OP_064,7,3,0,10,0,False,False,False
1,32,44,OP_044,7,0,0,0,0,False,False,False
1,33,63,OP_063,5,0,2,0,0,False,False,False
1,34,2,OP_002,5,0,0,0,0,False,False,False
1,35,67,OP_067,4,1,2,0,0,False,False,False
1,36,17,OP_017,7,1,216,0,0,False,True,False
1,37,43,OP_043,0,0,0,0,0,False,False,False
1,38,157,OP_157,7,0,0,156,0,False,False,False
1,39,31,OP_031,8,2,94,71,0,False,True,False
1,40,31,OP_031,11,8,11,100,0,False,True,False
1,41,42,OP_042,10,2,11,0,0,False,False,False
1,42,0,OP_000,11,4,43,0,0,False,True,False
1,43,64,OP_064,8,3,0,11,0,False,False,False
1,44,44,OP_044,8,0,0,0,0,False,False,False
1,45,63,OP_063,6,0,2,0,0,False,False,False
1,46,2,OP_002,6,0,0,0,0,False,False,False
1,47,67,OP_067,5,1,2,0,0,False,False,False
1,48,27,OP_027,"[6, 7, 8, 9]","[1, 3, 4, 5]",None,None,2,False,False,False
1,49,6,OP_006,"[6, 7, 8, 9]",None,None,None,3,False,False,False
1,50,239,OP_239,6,5,15,0,0,False,False,False
1,51,20,OP_020,28,89,48,0,0,False,False,False
2,1,39,OP_039,1,1,220,0,0,False,False,False
2,2,250,OP_250,2,1,15,113,0,False,False,False
2,3,31,OP_031,4,1,96,88,0,False,True,False
2,4,5,OP_005,2,2,4,0,0,False,False,False
2,5,6,OP_006,"[2, 3]",None,None,None,3,False,False,False
2,6,8,OP_008,4,2,52,0,0,False,False,False
2,7,24,OP_024,2,3,2,0,0,False,False,False
2,8,39,OP_039,2,2,220,0,0,False,False,False
2,9,16,OP_016,256,2,0,0,0,False,False,False
2,10,249,OP_249,-22,-17,0,256,0,False,False,False
2,11,21,OP_021,2,1,64,0,0,False,False,False
2,12,0,OP_000,4,1,43,0,0,False,True,False
2,13,5,OP_005,2,2,4,0,0,False,False,False
2,14,6,OP_006,"[2, 3]",None,None,None,3,False,False,False
2,15,8,OP_008,4,3,27,0,0,False,False,False
2,16,24,OP_024,2,3,2,0,0,False,False,False
2,17,39,OP_039,2,3,220,0,0,False,False,False
2,18,20,OP_020,43,67,94,0,0,False,False,False
3,1,17,OP_017,3,1,216,0,0,False,True,False
3,2,2,OP_002,3,0,0,0,0,False,False,False
3,3,2,OP_002,1,0,0,0,0,False,False,False
3,4,38,OP_038,2,2,2,0,0,False,False,False
3,5,16,OP_016,256,2,0,0,0,False,False,False
3,6,248,OP_248,3,-6,0,256,0,False,False,False
3,7,4,OP_004,3,2,70,0,0,False,True,False
3,8,46,OP_046,2,2,3,0,0,False,False,False
3,9,12,OP_012,2,46,65,0,0,False,False,False
3,10,251,OP_251,3,3,86,152,0,False,True,False
3,11,31,OP_031,2,1,3,218,0,False,False,False
3,12,31,OP_031,4,4,38,96,0,False,True,False
3,13,7,OP_007,3,1,4,0,0,False,False,False
3,14,0,OP_000,5,5,43,0,0,False,True,False
3,15,7,OP_007,4,2,5,0,0,False,False,False
3,16,0,OP_000,6,5,43,0,0,False,True,False
3,17,7,OP_007,5,3,6,0,0,False,False,False
3,18,0,OP_000,6,6,43,0,0,False,True,False
3,19,79,OP_079,5,5,6,0,0,False,False,False
3,20,52,OP_052,4,4,5,0,0,False,False,False
3,21,0,OP_000,6,7,43,0,0,False,True,False
3,22,7,OP_007,5,2,6,0,0,False,False,False
3,23,0,OP_000,7,7,43,0,0,False,True,False
3,24,7,OP_007,6,3,7,0,0,False,False,False
3,25,0,OP_000,7,6,43,0,0,False,True,False
3,26,79,OP_079,6,6,7,0,0,False,False,False
3,27,52,OP_052,5,5,6,0,0,False,False,False
3,28,13,OP_013,6,1,89,0,0,False,False,False
3,29,0,OP_000,8,8,43,0,0,False,True,False
3,30,5,OP_005,6,6,8,0,0,False,False,False
3,31,6,OP_006,"[6, 7, 4, 5]",None,None,None,3,False,False,False
3,32,33,OP_033,"[10, 11]","[9, 10]",None,None,2,False,False,False
3,33,17,OP_017,12,11,216,0,0,False,True,False
3,34,2,OP_002,12,0,0,0,0,False,False,False
3,35,8,OP_008,13,9,13,0,0,False,False,False
3,36,60,OP_060,6,8,1,0,0,False,False,False
3,37,13,OP_013,6,1,28,0,0,False,False,False
3,38,0,OP_000,8,8,43,0,0,False,True,False
3,39,5,OP_005,6,6,8,0,0,False,False,False
3,40,6,OP_006,"[6, 7, 4, 5]",None,None,None,3,False,False,False
3,41,33,OP_033,"[10, 11]","[9, 12]",None,None,2,False,False,False
3,42,17,OP_017,12,11,216,0,0,False,True,False
3,43,2,OP_002,12,0,0,0,0,False,False,False
3,44,8,OP_008,13,9,25,0,0,False,False,False
3,45,60,OP_060,6,8,1,0,0,False,False,False
3,46,11,OP_011,13,76,65,0,0,False,False,False
3,47,13,OP_013,2,1,40,0,0,False,False,False
3,48,0,OP_000,4,8,43,0,0,False,True,False
3,49,5,OP_005,2,2,4,0,0,False,False,False
3,50,6,OP_006,"[2, 3]",None,None,None,3,False,False,False
3,51,0,OP_000,5,5,43,0,0,False,True,False
3,52,7,OP_007,4,1,5,0,0,False,False,False
3,53,2,OP_002,4,0,0,0,0,False,False,False
3,54,0,OP_000,6,7,43,0,0,False,True,False
3,55,7,OP_007,5,1,6,0,0,False,False,False
3,56,2,OP_002,5,0,0,0,0,False,False,False
3,57,33,OP_033,"[6, 7]","[9, 10]",None,None,2,False,False,False
3,58,17,OP_017,8,11,216,0,0,False,True,False
3,59,2,OP_002,8,0,0,0,0,False,False,False
3,60,8,OP_008,9,9,90,0,0,False,False,False
3,61,60,OP_060,2,8,1,0,0,False,False,False
3,62,13,OP_013,2,1,67,0,0,False,False,False
3,63,0,OP_000,4,8,43,0,0,False,True,False
3,64,5,OP_005,2,2,4,0,0,False,False,False
3,65,6,OP_006,"[2, 3]",None,None,None,3,False,False,False
3,66,0,OP_000,5,5,43,0,0,False,True,False
3,67,7,OP_007,4,1,5,0,0,False,False,False
3,68,2,OP_002,4,0,0,0,0,False,False,False
3,69,0,OP_000,6,7,43,0,0,False,True,False
3,70,7,OP_007,5,1,6,0,0,False,False,False
3,71,2,OP_002,5,0,0,0,0,False,False,False
3,72,33,OP_033,"[6, 7]","[9, 12]",None,None,2,False,False,False
3,73,17,OP_017,8,11,216,0,0,False,True,False
3,74,2,OP_002,8,0,0,0,0,False,False,False
3,75,8,OP_008,9,9,86,0,0,False,False,False
3,76,60,OP_060,2,8,1,0,0,False,False,False
3,77,20,OP_020,53,7,17,0,0,False,False,False
4,1,16,OP_016,256,2,0,0,0,False,False,False
4,2,247,OP_247,2,1,22,256,0,False,False,False
4,3,19,OP_019,2,1,19,0,0,False,True,False
4,4,3,OP_003,"[4, 5]","[2, 3]",None,None,2,False,False,False
4,5,25,OP_025,2,3,2,5,0,False,False,False
4,6,252,OP_252,3,4,37,236,0,False,True,False
4,7,31,OP_031,2,3,1,254,0,False,False,False
4,8,31,OP_031,3,5,50,78,0,False,True,False
4,9,31,OP_031,4,6,95,246,0,False,True,False
4,10,7,OP_007,3,3,4,0,0,False,False,False
4,11,2,OP_002,3,0,0,0,0,False,False,False
4,12,8,OP_008,4,7,36,0,0,False,False,False
4,13,22,OP_022,2,2,1,0,0,False,False,False
4,14,13,OP_013,2,1,84,0,0,False,False,False
4,15,0,OP_000,4,8,43,0,0,False,True,False
4,16,5,OP_005,2,2,4,0,0,False,False,False
4,17,6,OP_006,"[2, 3]",None,None,None,3,False,False,False
4,18,8,OP_008,4,9,27,0,0,False,False,False
4,19,17,OP_017,6,10,216,0,0,False,True,False
4,20,18,OP_018,6,1,5,0,0,False,False,False
4,21,2,OP_002,5,0,0,0,0,False,False,False
4,22,8,OP_008,6,13,84,0,0,False,False,False
4,23,17,OP_017,7,1,216,0,0,False,True,False
4,24,2,OP_002,7,0,0,0,0,False,False,False
4,25,60,OP_060,2,6,1,0,0,False,False,False
4,26,17,OP_017,3,5,216,0,0,False,True,False
4,27,0,OP_000,4,6,43,0,0,False,True,False
4,28,7,OP_007,3,3,4,0,0,False,False,False
4,29,2,OP_002,3,0,0,0,0,False,False,False
4,30,8,OP_008,4,14,65,0,0,False,False,False
4,31,22,OP_022,2,2,1,0,0,False,False,False
4,32,13,OP_013,2,1,69,0,0,False,False,False
4,33,0,OP_000,4,8,43,0,0,False,True,False
4,34,5,OP_005,2,2,4,0,0,False,False,False
4,35,6,OP_006,"[2, 3]",None,None,None,3,False,False,False
4,36,8,OP_008,4,13,76,0,0,False,False,False
4,37,17,OP_017,6,10,216,0,0,False,True,False
4,38,18,OP_018,6,2,5,0,0,False,False,False
4,39,2,OP_002,5,0,0,0,0,False,False,False
4,40,8,OP_008,6,13,23,0,0,False,False,False
4,41,17,OP_017,7,1,216,0,0,False,True,False
4,42,2,OP_002,7,0,0,0,0,False,False,False
4,43,60,OP_060,2,6,1,0,0,False,False,False
4,44,20,OP_020,43,98,46,0,0,False,False,False
5,1,10,OP_010,4,85,25,0,0,False,False,False
5,2,253,OP_253,5,1,61,147,0,False,True,False
5,3,31,OP_031,6,1,87,116,0,False,False,False
5,4,31,OP_031,7,1,84,40,0,False,True,False
5,5,76,OP_076,5,77,8,0,0,False,False,False
5,6,65,OP_065,9,1,79,0,0,False,False,False
5,7,4,OP_004,10,1,7,0,0,False,True,False
5,8,59,OP_059,9,9,10,0,0,False,False,False
5,9,26,OP_026,9,10,78,0,0,False,False,False
5,10,11,OP_011,55,16,57,0,0,False,False,False
5,11,4,OP_004,10,1,12,0,0,False,True,False
5,12,54,OP_054,9,8,10,0,0,False,False,False
5,13,65,OP_065,10,1,14,0,0,False,False,False
5,14,4,OP_004,11,1,25,0,0,False,True,False
5,15,54,OP_054,10,10,11,0,0,False,False,False
5,16,79,OP_079,9,9,10,0,0,False,False,False
5,17,12,OP_012,9,19,35,0,0,False,False,False
5,18,4,OP_004,257,17,34,0,0,False,False,False
5,19,35,OP_035,257,0,81,0,0,False,False,False
5,20,4,OP_004,9,2,60,0,0,False,True,False
5,21,21,OP_021,10,2,65,0,0,False,False,False
5,22,4,OP_004,12,3,12,0,0,False,True,False
5,23,5,OP_005,10,10,12,0,0,False,False,False
5,24,2,OP_002,10,0,0,0,0,False,False,False
5,25,6,OP_006,"[11, 3, 9]",None,None,None,3,False,False,False
5,26,34,OP_034,10,4,2,0,0,False,False,False
5,27,19,OP_019,12,4,78,0,0,False,True,False
5,28,4,OP_004,13,5,23,0,0,False,True,False
5,29,7,OP_007,12,12,13,0,0,False,False,False
5,30,43,OP_043,0,0,0,0,0,False,False,False
5,31,6,OP_006,"[12, 4]",None,None,None,3,False,False,False
5,32,19,OP_019,15,6,46,0,0,False,True,False
5,33,4,OP_004,16,7,20,0,0,False,True,False
5,34,7,OP_007,15,15,16,0,0,False,False,False
5,35,43,OP_043,0,0,0,0,0,False,False,False
5,36,2,OP_002,15,0,0,0,0,False,False,False
5,37,8,OP_008,16,8,75,0,0,False,False,False
5,38,19,OP_019,18,9,33,0,0,False,True,False
5,39,4,OP_004,19,10,73,0,0,False,True,False
5,40,7,OP_007,18,18,19,0,0,False,False,False
5,41,2,OP_002,18,0,0,0,0,False,False,False
5,42,4,OP_004,20,11,55,0,0,False,True,False
5,43,7,OP_007,19,10,20,0,0,False,False,False
5,44,4,OP_004,20,12,32,0,0,False,True,False
5,45,68,OP_068,19,19,20,0,0,False,False,False
5,46,2,OP_002,19,0,0,0,0,False,False,False
5,47,38,OP_038,17,2,2,0,0,False,False,False
5,48,2,OP_002,17,0,0,0,0,False,False,False
5,49,19,OP_019,19,9,26,0,0,False,True,False
5,50,4,OP_004,20,10,56,0,0,False,True,False
5,51,7,OP_007,19,19,20,0,0,False,False,False
5,52,2,OP_002,19,0,0,0,0,False,False,False
5,53,4,OP_004,21,13,33,0,0,False,True,False
5,54,7,OP_007,20,10,21,0,0,False,False,False
5,55,4,OP_004,21,12,38,0,0,False,True,False
5,56,68,OP_068,20,20,21,0,0,False,False,False
5,57,2,OP_002,20,0,0,0,0,False,False,False
5,58,38,OP_038,18,2,2,0,0,False,False,False
5,59,2,OP_002,18,0,0,0,0,False,False,False
5,60,19,OP_019,20,9,54,0,0,False,True,False
5,61,4,OP_004,21,10,33,0,0,False,True,False
5,62,7,OP_007,20,20,21,0,0,False,False,False
5,63,2,OP_002,20,0,0,0,0,False,False,False
5,64,4,OP_004,22,14,25,0,0,False,True,False
5,65,7,OP_007,21,10,22,0,0,False,False,False
5,66,4,OP_004,22,12,5,0,0,False,True,False
5,67,68,OP_068,21,21,22,0,0,False,False,False
5,68,2,OP_002,21,0,0,0,0,False,False,False
5,69,38,OP_038,19,2,2,0,0,False,False,False
5,70,213,OP_213,0,19,0,0,0,False,False,False
5,71,27,OP_027,"[20, 22, 23]","[1, 8, 8]",None,None,2,False,False,False
5,72,4,OP_004,24,15,3,0,0,False,True,False
5,73,240,OP_240,20,4,0,24,0,False,False,False
5,74,44,OP_044,20,0,0,0,0,False,False,False
5,75,236,OP_236,14,0,0,0,0,False,False,False
5,76,44,OP_044,14,0,0,0,0,False,False,False
5,77,80,OP_080,11,0,1,0,0,False,False,False
5,78,81,OP_081,5,5,8,0,0,False,False,False
5,79,17,OP_017,6,4,216,0,0,False,True,False
5,80,16,OP_016,256,2,0,0,0,False,False,False
5,81,246,OP_246,7,16,-39,256,0,False,False,False
5,82,4,OP_004,7,16,7,0,0,False,True,False
5,83,7,OP_007,6,6,7,0,0,False,False,False
5,84,2,OP_002,6,0,0,0,0,False,False,False
5,85,254,OP_254,4,0,0,101,0,False,False,False
5,86,31,OP_031,5,2,0,101,0,False,False,False
5,87,73,OP_073,5,15,80,0,0,False,False,False
5,88,20,OP_020,46,60,69,0,0,False,False,False
6,1,17,OP_017,1,1,251,0,0,False,False,False
6,2,0,OP_000,2,1,43,0,0,False,True,False
6,3,7,OP_007,1,1,2,0,0,False,False,False
6,4,39,OP_039,1,2,220,0,0,False,False,False
6,5,16,OP_016,256,2,0,0,0,False,False,False
6,6,245,OP_245,24,28,37,256,0,False,False,False
6,7,13,OP_013,1,3,11,0,0,False,False,False
6,8,0,OP_000,3,2,43,0,0,False,True,False
6,9,5,OP_005,1,1,3,0,0,False,False,False
6,10,6,OP_006,"[1, 2]",None,None,None,3,False,False,False
6,11,0,OP_000,3,3,43,0,0,False,True,False
6,12,17,OP_017,5,4,216,0,0,False,True,False
6,13,2,OP_002,5,0,0,0,0,False,False,False
6,14,17,OP_017,6,2,251,0,0,False,False,False
6,15,2,OP_002,6,0,0,0,0,False,False,False
6,16,38,OP_038,4,2,2,0,0,False,False,False
6,17,42,OP_042,3,3,4,0,0,False,False,False
6,18,2,OP_002,3,0,0,0,0,False,False,False
6,19,23,OP_023,1,3,1,0,0,False,False,False
6,20,20,OP_020,16,67,81,0,0,False,False,False
7,1,17,OP_017,1,1,251,0,0,False,False,False
7,2,3,OP_003,"[2, 3]","[1, 2]",None,None,2,False,False,False
7,3,1,OP_001,1,2,3,0,0,False,False,False
7,4,13,OP_013,1,2,22,0,0,False,False,False
7,5,0,OP_000,2,3,43,0,0,False,True,False
7,6,255,OP_255,1,1,2,88,0,False,False,False
7,7,31,OP_031,3,4,78,265,0,False,True,False
7,8,5,OP_005,1,1,3,0,0,False,False,False
7,9,2,OP_002,1,0,0,0,0,False,False,False
7,10,2,OP_002,2,0,0,0,0,False,False,False
7,11,38,OP_038,1,2,2,0,0,False,False,False
7,12,16,OP_016,256,2,0,0,0,False,False,False
7,13,274,OP_274,3,5,-29,256,0,False,False,False
7,14,19,OP_019,3,5,58,0,0,False,True,False
7,15,0,OP_000,4,6,43,0,0,False,True,False
7,16,7,OP_007,3,3,4,0,0,False,False,False
7,17,2,OP_002,3,0,0,0,0,False,False,False
7,18,8,OP_008,4,7,65,0,0,False,False,False
7,19,22,OP_022,2,2,1,0,0,False,False,False
7,20,17,OP_017,3,8,216,0,0,False,True,False
7,21,0,OP_000,4,10,43,0,0,False,True,False
7,22,7,OP_007,3,3,4,0,0,False,False,False
7,23,2,OP_002,3,0,0,0,0,False,False,False
7,24,17,OP_017,4,3,251,0,0,False,False,False
7,25,2,OP_002,4,0,0,0,0,False,False,False
7,26,38,OP_038,2,2,2,0,0,False,False,False
7,27,37,OP_037,1,1,2,0,0,False,False,False
7,28,17,OP_017,3,5,216,0,0,False,True,False
7,29,0,OP_000,4,6,43,0,0,False,True,False
7,30,7,OP_007,3,3,4,0,0,False,False,False
7,31,2,OP_002,3,0,0,0,0,False,False,False
7,32,8,OP_008,4,11,23,0,0,False,False,False
7,33,22,OP_022,2,2,1,0,0,False,False,False
7,34,17,OP_017,3,12,216,0,0,False,True,False
7,35,3,OP_003,"[5, 6]","[13, 14]",None,None,2,False,False,False
7,36,25,OP_025,3,3,2,6,0,False,False,False
7,37,18,OP_018,3,2,2,0,0,False,False,False
7,38,0,OP_000,4,19,43,0,0,False,True,False
7,39,5,OP_005,2,2,4,0,0,False,False,False
7,40,6,OP_006,"[2, 3]",None,None,None,3,False,False,False
7,41,8,OP_008,4,20,50,0,0,False,False,False
7,42,10,OP_010,5,88,83,0,0,False,False,False
7,43,3,OP_003,"[6, 7]","[21, 22]",None,None,2,False,False,False
7,44,1,OP_001,5,6,7,0,0,False,False,False
7,45,0,OP_000,6,23,43,0,0,False,True,False
7,46,45,OP_045,7,3,0,0,0,False,False,False
7,47,1,OP_001,5,6,7,0,0,False,False,False
7,48,2,OP_002,5,0,0,0,0,False,False,False
7,49,15,OP_015,2,4,1,0,0,False,False,False
7,50,20,OP_020,93,68,92,0,0,False,False,False
8,1,21,OP_021,2,1,93,0,0,False,False,False
8,2,26,OP_026,2,3,33,0,0,False,False,False
8,3,11,OP_011,18,5,28,0,0,False,False,False
8,4,13,OP_013,3,1,31,0,0,False,False,False
8,5,18,OP_018,3,1,2,0,0,False,False,False
8,6,12,OP_012,2,29,31,0,0,False,False,False
8,7,19,OP_019,3,3,92,0,0,False,True,False
8,8,3,OP_003,"[5, 6]","[4, 5]",None,None,2,False,False,False
8,9,25,OP_025,3,3,2,6,0,False,False,False
8,10,18,OP_018,3,2,2,0,0,False,False,False
8,11,4,OP_004,4,10,79,0,0,False,True,False
8,12,5,OP_005,2,2,4,0,0,False,False,False
8,13,6,OP_006,"[2, 3]",None,None,None,3,False,False,False
8,14,8,OP_008,4,11,96,0,0,False,False,False
8,15,10,OP_010,5,96,19,0,0,False,False,False
8,16,3,OP_003,"[6, 7]","[12, 13]",None,None,2,False,False,False
8,17,1,OP_001,5,6,7,0,0,False,False,False
8,18,4,OP_004,6,14,15,0,0,False,True,False
8,19,45,OP_045,7,3,0,0,0,False,False,False
8,20,1,OP_001,5,6,7,0,0,False,False,False
8,21,2,OP_002,5,0,0,0,0,False,False,False
8,22,15,OP_015,2,4,1,0,0,False,False,False
8,23,19,OP_019,3,18,20,0,0,False,True,False
8,24,4,OP_004,4,19,57,0,0,False,True,False
8,25,7,OP_007,3,3,4,0,0,False,False,False
8,26,2,OP_002,3,0,0,0,0,False,False,False
8,27,8,OP_008,4,20,61,0,0,False,False,False
8,28,22,OP_022,2,2,1,0,0,False,False,False
8,29,11,OP_011,41,0,96,0,0,False,False,False
8,30,20,OP_020,57,48,50,0,0,False,False,False
9,1,20,OP_020,6,38,97,0,0,False,False,False
10,1,20,OP_020,5,27,12,0,0,False,False,False
11,1,21,OP_021,2,1,30,0,0,False,False,False
11,2,26,OP_026,2,4,89,0,0,False,False,False
11,3,4,OP_004,256,34,72,0,0,False,False,False
11,4,35,OP_035,256,0,72,0,0,False,False,False
11,5,13,OP_013,3,1,79,0,0,False,False,False
11,6,18,OP_018,3,1,2,0,0,False,False,False
11,7,12,OP_012,2,133,36,0,0,False,False,False
11,8,13,OP_013,3,2,52,0,0,False,False,False
11,9,18,OP_018,3,2,2,0,0,False,False,False
11,10,26,OP_026,2,11,37,0,0,False,False,False
11,11,11,OP_011,39,12,84,0,0,False,False,False
11,12,28,OP_028,2,3,11,0,0,False,False,False
11,13,12,OP_012,2,126,95,0,0,False,False,False
11,14,13,OP_013,2,4,63,0,0,False,False,False
11,15,13,OP_013,4,2,77,0,0,False,False,False
11,16,18,OP_018,4,3,3,0,0,False,False,False
11,17,7,OP_007,2,2,3,0,0,False,False,False
11,18,28,OP_028,3,5,20,0,0,False,False,False
11,19,3,OP_003,"[4, 6]","[4, 4]",None,None,2,False,False,False
11,20,7,OP_007,5,2,6,0,0,False,False,False
11,21,1,OP_001,3,4,5,0,0,False,False,False
11,22,19,OP_019,4,5,54,0,0,False,True,False
11,23,4,OP_004,5,6,65,0,0,False,True,False
11,24,7,OP_007,4,4,5,0,0,False,False,False
11,25,2,OP_002,4,0,0,0,0,False,False,False
11,26,8,OP_008,5,7,2,0,0,False,False,False
11,27,22,OP_022,3,2,1,0,0,False,False,False
11,28,19,OP_019,4,8,50,0,0,False,True,False
11,29,3,OP_003,"[6, 7]","[9, 10]",None,None,2,False,False,False
11,30,25,OP_025,4,3,2,7,0,False,False,False
11,31,18,OP_018,4,4,3,0,0,False,False,False
11,32,4,OP_004,5,15,55,0,0,False,True,False
11,33,5,OP_005,3,3,5,0,0,False,False,False
11,34,6,OP_006,"[3, 4]",None,None,None,3,False,False,False
11,35,8,OP_008,5,16,65,0,0,False,False,False
11,36,23,OP_023,3,3,1,0,0,False,False,False
11,37,19,OP_019,4,5,9,0,0,False,True,False
11,38,4,OP_004,5,6,57,0,0,False,True,False
11,39,7,OP_007,4,4,5,0,0,False,False,False
11,40,2,OP_002,4,0,0,0,0,False,False,False
11,41,8,OP_008,5,17,21,0,0,False,False,False
11,42,22,OP_022,3,2,1,0,0,False,False,False
11,43,19,OP_019,6,8,84,0,0,False,True,False
11,44,3,OP_003,"[8, 9]","[18, 10]",None,None,2,False,False,False
11,45,25,OP_025,6,3,2,9,0,False,False,False
11,46,21,OP_021,3,6,77,0,0,False,False,False
11,47,13,OP_013,6,2,94,0,0,False,False,False
11,48,18,OP_018,6,5,5,0,0,False,False,False
11,49,4,OP_004,6,20,76,0,0,False,True,False
11,50,25,OP_025,3,3,2,6,0,False,False,False
11,51,12,OP_012,3,126,84,0,0,False,False,False
11,52,19,OP_019,4,8,19,0,0,False,True,False
11,53,3,OP_003,"[6, 7]","[9, 10]",None,None,2,False,False,False
11,54,25,OP_025,4,3,2,7,0,False,False,False
11,55,18,OP_018,4,6,3,0,0,False,False,False
11,56,4,OP_004,5,15,48,0,0,False,True,False
11,57,5,OP_005,3,3,5,0,0,False,False,False
11,58,43,OP_043,0,0,0,0,0,False,False,False
11,59,6,OP_006,"[3, 4]",None,None,None,3,False,False,False
11,60,8,OP_008,5,21,25,0,0,False,False,False
11,61,19,OP_019,6,8,16,0,0,False,True,False
11,62,3,OP_003,"[8, 9]","[18, 10]",None,None,2,False,False,False
11,63,25,OP_025,6,3,2,9,0,False,False,False
11,64,13,OP_013,9,2,99,0,0,False,False,False
11,65,18,OP_018,9,7,8,0,0,False,False,False
11,66,4,OP_004,9,20,96,0,0,False,True,False
11,67,64,OP_064,6,3,0,9,0,False,False,False
11,68,44,OP_044,6,0,0,0,0,False,False,False
11,69,80,OP_080,3,0,1,0,0,False,False,False
11,70,19,OP_019,4,5,38,0,0,False,True,False
11,71,4,OP_004,5,6,36,0,0,False,True,False
11,72,7,OP_007,4,4,5,0,0,False,False,False
11,73,2,OP_002,4,0,0,0,0,False,False,False
11,74,8,OP_008,5,17,64,0,0,False,False,False
11,75,22,OP_022,3,2,1,0,0,False,False,False
11,76,19,OP_019,4,22,6,0,0,False,True,False
11,77,18,OP_018,4,8,3,0,0,False,False,False
11,78,4,OP_004,5,25,54,0,0,False,True,False
11,79,5,OP_005,3,3,5,0,0,False,False,False
11,80,6,OP_006,"[3, 4]",None,None,None,3,False,False,False
11,81,4,OP_004,6,26,91,0,0,False,True,False
11,82,7,OP_007,5,2,6,0,0,False,False,False
11,83,2,OP_002,5,0,0,0,0,False,False,False
11,84,8,OP_008,6,27,56,0,0,False,False,False
11,85,34,OP_034,3,4,2,0,0,False,False,False
11,86,21,OP_021,4,3,23,0,0,False,False,False
11,87,12,OP_012,4,101,94,0,0,False,False,False
11,88,21,OP_021,4,3,59,0,0,False,False,False
11,89,4,OP_004,6,25,30,0,0,False,True,False
11,90,5,OP_005,4,4,6,0,0,False,False,False
11,91,6,OP_006,"[4, 5]",None,None,None,3,False,False,False
11,92,33,OP_033,"[6, 7]","[23, 27]",None,None,2,False,False,False
11,93,34,OP_034,4,4,2,0,0,False,False,False
11,94,21,OP_021,5,4,83,0,0,False,False,False
11,95,12,OP_012,5,101,13,0,0,False,False,False
11,96,19,OP_019,6,28,79,0,0,False,True,False
11,97,2,OP_002,6,0,0,0,0,False,False,False
11,98,2,OP_002,4,0,0,0,0,False,False,False
11,99,22,OP_022,5,2,1,0,0,False,False,False
11,100,11,OP_011,7,101,70,0,0,False,False,False
11,101,11,OP_011,62,101,21,0,0,False,False,False
11,102,19,OP_019,5,5,30,0,0,False,True,False
11,103,4,OP_004,6,6,47,0,0,False,True,False
11,104,7,OP_007,5,5,6,0,0,False,False,False
11,105,2,OP_002,5,0,0,0,0,False,False,False
11,106,8,OP_008,6,17,93,0,0,False,False,False
11,107,22,OP_022,4,2,1,0,0,False,False,False
11,108,19,OP_019,7,8,65,0,0,False,True,False
11,109,3,OP_003,"[9, 10]","[18, 10]",None,None,2,False,False,False
11,110,25,OP_025,7,3,2,10,0,False,False,False
11,111,18,OP_018,7,9,4,0,0,False,False,False
11,112,3,OP_003,"[6, 7]","[31, 20]",None,None,2,False,False,False
11,113,25,OP_025,4,3,2,7,0,False,False,False
11,114,12,OP_012,4,126,99,0,0,False,False,False
11,115,28,OP_028,5,6,32,0,0,False,False,False
11,116,2,OP_002,5,0,0,0,0,False,False,False
11,117,19,OP_019,7,8,98,0,0,False,True,False
11,118,3,OP_003,"[9, 10]","[18, 10]",None,None,2,False,False,False
11,119,25,OP_025,7,3,2,10,0,False,False,False
11,120,18,OP_018,7,10,6,0,0,False,False,False
11,121,2,OP_002,6,0,0,0,0,False,False,False
11,122,22,OP_022,4,2,1,0,0,False,False,False
11,123,4,OP_004,257,35,35,0,0,False,False,False
11,124,35,OP_035,257,0,79,0,0,False,False,False
11,125,11,OP_011,48,126,15,0,0,False,False,False
11,126,11,OP_011,40,126,47,0,0,False,False,False
11,127,19,OP_019,3,5,32,0,0,False,True,False
11,128,4,OP_004,4,6,1,0,0,False,True,False
11,129,7,OP_007,3,3,4,0,0,False,False,False
11,130,2,OP_002,3,0,0,0,0,False,False,False
11,131,8,OP_008,4,7,61,0,0,False,False,False
11,132,22,OP_022,2,2,1,0,0,False,False,False
11,133,11,OP_011,44,0,60,0,0,False,False,False
11,134,20,OP_020,43,98,47,0,0,False,False,False
12,1,215,OP_215,1,2,14,0,0,False,False,False
12,2,26,OP_026,2,3,58,0,0,False,False,False
12,3,11,OP_011,83,5,22,0,0,False,False,False
12,4,13,OP_013,3,1,80,0,0,False,False,False
12,5,18,OP_018,3,1,2,0,0,False,False,False
12,6,12,OP_012,2,41,79,0,0,False,False,False
12,7,19,OP_019,5,3,53,0,0,False,True,False
12,8,3,OP_003,"[7, 8]","[4, 5]",None,None,2,False,False,False
12,9,25,OP_025,5,3,2,8,0,False,False,False
12,10,21,OP_021,2,5,9,0,0,False,False,False
12,11,13,OP_013,5,2,31,0,0,False,False,False
12,12,18,OP_018,5,2,4,0,0,False,False,False
12,13,4,OP_004,5,7,93,0,0,False,True,False
12,14,25,OP_025,2,3,2,5,0,False,False,False
12,15,12,OP_012,2,34,5,0,0,False,False,False
12,16,19,OP_019,3,3,17,0,0,False,True,False
12,17,3,OP_003,"[5, 6]","[8, 5]",None,None,2,False,False,False
12,18,25,OP_025,3,3,2,6,0,False,False,False
12,19,18,OP_018,3,3,2,0,0,False,False,False
12,20,4,OP_004,4,13,1,0,0,False,True,False
12,21,5,OP_005,2,2,4,0,0,False,False,False
12,22,43,OP_043,0,0,0,0,0,False,False,False
12,23,6,OP_006,"[2, 3]",None,None,None,3,False,False,False
12,24,8,OP_008,4,14,7,0,0,False,False,False
12,25,19,OP_019,5,3,61,0,0,False,True,False
12,26,3,OP_003,"[7, 8]","[4, 5]",None,None,2,False,False,False
12,27,25,OP_025,5,3,2,8,0,False,False,False
12,28,13,OP_013,8,2,39,0,0,False,False,False
12,29,18,OP_018,8,4,7,0,0,False,False,False
12,30,4,OP_004,8,7,32,0,0,False,True,False
12,31,64,OP_064,5,3,0,8,0,False,False,False
12,32,44,OP_044,5,0,0,0,0,False,False,False
12,33,80,OP_080,2,0,1,0,0,False,False,False
12,34,11,OP_011,25,34,33,0,0,False,False,False
12,35,19,OP_019,3,15,98,0,0,False,True,False
12,36,4,OP_004,4,16,49,0,0,False,True,False
12,37,7,OP_007,3,3,4,0,0,False,False,False
12,38,2,OP_002,3,0,0,0,0,False,False,False
12,39,8,OP_008,4,17,35,0,0,False,False,False
12,40,214,OP_214,2,2,1,0,0,False,False,False
12,41,11,OP_011,40,0,10,0,0,False,False,False
12,42,20,OP_020,15,95,68,0,0,False,False,False
13,1,21,OP_021,2,1,75,0,0,False,False,False
13,2,26,OP_026,2,3,49,0,0,False,False,False
13,3,11,OP_011,76,5,56,0,0,False,False,False
13,4,13,OP_013,3,1,87,0,0,False,False,False
13,5,18,OP_018,3,1,2,0,0,False,False,False
13,6,12,OP_012,2,43,47,0,0,False,False,False
13,7,28,OP_028,2,2,46,0,0,False,False,False
13,8,26,OP_026,2,9,15,0,0,False,False,False
13,9,11,OP_011,5,21,43,0,0,False,False,False
13,10,28,OP_028,2,2,6,0,0,False,False,False
13,11,4,OP_004,3,3,50,0,0,False,True,False
13,12,7,OP_007,2,2,3,0,0,False,False,False
13,13,28,OP_028,3,2,17,0,0,False,False,False
13,14,4,OP_004,4,4,91,0,0,False,True,False
13,15,7,OP_007,3,3,4,0,0,False,False,False
13,16,79,OP_079,2,2,3,0,0,False,False,False
13,17,4,OP_004,3,5,73,0,0,False,True,False
13,18,68,OP_068,2,2,3,0,0,False,False,False
13,19,13,OP_013,4,3,90,0,0,False,False,False
13,20,18,OP_018,4,2,3,0,0,False,False,False
13,21,56,OP_056,2,2,3,0,0,False,False,False
13,22,12,OP_012,2,36,75,0,0,False,False,False
13,23,28,OP_028,2,4,39,0,0,False,False,False
13,24,4,OP_004,3,7,26,0,0,False,True,False
13,25,28,OP_028,4,4,71,0,0,False,False,False
13,26,4,OP_004,5,7,72,0,0,False,True,False
13,27,7,OP_007,4,4,5,0,0,False,False,False
13,28,19,OP_019,6,8,4,0,0,False,True,False
13,29,4,OP_004,7,9,54,0,0,False,True,False
13,30,7,OP_007,6,6,7,0,0,False,False,False
13,31,2,OP_002,6,0,0,0,0,False,False,False
13,32,33,OP_033,"[7, 8, 9]","[10, 5, 10]",None,None,2,False,False,False
13,33,34,OP_034,5,4,2,0,0,False,False,False
13,34,54,OP_054,4,4,5,0,0,False,False,False
13,35,1,OP_001,2,3,4,0,0,False,False,False
13,36,11,OP_011,62,36,63,0,0,False,False,False
13,37,19,OP_019,3,11,37,0,0,False,True,False
13,38,4,OP_004,4,12,18,0,0,False,True,False
13,39,7,OP_007,3,3,4,0,0,False,False,False
13,40,2,OP_002,3,0,0,0,0,False,False,False
13,41,8,OP_008,4,13,49,0,0,False,False,False
13,42,22,OP_022,2,2,1,0,0,False,False,False
13,43,11,OP_011,46,0,6,0,0,False,False,False
13,44,20,OP_020,60,56,82,0,0,False,False,False
14,1,256,OP_256,1,1,78,166,0,False,True,False
14,2,31,OP_031,2,2,54,114,0,False,True,False
14,3,31,OP_031,1,1,2,277,0,False,False,False
14,4,31,OP_031,1,1,59,103,0,False,False,False
14,5,12,OP_012,1,7,44,0,0,False,False,False
14,6,20,OP_020,25,32,7,0,0,False,False,False
14,7,11,OP_011,2,7,15,0,0,False,False,False
14,8,17,OP_017,1,3,216,0,0,False,True,False
14,9,43,OP_043,0,0,0,0,0,False,False,False
14,10,257,OP_257,1,0,0,48,0,False,False,False
14,11,31,OP_031,2,1,82,226,0,False,True,False
14,12,31,OP_031,4,2,11,234,0,False,True,False
14,13,31,OP_031,2,2,4,263,0,False,False,False
14,14,31,OP_031,4,4,13,83,0,False,True,False
14,15,48,OP_048,2,2,0,4,0,False,False,False
14,16,44,OP_044,2,0,0,0,0,False,False,False
14,17,47,OP_047,32,0,4,0,0,False,False,False
14,18,41,OP_041,32,138,2,0,0,False,False,False
14,19,21,OP_021,1,36,54,0,0,False,False,False
14,20,3,OP_003,"[3, 4]","[5, 6]",None,None,2,False,False,False
14,21,25,OP_025,1,3,2,4,0,False,False,False
14,22,12,OP_012,1,138,77,0,0,False,False,False
14,23,13,OP_013,1,1,51,0,0,False,False,False
14,24,4,OP_004,3,7,35,0,0,False,True,False
14,25,5,OP_005,1,1,3,0,0,False,False,False
14,26,6,OP_006,"[1, 2]",None,None,None,3,False,False,False
14,27,3,OP_003,"[3, 5]","[8, 9]",None,None,2,False,False,False
14,28,7,OP_007,4,36,5,0,0,False,False,False
14,29,42,OP_042,3,3,4,0,0,False,False,False
14,30,2,OP_002,3,0,0,0,0,False,False,False
14,31,23,OP_023,1,3,1,0,0,False,False,False
14,32,19,OP_019,2,1,40,0,0,False,True,False
14,33,18,OP_018,2,1,1,0,0,False,False,False
14,34,4,OP_004,3,4,88,0,0,False,True,False
14,35,5,OP_005,1,1,3,0,0,False,False,False
14,36,2,OP_002,1,0,0,0,0,False,False,False
14,37,2,OP_002,2,0,0,0,0,False,False,False
14,38,38,OP_038,1,2,2,0,0,False,False,False
14,39,65,OP_065,2,1,38,0,0,False,False,False
14,40,4,OP_004,3,12,35,0,0,False,True,False
14,41,59,OP_059,2,2,3,0,0,False,False,False
14,42,12,OP_012,2,83,48,0,0,False,False,False
14,43,19,OP_019,2,3,97,0,0,False,True,False
14,44,2,OP_002,2,0,0,0,0,False,False,False
14,45,2,OP_002,1,0,0,0,0,False,False,False
14,46,61,OP_061,37,2,4,0,0,False,False,False
14,47,41,OP_041,37,81,2,0,0,False,False,False
14,48,4,OP_004,3,9,30,0,0,False,True,False
14,49,7,OP_007,2,41,3,0,0,False,False,False
14,50,13,OP_013,3,2,12,0,0,False,False,False
14,51,4,OP_004,4,9,12,0,0,False,True,False
14,52,7,OP_007,3,3,4,0,0,False,False,False
14,53,53,OP_053,2,2,3,0,0,False,False,False
14,54,26,OP_026,2,55,27,0,0,False,False,False
14,55,11,OP_011,44,58,63,0,0,False,False,False
14,56,21,OP_021,2,41,63,0,0,False,False,False
14,57,3,OP_003,"[4, 5]","[13, 6]",None,None,2,False,False,False
14,58,25,OP_025,2,3,2,5,0,False,False,False
14,59,12,OP_012,2,81,27,0,0,False,False,False
14,60,28,OP_028,2,3,20,0,0,False,False,False
14,61,4,OP_004,3,14,64,0,0,False,True,False
14,62,21,OP_021,5,41,98,0,0,False,False,False
14,63,18,OP_018,5,2,4,0,0,False,False,False
14,64,19,OP_019,6,15,60,0,0,False,True,False
14,65,4,OP_004,7,16,80,0,0,False,True,False
14,66,7,OP_007,6,6,7,0,0,False,False,False
14,67,2,OP_002,6,0,0,0,0,False,False,False
14,68,13,OP_013,8,4,4,0,0,False,False,False
14,69,18,OP_018,8,3,7,0,0,False,False,False
14,70,2,OP_002,7,0,0,0,0,False,False,False
14,71,13,OP_013,9,4,31,0,0,False,False,False
14,72,18,OP_018,9,4,8,0,0,False,False,False
14,73,2,OP_002,8,0,0,0,0,False,False,False
14,74,13,OP_013,10,4,32,0,0,False,False,False
14,75,18,OP_018,10,5,9,0,0,False,False,False
14,76,2,OP_002,9,0,0,0,0,False,False,False
14,77,34,OP_034,5,4,2,0,0,False,False,False
14,78,52,OP_052,4,4,5,0,0,False,False,False
14,79,1,OP_001,2,3,4,0,0,False,False,False
14,80,20,OP_020,28,30,89,0,0,False,False,False
14,81,11,OP_011,3,81,57,0,0,False,False,False
14,82,40,OP_040,37,47,2,0,0,False,False,False
14,83,11,OP_011,98,138,61,0,0,False,False,False
14,84,4,OP_004,3,5,68,0,0,False,True,False
14,85,7,OP_007,2,36,3,0,0,False,False,False
14,86,28,OP_028,3,3,12,0,0,False,False,False
14,87,3,OP_003,"[4, 6]","[14, 14]",None,None,2,False,False,False
14,88,7,OP_007,5,2,6,0,0,False,False,False
14,89,1,OP_001,3,4,5,0,0,False,False,False
14,90,19,OP_019,4,21,19,0,0,False,True,False
14,91,4,OP_004,5,22,13,0,0,False,True,False
14,92,7,OP_007,4,4,5,0,0,False,False,False
14,93,2,OP_002,4,0,0,0,0,False,False,False
14,94,8,OP_008,5,23,44,0,0,False,False,False
14,95,22,OP_022,3,2,1,0,0,False,False,False
14,96,21,OP_021,3,2,44,0,0,False,False,False
14,97,3,OP_003,"[5, 6]","[24, 6]",None,None,2,False,False,False
14,98,25,OP_025,3,3,2,6,0,False,False,False
14,99,12,OP_012,3,100,19,0,0,False,False,False
14,100,11,OP_011,96,103,39,0,0,False,False,False
14,101,21,OP_021,3,2,15,0,0,False,False,False
14,102,3,OP_003,"[5, 6]","[25, 26]",None,None,2,False,False,False
14,103,25,OP_025,3,3,2,6,0,False,False,False
14,104,51,OP_051,4,3,78,0,0,False,False,False
14,105,12,OP_012,4,123,71,0,0,False,False,False
14,106,19,OP_019,4,3,7,0,0,False,True,False
14,107,43,OP_043,0,0,0,0,0,False,False,False
14,108,2,OP_002,4,0,0,0,0,False,False,False
14,109,21,OP_021,5,2,32,0,0,False,False,False
14,110,4,OP_004,7,27,2,0,0,False,True,False
14,111,48,OP_048,5,2,0,7,0,False,False,False
14,112,44,OP_044,5,0,0,0,0,False,False,False
14,113,47,OP_047,37,0,4,0,0,False,False,False
14,114,41,OP_041,37,121,2,0,0,False,False,False
14,115,21,OP_021,4,41,49,0,0,False,False,False
14,116,3,OP_003,"[6, 7]","[25, 28]",None,None,2,False,False,False
14,117,216,OP_216,3,4,2,7,0,False,False,False
14,118,12,OP_012,4,121,90,0,0,False,False,False
14,119,21,OP_021,3,41,52,0,0,False,False,False
14,120,11,OP_011,98,123,35,0,0,False,False,False
14,121,11,OP_011,35,121,36,0,0,False,False,False
14,122,40,OP_040,37,114,2,0,0,False,False,False
14,123,11,OP_011,98,123,52,0,0,False,False,False
14,124,21,OP_021,4,3,97,0,0,False,False,False
14,125,12,OP_012,4,136,11,0,0,False,False,False
14,126,19,OP_019,5,29,47,0,0,False,True,False
14,127,2,OP_002,5,0,0,0,0,False,False,False
14,128,2,OP_002,3,0,0,0,0,False,False,False
14,129,22,OP_022,4,2,1,0,0,False,False,False
14,130,19,OP_019,5,21,35,0,0,False,True,False
14,131,4,OP_004,6,22,72,0,0,False,True,False
14,132,7,OP_007,5,5,6,0,0,False,False,False
14,133,2,OP_002,5,0,0,0,0,False,False,False
14,134,8,OP_008,6,12,63,0,0,False,False,False
14,135,22,OP_022,4,2,1,0,0,False,False,False
14,136,11,OP_011,74,136,57,0,0,False,False,False
14,137,20,OP_020,38,98,79,0,0,False,False,False
14,138,11,OP_011,80,138,55,0,0,False,False,False
14,139,40,OP_040,32,18,2,0,0,False,False,False
14,140,20,OP_020,90,63,4,0,0,False,False,False
15,1,21,OP_021,2,1,15,0,0,False,False,False
15,2,26,OP_026,2,3,30,0,0,False,False,False
15,3,11,OP_011,70,5,47,0,0,False,False,False
15,4,13,OP_013,3,1,87,0,0,False,False,False
15,5,18,OP_018,3,1,2,0,0,False,False,False
15,6,12,OP_012,2,51,72,0,0,False,False,False
15,7,13,OP_013,3,1,58,0,0,False,False,False
15,8,18,OP_018,3,2,2,0,0,False,False,False
15,9,51,OP_051,2,2,27,0,0,False,False,False
15,10,12,OP_012,2,27,23,0,0,False,False,False
15,11,13,OP_013,2,1,22,0,0,False,False,False
15,12,4,OP_004,3,3,14,0,0,False,True,False
15,13,7,OP_007,2,2,3,0,0,False,False,False
15,14,4,OP_004,4,4,31,0,0,False,True,False
15,15,5,OP_005,2,2,4,0,0,False,False,False
15,16,6,OP_006,"[2, 3]",None,None,None,3,False,False,False
15,17,8,OP_008,4,5,6,0,0,False,False,False
15,18,23,OP_023,2,3,1,0,0,False,False,False
15,19,13,OP_013,2,2,85,0,0,False,False,False
15,20,4,OP_004,3,6,52,0,0,False,True,False
15,21,7,OP_007,2,2,3,0,0,False,False,False
15,22,4,OP_004,4,4,66,0,0,False,True,False
15,23,5,OP_005,2,2,4,0,0,False,False,False
15,24,6,OP_006,"[2, 3]",None,None,None,3,False,False,False
15,25,8,OP_008,4,7,43,0,0,False,False,False
15,26,23,OP_023,2,3,1,0,0,False,False,False
15,27,11,OP_011,49,27,12,0,0,False,False,False
15,28,13,OP_013,3,1,96,0,0,False,False,False
15,29,18,OP_018,3,3,2,0,0,False,False,False
15,30,4,OP_004,3,9,73,0,0,False,True,False
15,31,46,OP_046,2,2,3,0,0,False,False,False
15,32,12,OP_012,2,41,21,0,0,False,False,False
15,33,13,OP_013,2,1,48,0,0,False,False,False
15,34,4,OP_004,3,8,71,0,0,False,True,False
15,35,7,OP_007,2,2,3,0,0,False,False,False
15,36,4,OP_004,4,4,32,0,0,False,True,False
15,37,5,OP_005,2,2,4,0,0,False,False,False
15,38,6,OP_006,"[2, 3]",None,None,None,3,False,False,False
15,39,8,OP_008,4,5,82,0,0,False,False,False
15,40,23,OP_023,2,3,1,0,0,False,False,False
15,41,11,OP_011,24,41,59,0,0,False,False,False
15,42,28,OP_028,3,3,31,0,0,False,False,False
15,43,2,OP_002,3,0,0,0,0,False,False,False
15,44,62,OP_062,2,1,1,0,0,False,False,False
15,45,19,OP_019,3,10,79,0,0,False,True,False
15,46,4,OP_004,4,11,56,0,0,False,True,False
15,47,7,OP_007,3,3,4,0,0,False,False,False
15,48,2,OP_002,3,0,0,0,0,False,False,False
15,49,8,OP_008,4,12,67,0,0,False,False,False
15,50,22,OP_022,2,2,1,0,0,False,False,False
15,51,11,OP_011,78,0,60,0,0,False,False,False
15,52,20,OP_020,71,33,27,0,0,False,False,False
16,1,17,OP_017,1,1,216,0,0,False,True,False
16,2,43,OP_043,0,0,0,0,0,False,False,False
16,3,258,OP_258,1,0,0,203,0,False,False,False
16,4,31,OP_031,2,2,22,185,0,False,True,False
16,5,31,OP_031,4,3,32,82,0,False,True,False
16,6,31,OP_031,2,2,4,171,0,False,False,False
16,7,31,OP_031,4,4,90,142,0,False,True,False
16,8,48,OP_048,2,2,0,4,0,False,False,False
16,9,44,OP_044,2,0,0,0,0,False,False,False
16,10,47,OP_047,32,0,4,0,0,False,False,False
16,11,41,OP_041,32,76,2,0,0,False,False,False
16,12,4,OP_004,2,5,70,0,0,False,True,False
16,13,7,OP_007,1,36,2,0,0,False,False,False
16,14,4,OP_004,2,6,1,0,0,False,True,False
16,15,46,OP_046,1,1,2,0,0,False,False,False
16,16,26,OP_026,1,17,52,0,0,False,False,False
16,17,11,OP_011,16,20,22,0,0,False,False,False
16,18,21,OP_021,1,36,11,0,0,False,False,False
16,19,3,OP_003,"[3, 4]","[7, 8]",None,None,2,False,False,False
16,20,25,OP_025,1,3,2,4,0,False,False,False
16,21,26,OP_026,1,22,37,0,0,False,False,False
16,22,11,OP_011,30,34,13,0,0,False,False,False
16,23,19,OP_019,2,9,47,0,0,False,True,False
16,24,4,OP_004,3,10,32,0,0,False,True,False
16,25,7,OP_007,2,2,3,0,0,False,False,False
16,26,2,OP_002,2,0,0,0,0,False,False,False
16,27,21,OP_021,4,36,94,0,0,False,False,False
16,28,18,OP_018,4,1,3,0,0,False,False,False
16,29,4,OP_004,4,13,28,0,0,False,True,False
16,30,54,OP_054,3,3,4,0,0,False,False,False
16,31,2,OP_002,3,0,0,0,0,False,False,False
16,32,38,OP_038,1,2,2,0,0,False,False,False
16,33,4,OP_004,2,14,56,0,0,False,True,False
16,34,56,OP_056,1,1,2,0,0,False,False,False
16,35,12,OP_012,1,76,18,0,0,False,False,False
16,36,28,OP_028,1,1,93,0,0,False,False,False
16,37,4,OP_004,2,15,31,0,0,False,True,False
16,38,19,OP_019,4,15,78,0,0,False,True,False
16,39,4,OP_004,5,16,59,0,0,False,True,False
16,40,7,OP_007,4,4,5,0,0,False,False,False
16,41,2,OP_002,4,0,0,0,0,False,False,False
16,42,4,OP_004,6,12,38,0,0,False,True,False
16,43,7,OP_007,5,36,6,0,0,False,False,False
16,44,19,OP_019,7,17,42,0,0,False,True,False
16,45,4,OP_004,8,18,11,0,0,False,True,False
16,46,7,OP_007,7,7,8,0,0,False,False,False
16,47,2,OP_002,7,0,0,0,0,False,False,False
16,48,33,OP_033,"[8, 9, 10]","[19, 20, 20]",None,None,2,False,False,False
16,49,34,OP_034,6,4,2,0,0,False,False,False
16,50,52,OP_052,5,5,6,0,0,False,False,False
16,51,2,OP_002,5,0,0,0,0,False,False,False
16,52,4,OP_004,7,12,43,0,0,False,True,False
16,53,7,OP_007,6,36,7,0,0,False,False,False
16,54,2,OP_002,6,0,0,0,0,False,False,False
16,55,24,OP_024,3,3,2,0,0,False,False,False
16,56,1,OP_001,1,2,3,0,0,False,False,False
16,57,19,OP_019,2,21,55,0,0,False,True,False
16,58,4,OP_004,3,22,54,0,0,False,True,False
16,59,7,OP_007,2,2,3,0,0,False,False,False
16,60,2,OP_002,2,0,0,0,0,False,False,False
16,61,8,OP_008,3,23,47,0,0,False,False,False
16,62,22,OP_022,1,2,1,0,0,False,False,False
16,63,19,OP_019,2,24,37,0,0,False,True,False
16,64,2,OP_002,2,0,0,0,0,False,False,False
16,65,4,OP_004,4,7,31,0,0,False,True,False
16,66,7,OP_007,3,36,4,0,0,False,False,False
16,67,2,OP_002,3,0,0,0,0,False,False,False
16,68,22,OP_022,1,2,1,0,0,False,False,False
16,69,19,OP_019,2,21,25,0,0,False,True,False
16,70,4,OP_004,3,22,59,0,0,False,True,False
16,71,7,OP_007,2,2,3,0,0,False,False,False
16,72,2,OP_002,2,0,0,0,0,False,False,False
16,73,8,OP_008,3,25,74,0,0,False,False,False
16,74,22,OP_022,1,2,1,0,0,False,False,False
16,75,4,OP_004,256,26,84,0,0,False,False,False
16,76,35,OP_035,256,0,56,0,0,False,False,False
16,77,40,OP_040,32,11,2,0,0,False,False,False
16,78,20,OP_020,59,74,50,0,0,False,False,False
17,1,10,OP_010,2,42,46,0,0,False,False,False
17,2,30,OP_030,3,64,72,0,0,False,False,False
17,3,29,OP_029,3,2,31,0,0,False,False,False
17,4,30,OP_030,2,31,2,0,0,False,False,False
17,5,14,OP_014,4,1,0,0,0,False,False,False
17,6,29,OP_029,2,4,82,0,0,False,False,False
17,7,30,OP_030,4,83,79,0,0,False,False,False
17,8,14,OP_014,5,2,0,0,0,False,False,False
17,9,29,OP_029,4,5,84,0,0,False,False,False
17,10,9,OP_009,5,1,19,0,0,False,False,False
17,11,12,OP_012,5,73,84,0,0,False,False,False
17,12,17,OP_017,5,1,216,0,0,False,True,False
17,13,43,OP_043,0,0,0,0,0,False,False,False
17,14,259,OP_259,5,0,0,156,0,False,False,False
17,15,31,OP_031,8,2,55,181,0,False,True,False
17,16,18,OP_018,8,1,6,0,0,False,False,False
17,17,0,OP_000,8,5,43,0,0,False,True,False
17,18,48,OP_048,6,2,0,8,0,False,False,False
17,19,44,OP_044,6,0,0,0,0,False,False,False
17,20,47,OP_047,32,0,4,0,0,False,False,False
17,21,41,OP_041,32,31,2,0,0,False,False,False
17,22,4,OP_004,6,6,3,0,0,False,True,False
17,23,7,OP_007,5,36,6,0,0,False,False,False
17,24,4,OP_004,6,7,39,0,0,False,True,False
17,25,46,OP_046,5,5,6,0,0,False,False,False
17,26,12,OP_012,5,31,46,0,0,False,False,False
17,27,50,OP_050,6,2,70,0,0,False,False,False
17,28,2,OP_002,6,0,0,0,0,False,False,False
17,29,2,OP_002,36,0,0,0,0,False,False,False
17,30,22,OP_022,5,2,1,0,0,False,False,False
17,31,11,OP_011,46,31,31,0,0,False,False,False
17,32,40,OP_040,32,21,2,0,0,False,False,False
17,33,21,OP_021,5,1,56,0,0,False,False,False
17,34,26,OP_026,5,35,21,0,0,False,False,False
17,35,11,OP_011,45,37,89,0,0,False,False,False
17,36,13,OP_013,6,1,25,0,0,False,False,False
17,37,18,OP_018,6,2,5,0,0,False,False,False
17,38,12,OP_012,5,73,56,0,0,False,False,False
17,39,19,OP_019,5,1,25,0,0,False,True,False
17,40,43,OP_043,0,0,0,0,0,False,False,False
17,41,2,OP_002,5,0,0,0,0,False,False,False
17,42,19,OP_019,8,2,68,0,0,False,True,False
17,43,18,OP_018,8,3,6,0,0,False,False,False
17,44,4,OP_004,8,5,35,0,0,False,True,False
17,45,48,OP_048,6,2,0,8,0,False,False,False
17,46,44,OP_044,6,0,0,0,0,False,False,False
17,47,47,OP_047,32,0,4,0,0,False,False,False
17,48,41,OP_041,32,64,2,0,0,False,False,False
17,49,4,OP_004,6,6,2,0,0,False,True,False
17,50,7,OP_007,5,36,6,0,0,False,False,False
17,51,4,OP_004,6,7,72,0,0,False,True,False
17,52,46,OP_046,5,5,6,0,0,False,False,False
17,53,26,OP_026,5,55,65,0,0,False,False,False
17,54,4,OP_004,256,14,57,0,0,False,False,False
17,55,35,OP_035,256,0,39,0,0,False,False,False
17,56,50,OP_050,5,3,29,0,0,False,False,False
17,57,7,OP_007,5,5,36,0,0,False,False,False
17,58,51,OP_051,5,5,48,0,0,False,False,False
17,59,12,OP_012,5,64,96,0,0,False,False,False
17,60,50,OP_050,6,2,78,0,0,False,False,False
17,61,2,OP_002,6,0,0,0,0,False,False,False
17,62,2,OP_002,36,0,0,0,0,False,False,False
17,63,22,OP_022,5,2,1,0,0,False,False,False
17,64,217,OP_217,64,9,37,0,0,False,False,False
17,65,40,OP_040,32,48,2,0,0,False,False,False
17,66,19,OP_019,6,10,83,0,0,False,True,False
17,67,4,OP_004,7,11,60,0,0,False,True,False
17,68,7,OP_007,6,6,7,0,0,False,False,False
17,69,2,OP_002,6,0,0,0,0,False,False,False
17,70,8,OP_008,7,12,62,0,0,False,False,False
17,71,22,OP_022,5,2,1,0,0,False,False,False
17,72,11,OP_011,44,32,55,0,0,False,False,False
17,73,11,OP_011,78,73,39,0,0,False,False,False
17,74,39,OP_039,5,1,63,0,0,False,False,False
17,75,12,OP_012,5,92,21,0,0,False,False,False
17,76,17,OP_017,5,1,216,0,0,False,True,False
17,77,2,OP_002,5,0,0,0,0,False,False,False
17,78,50,OP_050,6,3,65,0,0,False,False,False
17,79,2,OP_002,6,0,0,0,0,False,False,False
17,80,61,OP_061,32,2,4,0,0,False,False,False
17,81,41,OP_041,32,87,2,0,0,False,False,False
17,82,21,OP_021,5,36,32,0,0,False,False,False
17,83,4,OP_004,7,13,87,0,0,False,True,False
17,84,5,OP_005,5,5,7,0,0,False,False,False
17,85,2,OP_002,5,0,0,0,0,False,False,False
17,86,2,OP_002,6,0,0,0,0,False,False,False
17,87,22,OP_022,5,2,1,0,0,False,False,False
17,88,40,OP_040,32,81,2,0,0,False,False,False
17,89,10,OP_010,5,67,16,0,0,False,False,False
17,90,29,OP_029,3,5,27,0,0,False,False,False
17,91,4,OP_004,257,15,39,0,0,False,False,False
17,92,35,OP_035,257,0,2,0,0,False,False,False
17,93,20,OP_020,15,83,53,0,0,False,False,False
18,1,17,OP_017,2,1,251,0,0,False,False,False
18,2,7,OP_007,2,2,1,0,0,False,False,False
18,3,12,OP_012,2,5,65,0,0,False,False,False
18,4,20,OP_020,18,75,86,0,0,False,False,False
18,5,11,OP_011,91,5,62,0,0,False,False,False
18,6,17,OP_017,3,1,216,0,0,False,True,False
18,7,0,OP_000,4,2,43,0,0,False,True,False
18,8,7,OP_007,3,3,4,0,0,False,False,False
18,9,2,OP_002,3,0,0,0,0,False,False,False
18,10,8,OP_008,4,3,73,0,0,False,False,False
18,11,38,OP_038,2,2,2,0,0,False,False,False
18,12,0,OP_000,3,4,43,0,0,False,True,False
18,13,1,OP_001,2,3,1,0,0,False,False,False
18,14,0,OP_000,3,5,43,0,0,False,True,False
18,15,16,OP_016,256,2,0,0,0,False,False,False
18,16,209,OP_209,6,6,0,256,0,False,False,False
18,17,19,OP_019,5,6,79,0,0,False,True,False
18,18,0,OP_000,6,7,43,0,0,False,True,False
18,19,7,OP_007,5,5,6,0,0,False,False,False
18,20,2,OP_002,5,0,0,0,0,False,False,False
18,21,33,OP_033,"[6, 7, 8]","[8, 9, 10]",None,None,2,False,False,False
18,22,34,OP_034,4,4,2,0,0,False,False,False
18,23,1,OP_001,2,3,4,0,0,False,False,False
18,24,0,OP_000,3,11,43,0,0,False,True,False
18,25,17,OP_017,5,6,216,0,0,False,True,False
18,26,0,OP_000,6,7,43,0,0,False,True,False
18,27,7,OP_007,5,5,6,0,0,False,False,False
18,28,2,OP_002,5,0,0,0,0,False,False,False
18,29,33,OP_033,"[6, 7, 8]","[8, 8, 8]",None,None,2,False,False,False
18,30,34,OP_034,4,4,2,0,0,False,False,False
18,31,1,OP_001,2,3,4,0,0,False,False,False
18,32,3,OP_003,"[3, 4]","[12, 13]",None,None,2,False,False,False
18,33,1,OP_001,2,3,4,0,0,False,False,False
18,34,3,OP_003,"[3, 4]","[14, 10]",None,None,2,False,False,False
18,35,1,OP_001,2,3,4,0,0,False,False,False
18,36,0,OP_000,3,15,43,0,0,False,True,False
18,37,1,OP_001,2,3,1,0,0,False,False,False
18,38,17,OP_017,3,1,251,0,0,False,False,False
18,39,1,OP_001,3,1,2,0,0,False,False,False
18,40,20,OP_020,1,16,44,0,0,False,False,False
19,1,17,OP_017,2,1,251,0,0,False,False,False
19,2,16,OP_016,256,2,0,0,0,False,False,False
19,3,191,OP_191,2,16,1,256,0,False,False,False
19,4,7,OP_007,2,2,1,0,0,False,False,False
19,5,12,OP_012,2,16,21,0,0,False,False,False
19,6,17,OP_017,2,1,251,0,0,False,False,False
19,7,7,OP_007,2,2,1,0,0,False,False,False
19,8,0,OP_000,4,1,43,0,0,False,True,False
19,9,5,OP_005,2,2,4,0,0,False,False,False
19,10,2,OP_002,2,0,0,0,0,False,False,False
19,11,2,OP_002,3,0,0,0,0,False,False,False
19,12,22,OP_022,2,2,1,0,0,False,False,False
19,13,17,OP_017,2,1,251,0,0,False,False,False
19,14,9,OP_009,3,3,92,0,0,False,False,False
19,15,1,OP_001,2,1,3,0,0,False,False,False
19,16,11,OP_011,52,16,2,0,0,False,False,False
19,17,20,OP_020,1,38,62,0,0,False,False,False
20,1,17,OP_017,1,1,216,0,0,False,True,False
20,2,43,OP_043,0,0,0,0,0,False,False,False
20,3,260,OP_260,1,0,0,122,0,False,False,False
20,4,31,OP_031,4,2,38,276,0,False,True,False
20,5,16,OP_016,256,2,0,0,0,False,False,False
20,6,276,OP_276,4,1,-6,256,0,False,False,False
20,7,18,OP_018,4,1,2,0,0,False,False,False
20,8,0,OP_000,4,5,43,0,0,False,True,False
20,9,48,OP_048,2,2,0,4,0,False,False,False
20,10,44,OP_044,2,0,0,0,0,False,False,False
20,11,47,OP_047,32,0,4,0,0,False,False,False
20,12,41,OP_041,32,24,2,0,0,False,False,False
20,13,4,OP_004,2,6,3,0,0,False,True,False
20,14,7,OP_007,1,36,2,0,0,False,False,False
20,15,4,OP_004,2,7,89,0,0,False,True,False
20,16,46,OP_046,1,1,2,0,0,False,False,False
20,17,12,OP_012,1,24,26,0,0,False,False,False
20,18,28,OP_028,1,1,16,0,0,False,False,False
20,19,3,OP_003,"[2, 4]","[8, 8]",None,None,2,False,False,False
20,20,7,OP_007,3,36,4,0,0,False,False,False
20,21,1,OP_001,1,2,3,0,0,False,False,False
20,22,4,OP_004,257,9,34,0,0,False,False,False
20,23,35,OP_035,257,0,91,0,0,False,False,False
20,24,11,OP_011,76,24,38,0,0,False,False,False
20,25,40,OP_040,32,12,2,0,0,False,False,False
20,26,20,OP_020,77,30,74,0,0,False,False,False
21,1,17,OP_017,1,1,216,0,0,False,True,False
21,2,16,OP_016,256,2,0,0,0,False,False,False
21,3,292,OP_292,-6,0,0,256,0,False,False,False
21,4,43,OP_043,0,0,0,0,0,False,False,False
21,5,261,OP_261,1,0,0,123,0,False,False,False
21,6,31,OP_031,2,2,34,150,0,False,True,False
21,7,31,OP_031,4,3,38,196,0,False,True,False
21,8,31,OP_031,2,2,4,55,0,False,False,False
21,9,31,OP_031,4,4,12,59,0,False,True,False
21,10,48,OP_048,2,2,0,4,0,False,False,False
21,11,44,OP_044,2,0,0,0,0,False,False,False
21,12,47,OP_047,32,0,4,0,0,False,False,False
21,13,41,OP_041,32,28,2,0,0,False,False,False
21,14,4,OP_004,2,5,36,0,0,False,True,False
21,15,7,OP_007,1,36,2,0,0,False,False,False
21,16,4,OP_004,2,6,93,0,0,False,True,False
21,17,46,OP_046,1,1,2,0,0,False,False,False
21,18,12,OP_012,1,28,66,0,0,False,False,False
21,19,28,OP_028,1,1,62,0,0,False,False,False
21,20,4,OP_004,2,7,29,0,0,False,True,False
21,21,21,OP_021,3,36,45,0,0,False,False,False
21,22,4,OP_004,5,8,66,0,0,False,True,False
21,23,74,OP_074,3,2,2,5,0,False,False,False
21,24,4,OP_004,4,7,72,0,0,False,True,False
21,25,7,OP_007,3,3,4,0,0,False,False,False
21,26,1,OP_001,1,2,3,0,0,False,False,False
21,27,11,OP_011,83,29,13,0,0,False,False,False
21,28,11,OP_011,63,28,62,0,0,False,False,False
21,29,40,OP_040,32,13,2,0,0,False,False,False
21,30,20,OP_020,74,67,36,0,0,False,False,False
22,1,17,OP_017,1,1,251,0,0,False,False,False
22,2,262,OP_262,2,1,33,55,0,False,True,False
22,3,31,OP_031,4,2,86,228,0,False,True,False
22,4,31,OP_031,5,3,95,263,0,False,True,False
22,5,7,OP_007,4,4,5,0,0,False,False,False
22,6,2,OP_002,4,0,0,0,0,False,False,False
22,7,33,OP_033,"[5, 6, 7]","[4, 5, 6]",None,None,2,False,False,False
22,8,34,OP_034,3,4,2,0,0,False,False,False
22,9,16,OP_016,256,2,0,0,0,False,False,False
22,10,277,OP_277,1,-13,-25,256,0,False,False,False
22,11,1,OP_001,1,2,3,0,0,False,False,False
22,12,20,OP_020,73,24,31,0,0,False,False,False
23,1,17,OP_017,1,1,251,0,0,False,False,False
23,2,263,OP_263,2,1,53,97,0,False,True,False
23,3,31,OP_031,4,2,28,51,0,False,True,False
23,4,31,OP_031,5,3,55,107,0,False,True,False
23,5,7,OP_007,4,4,5,0,0,False,False,False
23,6,2,OP_002,4,0,0,0,0,False,False,False
23,7,33,OP_033,"[5, 6, 7]","[4, 5, 6]",None,None,2,False,False,False
23,8,34,OP_034,3,4,2,0,0,False,False,False
23,9,1,OP_001,1,2,3,0,0,False,False,False
23,10,20,OP_020,17,56,92,0,0,False,False,False
24,1,17,OP_017,1,1,251,0,0,False,False,False
24,2,0,OP_000,2,1,43,0,0,False,True,False
24,3,13,OP_013,4,2,72,0,0,False,False,False
24,4,18,OP_018,4,1,3,0,0,False,False,False
24,5,16,OP_016,256,2,0,0,0,False,False,False
24,6,306,OP_306,-24,3,3,256,0,False,False,False
24,7,1,OP_001,1,2,3,0,0,False,False,False
24,8,20,OP_020,53,11,28,0,0,False,False,False
25,1,17,OP_017,1,1,251,0,0,False,False,False
25,2,0,OP_000,2,1,43,0,0,False,True,False
25,3,13,OP_013,4,2,18,0,0,False,False,False
25,4,18,OP_018,4,1,3,0,0,False,False,False
25,5,1,OP_001,1,2,3,0,0,False,False,False
25,6,20,OP_020,13,62,65,0,0,False,False,False
26,1,17,OP_017,1,1,251,0,0,False,False,False
26,2,0,OP_000,2,1,43,0,0,False,True,False
26,3,13,OP_013,4,2,83,0,0,False,False,False
26,4,18,OP_018,4,1,3,0,0,False,False,False
26,5,1,OP_001,1,2,3,0,0,False,False,False
26,6,20,OP_020,69,64,62,0,0,False,False,False
27,1,16,OP_016,256,2,0,0,0,False,False,False
27,2,305,OP_305,-10,-3,0,256,0,False,False,False
27,3,21,OP_021,2,1,96,0,0,False,False,False
27,4,12,OP_012,2,20,27,0,0,False,False,False
27,5,13,OP_013,3,1,91,0,0,False,False,False
27,6,18,OP_018,3,1,2,0,0,False,False,False
27,7,0,OP_000,3,3,43,0,0,False,True,False
27,8,46,OP_046,2,2,3,0,0,False,False,False
27,9,12,OP_012,2,34,38,0,0,False,False,False
27,10,13,OP_013,2,1,15,0,0,False,False,False
27,11,0,OP_000,3,2,43,0,0,False,True,False
27,12,264,OP_264,2,2,3,267,0,False,False,False
27,13,31,OP_031,4,4,69,184,0,False,True,False
27,14,5,OP_005,2,2,4,0,0,False,False,False
27,15,6,OP_006,"[2, 3]",None,None,None,3,False,False,False
27,16,8,OP_008,4,5,46,0,0,False,False,False
27,17,23,OP_023,2,3,1,0,0,False,False,False
27,18,11,OP_011,23,34,78,0,0,False,False,False
27,19,4,OP_004,257,6,27,0,0,False,False,False
27,20,35,OP_035,257,0,48,0,0,False,False,False
27,21,13,OP_013,3,1,81,0,0,False,False,False
27,22,18,OP_018,3,2,2,0,0,False,False,False
27,23,0,OP_000,3,5,43,0,0,False,True,False
27,24,46,OP_046,2,2,3,0,0,False,False,False
27,25,12,OP_012,2,34,36,0,0,False,False,False
27,26,13,OP_013,2,1,36,0,0,False,False,False
27,27,0,OP_000,3,2,43,0,0,False,True,False
27,28,7,OP_007,2,2,3,0,0,False,False,False
27,29,0,OP_000,4,4,43,0,0,False,True,False
27,30,5,OP_005,2,2,4,0,0,False,False,False
27,31,6,OP_006,"[2, 3]",None,None,None,3,False,False,False
27,32,8,OP_008,4,3,24,0,0,False,False,False
27,33,23,OP_023,2,3,1,0,0,False,False,False
27,34,11,OP_011,36,34,44,0,0,False,False,False
27,35,20,OP_020,95,32,23,0,0,False,False,False
28,1,19,OP_019,2,1,27,0,0,False,True,False
28,2,4,OP_004,3,2,48,0,0,False,True,False
28,3,7,OP_007,2,2,3,0,0,False,False,False
28,4,2,OP_002,2,0,0,0,0,False,False,False
28,5,8,OP_008,3,3,97,0,0,False,False,False
28,6,38,OP_038,1,2,2,0,0,False,False,False
28,7,12,OP_012,1,36,79,0,0,False,False,False
28,8,13,OP_013,2,1,98,0,0,False,False,False
28,9,18,OP_018,2,1,1,0,0,False,False,False
28,10,12,OP_012,1,0,61,0,0,False,False,False
28,11,19,OP_019,2,6,29,0,0,False,True,False
28,12,18,OP_018,2,2,1,0,0,False,False,False
28,13,4,OP_004,3,9,99,0,0,False,True,False
28,14,5,OP_005,1,1,3,0,0,False,False,False
28,15,6,OP_006,"[1, 2]",None,None,None,3,False,False,False
28,16,8,OP_008,3,10,26,0,0,False,False,False
28,17,24,OP_024,1,3,2,0,0,False,False,False
28,18,21,OP_021,2,1,55,0,0,False,False,False
28,19,12,OP_012,2,0,18,0,0,False,False,False
28,20,28,OP_028,2,2,78,0,0,False,False,False
28,21,4,OP_004,3,11,73,0,0,False,True,False
28,22,19,OP_019,5,11,53,0,0,False,True,False
28,23,4,OP_004,6,12,56,0,0,False,True,False
28,24,7,OP_007,5,5,6,0,0,False,False,False
28,25,2,OP_002,5,0,0,0,0,False,False,False
28,26,21,OP_021,6,1,42,0,0,False,False,False
28,27,4,OP_004,8,13,31,0,0,False,True,False
28,28,74,OP_074,6,2,2,8,0,False,False,False
28,29,4,OP_004,7,14,43,0,0,False,True,False
28,30,7,OP_007,6,6,7,0,0,False,False,False
28,31,2,OP_002,6,0,0,0,0,False,False,False
28,32,38,OP_038,4,2,2,0,0,False,False,False
28,33,1,OP_001,2,3,4,0,0,False,False,False
28,34,11,OP_011,8,0,78,0,0,False,False,False
28,35,11,OP_011,5,0,55,0,0,False,False,False
28,36,11,OP_011,54,0,31,0,0,False,False,False
28,37,20,OP_020,54,65,33,0,0,False,False,False
29,1,21,OP_021,2,1,3,0,0,False,False,False
29,2,26,OP_026,2,3,52,0,0,False,False,False
29,3,11,OP_011,89,5,28,0,0,False,False,False
29,4,13,OP_013,3,1,80,0,0,False,False,False
29,5,18,OP_018,3,1,2,0,0,False,False,False
29,6,12,OP_012,2,41,9,0,0,False,False,False
29,7,19,OP_019,3,3,66,0,0,False,True,False
29,8,3,OP_003,"[5, 6]","[4, 5]",None,None,2,False,False,False
29,9,25,OP_025,3,3,2,6,0,False,False,False
29,10,18,OP_018,3,2,2,0,0,False,False,False
29,11,4,OP_004,4,10,45,0,0,False,True,False
29,12,5,OP_005,2,2,4,0,0,False,False,False
29,13,6,OP_006,"[2, 3]",None,None,None,3,False,False,False
29,14,8,OP_008,4,11,42,0,0,False,False,False
29,15,32,OP_032,5,3,0,0,0,False,False,False
29,16,2,OP_002,5,0,0,0,0,False,False,False
29,17,15,OP_015,2,4,1,0,0,False,False,False
29,18,19,OP_019,3,14,59,0,0,False,True,False
29,19,4,OP_004,4,15,4,0,0,False,True,False
29,20,7,OP_007,3,3,4,0,0,False,False,False
29,21,2,OP_002,3,0,0,0,0,False,False,False
29,22,8,OP_008,4,16,59,0,0,False,False,False
29,23,22,OP_022,2,2,1,0,0,False,False,False
29,24,19,OP_019,3,3,31,0,0,False,True,False
29,25,3,OP_003,"[5, 6]","[4, 5]",None,None,2,False,False,False
29,26,25,OP_025,3,3,2,6,0,False,False,False
29,27,18,OP_018,3,4,2,0,0,False,False,False
29,28,4,OP_004,4,10,35,0,0,False,True,False
29,29,5,OP_005,2,2,4,0,0,False,False,False
29,30,6,OP_006,"[2, 3]",None,None,None,3,False,False,False
29,31,8,OP_008,4,11,48,0,0,False,False,False
29,32,32,OP_032,5,5,0,0,0,False,False,False
29,33,2,OP_002,5,0,0,0,0,False,False,False
29,34,15,OP_015,2,4,1,0,0,False,False,False
29,35,19,OP_019,3,14,18,0,0,False,True,False
29,36,4,OP_004,4,15,62,0,0,False,True,False
29,37,7,OP_007,3,3,4,0,0,False,False,False
29,38,2,OP_002,3,0,0,0,0,False,False,False
29,39,8,OP_008,4,16,61,0,0,False,False,False
29,40,22,OP_022,2,2,1,0,0,False,False,False
29,41,11,OP_011,23,0,97,0,0,False,False,False
29,42,20,OP_020,74,9,43,0,0,False,False,False
30,1,21,OP_021,2,1,89,0,0,False,False,False
30,2,26,OP_026,2,3,13,0,0,False,False,False
30,3,11,OP_011,48,5,22,0,0,False,False,False
30,4,13,OP_013,3,1,92,0,0,False,False,False
30,5,18,OP_018,3,1,2,0,0,False,False,False
30,6,12,OP_012,2,112,83,0,0,False,False,False
30,7,28,OP_028,2,2,43,0,0,False,False,False
30,8,12,OP_012,2,104,64,0,0,False,False,False
30,9,69,OP_069,2,41,98,0,0,False,False,False
30,10,13,OP_013,4,3,45,0,0,False,False,False
30,11,18,OP_018,4,2,3,0,0,False,False,False
30,12,19,OP_019,4,4,33,0,0,False,True,False
30,13,43,OP_043,0,0,0,0,0,False,False,False
30,14,2,OP_002,4,0,0,0,0,False,False,False
30,15,13,OP_013,7,4,12,0,0,False,False,False
30,16,18,OP_018,7,3,5,0,0,False,False,False
30,17,4,OP_004,7,7,41,0,0,False,True,False
30,18,48,OP_048,5,2,0,7,0,False,False,False
30,19,44,OP_044,5,0,0,0,0,False,False,False
30,20,47,OP_047,32,0,4,0,0,False,False,False
30,21,41,OP_041,32,74,2,0,0,False,False,False
30,22,4,OP_004,4,8,88,0,0,False,True,False
30,23,19,OP_019,5,4,54,0,0,False,True,False
30,24,43,OP_043,0,0,0,0,0,False,False,False
30,25,2,OP_002,5,0,0,0,0,False,False,False
30,26,13,OP_013,6,5,54,0,0,False,False,False
30,27,4,OP_004,8,9,92,0,0,False,True,False
30,28,48,OP_048,6,2,0,8,0,False,False,False
30,29,44,OP_044,6,0,0,0,0,False,False,False
30,30,47,OP_047,37,0,4,0,0,False,False,False
30,31,41,OP_041,37,38,2,0,0,False,False,False
30,32,4,OP_004,6,10,60,0,0,False,True,False
30,33,7,OP_007,5,41,6,0,0,False,False,False
30,34,46,OP_046,5,5,36,0,0,False,False,False
30,35,12,OP_012,5,38,65,0,0,False,False,False
30,36,4,OP_004,4,11,76,0,0,False,True,False
30,37,11,OP_011,65,39,5,0,0,False,False,False
30,38,11,OP_011,57,38,60,0,0,False,False,False
30,39,40,OP_040,37,31,2,0,0,False,False,False
30,40,4,OP_004,6,12,51,0,0,False,True,False
30,41,7,OP_007,5,36,6,0,0,False,False,False
30,42,4,OP_004,7,13,87,0,0,False,True,False
30,43,5,OP_005,5,5,7,0,0,False,False,False
30,44,6,OP_006,"[5, 6]",None,None,None,3,False,False,False
30,45,8,OP_008,7,14,93,0,0,False,False,False
30,46,24,OP_024,5,3,2,0,0,False,False,False
30,47,51,OP_051,6,4,87,0,0,False,False,False
30,48,26,OP_026,6,50,32,0,0,False,False,False
30,49,4,OP_004,256,26,6,0,0,False,False,False
30,50,35,OP_035,256,0,98,0,0,False,False,False
30,51,51,OP_051,6,5,97,0,0,False,False,False
30,52,12,OP_012,6,74,33,0,0,False,False,False
30,53,21,OP_021,6,36,24,0,0,False,False,False
30,54,4,OP_004,8,15,34,0,0,False,True,False
30,55,5,OP_005,6,6,8,0,0,False,False,False
30,56,6,OP_006,"[6, 7]",None,None,None,3,False,False,False
30,57,8,OP_008,8,16,59,0,0,False,False,False
30,58,24,OP_024,6,3,2,0,0,False,False,False
30,59,21,OP_021,7,6,3,0,0,False,False,False
30,60,12,OP_012,7,74,29,0,0,False,False,False
30,61,28,OP_028,7,2,39,0,0,False,False,False
30,62,4,OP_004,8,17,6,0,0,False,True,False
30,63,7,OP_007,7,7,8,0,0,False,False,False
30,64,4,OP_004,9,17,14,0,0,False,True,False
30,65,7,OP_007,8,6,9,0,0,False,False,False
30,66,54,OP_054,7,7,8,0,0,False,False,False
30,67,4,OP_004,8,18,40,0,0,False,True,False
30,68,7,OP_007,7,7,8,0,0,False,False,False
30,69,56,OP_056,8,7,3,0,0,False,False,False
30,70,12,OP_012,8,74,79,0,0,False,False,False
30,71,27,OP_027,"[2, 3]","[6, 7]",None,None,2,False,False,False
30,72,11,OP_011,52,74,39,0,0,False,False,False
30,73,11,OP_011,47,74,90,0,0,False,False,False
30,74,11,OP_011,63,74,94,0,0,False,False,False
30,75,40,OP_040,32,21,2,0,0,False,False,False
30,76,21,OP_021,4,2,12,0,0,False,False,False
30,77,12,OP_012,4,104,42,0,0,False,False,False
30,78,28,OP_028,4,2,6,0,0,False,False,False
30,79,4,OP_004,5,19,76,0,0,False,True,False
30,80,19,OP_019,7,19,96,0,0,False,True,False
30,81,4,OP_004,8,20,50,0,0,False,True,False
30,82,7,OP_007,7,7,8,0,0,False,False,False
30,83,2,OP_002,7,0,0,0,0,False,False,False
30,84,4,OP_004,9,17,67,0,0,False,True,False
30,85,7,OP_007,8,2,9,0,0,False,False,False
30,86,19,OP_019,10,21,29,0,0,False,True,False
30,87,4,OP_004,11,20,37,0,0,False,True,False
30,88,7,OP_007,10,10,11,0,0,False,False,False
30,89,218,OP_218,0,10,0,0,0,False,False,False
30,90,8,OP_008,11,22,44,0,0,False,False,False
30,91,13,OP_013,13,3,4,0,0,False,False,False
30,92,18,OP_018,13,4,12,0,0,False,False,False
30,93,2,OP_002,12,0,0,0,0,False,False,False
30,94,8,OP_008,13,22,20,0,0,False,False,False
30,95,34,OP_034,9,4,2,0,0,False,False,False
30,96,52,OP_052,8,8,9,0,0,False,False,False
30,97,2,OP_002,8,0,0,0,0,False,False,False
30,98,4,OP_004,10,17,66,0,0,False,True,False
30,99,7,OP_007,9,2,10,0,0,False,False,False
30,100,2,OP_002,9,0,0,0,0,False,False,False
30,101,24,OP_024,6,3,2,0,0,False,False,False
30,102,1,OP_001,4,5,6,0,0,False,False,False
30,103,11,OP_011,12,104,18,0,0,False,False,False
30,104,11,OP_011,17,104,29,0,0,False,False,False
30,105,19,OP_019,3,24,98,0,0,False,True,False
30,106,4,OP_004,4,25,66,0,0,False,True,False
30,107,7,OP_007,3,3,4,0,0,False,False,False
30,108,2,OP_002,3,0,0,0,0,False,False,False
30,109,8,OP_008,4,22,84,0,0,False,False,False
30,110,22,OP_022,2,2,1,0,0,False,False,False
30,111,4,OP_004,257,27,51,0,0,False,False,False
30,112,35,OP_035,257,0,47,0,0,False,False,False
30,113,20,OP_020,90,33,97,0,0,False,False,False
31,1,20,OP_020,92,35,68,0,0,False,False,False
32,1,21,OP_021,2,1,5,0,0,False,False,False
32,2,26,OP_026,2,3,77,0,0,False,False,False
32,3,11,OP_011,65,5,76,0,0,False,False,False
32,4,13,OP_013,3,1,55,0,0,False,False,False
32,5,18,OP_018,3,1,2,0,0,False,False,False
32,6,12,OP_012,2,71,33,0,0,False,False,False
32,7,19,OP_019,2,3,34,0,0,False,True,False
32,8,4,OP_004,5,4,19,0,0,False,True,False
32,9,7,OP_007,2,2,5,0,0,False,False,False
32,10,13,OP_013,5,2,11,0,0,False,False,False
32,11,18,OP_018,5,2,4,0,0,False,False,False
32,12,4,OP_004,5,6,9,0,0,False,True,False
32,13,25,OP_025,2,3,2,5,0,False,False,False
32,14,12,OP_012,2,62,67,0,0,False,False,False
32,15,19,OP_019,2,3,88,0,0,False,True,False
32,16,4,OP_004,3,4,71,0,0,False,True,False
32,17,7,OP_007,2,2,3,0,0,False,False,False
32,18,4,OP_004,4,6,78,0,0,False,True,False
32,19,5,OP_005,2,2,4,0,0,False,False,False
32,20,6,OP_006,"[2, 3]",None,None,None,3,False,False,False
32,21,13,OP_013,5,2,32,0,0,False,False,False
32,22,18,OP_018,5,3,4,0,0,False,False,False
32,23,2,OP_002,4,0,0,0,0,False,False,False
32,24,24,OP_024,2,3,2,0,0,False,False,False
32,25,21,OP_021,3,2,30,0,0,False,False,False
32,26,26,OP_026,3,27,87,0,0,False,False,False
32,27,11,OP_011,20,30,8,0,0,False,False,False
32,28,21,OP_021,3,2,99,0,0,False,False,False
32,29,3,OP_003,"[5, 6]","[7, 8]",None,None,2,False,False,False
32,30,25,OP_025,3,3,2,6,0,False,False,False
32,31,12,OP_012,3,62,55,0,0,False,False,False
32,32,21,OP_021,3,2,44,0,0,False,False,False
32,33,4,OP_004,5,8,74,0,0,False,True,False
32,34,5,OP_005,3,3,5,0,0,False,False,False
32,35,6,OP_006,"[3, 4]",None,None,None,3,False,False,False
32,36,8,OP_008,5,7,15,0,0,False,False,False
32,37,24,OP_024,3,3,2,0,0,False,False,False
32,38,21,OP_021,4,3,1,0,0,False,False,False
32,39,12,OP_012,4,62,67,0,0,False,False,False
32,40,19,OP_019,5,3,10,0,0,False,True,False
32,41,3,OP_003,"[7, 8]","[9, 10]",None,None,2,False,False,False
32,42,25,OP_025,5,3,2,8,0,False,False,False
32,43,18,OP_018,5,4,4,0,0,False,False,False
32,44,4,OP_004,6,15,13,0,0,False,True,False
32,45,5,OP_005,4,4,6,0,0,False,False,False
32,46,6,OP_006,"[4, 5]",None,None,None,3,False,False,False
32,47,8,OP_008,6,16,6,0,0,False,False,False
32,48,10,OP_010,7,36,53,0,0,False,False,False
32,49,4,OP_004,8,17,83,0,0,False,True,False
32,50,19,OP_019,10,18,51,0,0,False,True,False
32,51,2,OP_002,10,0,0,0,0,False,False,False
32,52,2,OP_002,3,0,0,0,0,False,False,False
32,53,38,OP_038,9,2,2,0,0,False,False,False
32,54,1,OP_001,7,8,9,0,0,False,False,False
32,55,3,OP_003,"[8, 9]","[19, 20]",None,None,2,False,False,False
32,56,1,OP_001,7,8,9,0,0,False,False,False
32,57,2,OP_002,7,0,0,0,0,False,False,False
32,58,15,OP_015,4,4,1,0,0,False,False,False
32,59,11,OP_011,22,62,28,0,0,False,False,False
32,60,11,OP_011,88,62,69,0,0,False,False,False
32,61,4,OP_004,256,24,76,0,0,False,False,False
32,62,35,OP_035,256,0,12,0,0,False,False,False
32,63,19,OP_019,3,21,33,0,0,False,True,False
32,64,4,OP_004,4,22,23,0,0,False,True,False
32,65,7,OP_007,3,3,4,0,0,False,False,False
32,66,2,OP_002,3,0,0,0,0,False,False,False
32,67,13,OP_013,5,2,74,0,0,False,False,False
32,68,18,OP_018,5,5,4,0,0,False,False,False
32,69,2,OP_002,4,0,0,0,0,False,False,False
32,70,22,OP_022,2,2,1,0,0,False,False,False
32,71,11,OP_011,42,0,12,0,0,False,False,False
32,72,20,OP_020,9,28,41,0,0,False,False,False
33,1,10,OP_010,1,38,77,0,0,False,False,False
33,2,13,OP_013,2,1,92,0,0,False,False,False
33,3,0,OP_000,4,1,43,0,0,False,True,False
33,4,5,OP_005,2,2,4,0,0,False,False,False
33,5,6,OP_006,"[2, 3]",None,None,None,3,False,False,False
33,6,8,OP_008,4,2,81,0,0,False,False,False
33,7,265,OP_265,2,3,2,172,0,False,False,False
33,8,31,OP_031,3,2,29,140,0,False,False,False
33,9,12,OP_012,3,10,8,0,0,False,False,False
33,10,11,OP_011,29,12,98,0,0,False,False,False
33,11,17,OP_017,3,2,251,0,0,False,False,False
33,12,39,OP_039,3,3,63,0,0,False,False,False
33,13,12,OP_012,3,15,76,0,0,False,False,False
33,14,55,OP_055,1,26,22,0,0,False,False,False
33,15,11,OP_011,78,15,81,0,0,False,False,False
33,16,17,OP_017,3,3,216,0,0,False,True,False
33,17,43,OP_043,0,0,0,0,0,False,False,False
33,18,2,OP_002,3,0,0,0,0,False,False,False
33,19,13,OP_013,6,3,75,0,0,False,False,False
33,20,18,OP_018,6,1,4,0,0,False,False,False
33,21,0,OP_000,6,6,43,0,0,False,True,False
33,22,48,OP_048,4,2,0,6,0,False,False,False
33,23,44,OP_044,4,0,0,0,0,False,False,False
33,24,47,OP_047,32,0,4,0,0,False,False,False
33,25,41,OP_041,32,75,2,0,0,False,False,False
33,26,21,OP_021,3,36,48,0,0,False,False,False
33,27,3,OP_003,"[5, 6]","[2, 1]",None,None,2,False,False,False
33,28,25,OP_025,3,3,2,6,0,False,False,False
33,29,46,OP_046,3,3,2,0,0,False,False,False
33,30,12,OP_012,3,75,86,0,0,False,False,False
33,31,21,OP_021,3,36,15,0,0,False,False,False
33,32,4,OP_004,5,7,57,0,0,False,True,False
33,33,5,OP_005,3,3,5,0,0,False,False,False
33,34,6,OP_006,"[3, 4]",None,None,None,3,False,False,False
33,35,8,OP_008,5,8,86,0,0,False,False,False
33,36,24,OP_024,3,3,2,0,0,False,False,False
33,37,21,OP_021,4,3,27,0,0,False,False,False
33,38,26,OP_026,4,40,5,0,0,False,False,False
33,39,4,OP_004,256,19,35,0,0,False,False,False
33,40,35,OP_035,256,0,42,0,0,False,False,False
33,41,4,OP_004,5,9,8,0,0,False,True,False
33,42,7,OP_007,4,3,5,0,0,False,False,False
33,43,4,OP_004,5,10,77,0,0,False,True,False
33,44,59,OP_059,4,4,5,0,0,False,False,False
33,45,12,OP_012,4,75,10,0,0,False,False,False
33,46,21,OP_021,4,36,46,0,0,False,False,False
33,47,3,OP_003,"[6, 7]","[11, 7]",None,None,2,False,False,False
33,48,25,OP_025,4,3,2,7,0,False,False,False
33,49,12,OP_012,4,51,15,0,0,False,False,False
33,50,4,OP_004,257,20,45,0,0,False,False,False
33,51,35,OP_035,257,0,39,0,0,False,False,False
33,52,4,OP_004,5,12,78,0,0,False,True,False
33,53,7,OP_007,4,36,5,0,0,False,False,False
33,54,21,OP_021,5,4,24,0,0,False,False,False
33,55,12,OP_012,5,75,35,0,0,False,False,False
33,56,19,OP_019,6,13,99,0,0,False,True,False
33,57,4,OP_004,7,14,97,0,0,False,True,False
33,58,7,OP_007,6,6,7,0,0,False,False,False
33,59,6,OP_006,"[6, 1]",None,None,None,3,False,False,False
33,60,10,OP_010,8,33,56,0,0,False,False,False
33,61,4,OP_004,9,15,3,0,0,False,True,False
33,62,1,OP_001,8,9,36,0,0,False,False,False
33,63,4,OP_004,9,16,72,0,0,False,True,False
33,64,1,OP_001,8,9,4,0,0,False,False,False
33,65,3,OP_003,"[9, 11]","[17, 18]",None,None,2,False,False,False
33,66,7,OP_007,10,4,11,0,0,False,False,False
33,67,1,OP_001,8,9,10,0,0,False,False,False
33,68,2,OP_002,8,0,0,0,0,False,False,False
33,69,23,OP_023,5,3,1,0,0,False,False,False
33,70,4,OP_004,258,21,24,0,0,False,False,False
33,71,35,OP_035,258,0,38,0,0,False,False,False
33,72,4,OP_004,259,21,99,0,0,False,False,False
33,73,35,OP_035,259,0,50,0,0,False,False,False
33,74,4,OP_004,260,21,26,0,0,False,False,False
33,75,35,OP_035,260,0,48,0,0,False,False,False
33,76,40,OP_040,32,25,2,0,0,False,False,False
33,77,55,OP_055,1,86,96,0,0,False,False,False
33,78,20,OP_020,64,94,97,0,0,False,False,False
34,1,0,OP_000,4,1,43,0,0,False,True,False
34,2,16,OP_016,256,2,0,0,0,False,False,False
34,3,304,OP_304,3,16,4,256,0,False,False,False
34,4,46,OP_046,3,1,4,0,0,False,False,False
34,5,12,OP_012,3,17,89,0,0,False,False,False
34,6,13,OP_013,3,1,80,0,0,False,False,False
34,7,0,OP_000,4,2,43,0,0,False,True,False
34,8,266,OP_266,3,3,4,49,0,False,False,False
34,9,31,OP_031,5,3,78,211,0,False,True,False
34,10,5,OP_005,3,3,5,0,0,False,False,False
34,11,6,OP_006,"[3, 4]",None,None,None,3,False,False,False
34,12,0,OP_000,5,4,43,0,0,False,True,False
34,13,42,OP_042,5,5,2,0,0,False,False,False
34,14,2,OP_002,5,0,0,0,0,False,False,False
34,15,232,OP_232,3,3,0,0,0,False,False,False
34,16,73,OP_073,3,94,9,0,0,False,False,False
34,17,11,OP_011,91,37,42,0,0,False,False,False
34,18,13,OP_013,4,1,35,0,0,False,False,False
34,19,18,OP_018,4,1,3,0,0,False,False,False
34,20,0,OP_000,5,3,43,0,0,False,True,False
34,21,5,OP_005,3,3,5,0,0,False,False,False
34,22,6,OP_006,"[3, 4]",None,None,None,3,False,False,False
34,23,13,OP_013,5,2,94,0,0,False,False,False
34,24,7,OP_007,5,5,1,0,0,False,False,False
34,25,12,OP_012,5,26,39,0,0,False,False,False
34,26,11,OP_011,53,27,94,0,0,False,False,False
34,27,9,OP_009,5,1,19,0,0,False,False,False
34,28,2,OP_002,5,0,0,0,0,False,False,False
34,29,24,OP_024,3,3,2,0,0,False,False,False
34,30,9,OP_009,4,3,19,0,0,False,False,False
34,31,26,OP_026,4,32,3,0,0,False,False,False
34,32,11,OP_011,49,36,55,0,0,False,False,False
34,33,9,OP_009,4,3,19,0,0,False,False,False
34,34,9,OP_009,6,2,19,0,0,False,False,False
34,35,0,OP_000,7,3,43,0,0,False,True,False
34,36,25,OP_025,4,3,2,7,0,False,False,False
34,37,55,OP_055,4,16,80,0,0,False,False,False
34,38,20,OP_020,49,36,68,0,0,False,False,False
35,1,21,OP_021,2,1,48,0,0,False,False,False
35,2,26,OP_026,2,3,88,0,0,False,False,False
35,3,11,OP_011,51,7,12,0,0,False,False,False
35,4,4,OP_004,3,1,44,0,0,False,True,False
35,5,7,OP_007,2,1,3,0,0,False,False,False
35,6,4,OP_004,3,2,18,0,0,False,True,False
35,7,53,OP_053,2,2,3,0,0,False,False,False
35,8,55,OP_055,2,92,32,0,0,False,False,False
35,9,20,OP_020,37,36,15,0,0,False,False,False
36,1,39,OP_039,2,1,63,0,0,False,False,False
36,2,12,OP_012,2,5,26,0,0,False,False,False
36,3,0,OP_000,2,1,43,0,0,False,True,False
36,4,55,OP_055,2,60,41,0,0,False,False,False
36,5,11,OP_011,17,5,3,0,0,False,False,False
36,6,9,OP_009,2,1,19,0,0,False,False,False
36,7,0,OP_000,4,2,43,0,0,False,True,False
36,8,5,OP_005,2,2,4,0,0,False,False,False
36,9,6,OP_006,"[2, 3]",None,None,None,3,False,False,False
36,10,8,OP_008,4,3,7,0,0,False,False,False
36,11,24,OP_024,2,3,2,0,0,False,False,False
36,12,39,OP_039,3,2,63,0,0,False,False,False
36,13,12,OP_012,3,18,30,0,0,False,False,False
36,14,16,OP_016,256,2,0,0,0,False,False,False
36,15,303,OP_303,3,-14,0,256,0,False,False,False
36,16,4,OP_004,3,1,5,0,0,False,True,False
36,17,55,OP_055,3,9,45,0,0,False,False,False
36,18,11,OP_011,19,18,63,0,0,False,False,False
36,19,17,OP_017,3,4,216,0,0,False,True,False
36,20,43,OP_043,0,0,0,0,0,False,False,False
36,21,267,OP_267,3,0,0,57,0,False,False,False
36,22,31,OP_031,4,2,52,198,0,False,False,False
36,23,31,OP_031,6,5,9,166,0,False,True,False
36,24,48,OP_048,4,2,0,6,0,False,False,False
36,25,44,OP_044,4,0,0,0,0,False,False,False
36,26,47,OP_047,32,0,4,0,0,False,False,False
36,27,41,OP_041,32,36,2,0,0,False,False,False
36,28,4,OP_004,4,6,94,0,0,False,True,False
36,29,7,OP_007,3,36,4,0,0,False,False,False
36,30,4,OP_004,4,7,10,0,0,False,True,False
36,31,46,OP_046,3,3,4,0,0,False,False,False
36,32,12,OP_012,3,36,39,0,0,False,False,False
36,33,4,OP_004,3,8,2,0,0,False,True,False
36,34,55,OP_055,3,41,53,0,0,False,False,False
36,35,4,OP_004,257,9,9,0,0,False,False,False
36,36,35,OP_035,257,0,93,0,0,False,False,False
36,37,40,OP_040,32,27,2,0,0,False,False,False
36,38,0,OP_000,3,1,43,0,0,False,True,False
36,39,55,OP_055,3,66,14,0,0,False,False,False
36,40,20,OP_020,73,53,92,0,0,False,False,False
37,1,21,OP_021,2,1,81,0,0,False,False,False
37,2,26,OP_026,2,3,66,0,0,False,False,False
37,3,11,OP_011,11,5,16,0,0,False,False,False
37,4,13,OP_013,3,1,49,0,0,False,False,False
37,5,18,OP_018,3,1,2,0,0,False,False,False
37,6,12,OP_012,2,269,15,0,0,False,False,False
37,7,19,OP_019,3,3,80,0,0,False,True,False
37,8,4,OP_004,4,4,1,0,0,False,True,False
37,9,7,OP_007,3,3,4,0,0,False,False,False
37,10,2,OP_002,3,0,0,0,0,False,False,False
37,11,8,OP_008,4,5,79,0,0,False,False,False
37,12,22,OP_022,2,2,1,0,0,False,False,False
37,13,13,OP_013,3,1,43,0,0,False,False,False
37,14,18,OP_018,3,2,2,0,0,False,False,False
37,15,51,OP_051,2,2,27,0,0,False,False,False
37,16,12,OP_012,2,18,6,0,0,False,False,False
37,17,4,OP_004,256,46,96,0,0,False,False,False
37,18,35,OP_035,256,0,35,0,0,False,False,False
37,19,13,OP_013,3,2,1,0,0,False,False,False
37,20,18,OP_018,3,3,2,0,0,False,False,False
37,21,4,OP_004,3,8,56,0,0,False,True,False
37,22,53,OP_053,2,2,3,0,0,False,False,False
37,23,12,OP_012,2,24,13,0,0,False,False,False
37,24,11,OP_011,78,26,65,0,0,False,False,False
37,25,28,OP_028,2,3,7,0,0,False,False,False
37,26,51,OP_051,2,2,7,0,0,False,False,False
37,27,12,OP_012,2,28,36,0,0,False,False,False
37,28,11,OP_011,85,30,77,0,0,False,False,False
37,29,28,OP_028,2,4,37,0,0,False,False,False
37,30,51,OP_051,2,2,35,0,0,False,False,False
37,31,12,OP_012,2,33,8,0,0,False,False,False
37,32,11,OP_011,99,0,88,0,0,False,False,False
37,33,11,OP_011,56,33,32,0,0,False,False,False
37,34,13,OP_013,2,5,14,0,0,False,False,False
37,35,4,OP_004,4,9,43,0,0,False,True,False
37,36,5,OP_005,2,2,4,0,0,False,False,False
37,37,6,OP_006,"[2, 3]",None,None,None,3,False,False,False
37,38,8,OP_008,4,10,77,0,0,False,False,False
37,39,24,OP_024,2,3,2,0,0,False,False,False
37,40,51,OP_051,3,2,48,0,0,False,False,False
37,41,12,OP_012,3,43,35,0,0,False,False,False
37,42,11,OP_011,84,0,55,0,0,False,False,False
37,43,11,OP_011,53,43,10,0,0,False,False,False
37,44,13,OP_013,4,2,1,0,0,False,False,False
37,45,18,OP_018,4,4,3,0,0,False,False,False
37,46,4,OP_004,4,12,61,0,0,False,True,False
37,47,53,OP_053,3,3,4,0,0,False,False,False
37,48,12,OP_012,3,51,84,0,0,False,False,False
37,49,4,OP_004,257,47,62,0,0,False,False,False
37,50,35,OP_035,257,0,61,0,0,False,False,False
37,51,11,OP_011,95,51,28,0,0,False,False,False
37,52,13,OP_013,4,2,32,0,0,False,False,False
37,53,18,OP_018,4,5,3,0,0,False,False,False
37,54,28,OP_028,5,6,97,0,0,False,False,False
37,55,2,OP_002,5,0,0,0,0,False,False,False
37,56,8,OP_008,6,12,1,0,0,False,False,False
37,57,2,OP_002,3,0,0,0,0,False,False,False
37,58,24,OP_024,4,3,2,0,0,False,False,False
37,59,51,OP_051,5,4,46,0,0,False,False,False
37,60,12,OP_012,5,62,68,0,0,False,False,False
37,61,11,OP_011,20,0,99,0,0,False,False,False
37,62,11,OP_011,72,62,72,0,0,False,False,False
37,63,13,OP_013,5,7,74,0,0,False,False,False
37,64,4,OP_004,6,14,15,0,0,False,True,False
37,65,7,OP_007,5,5,6,0,0,False,False,False
37,66,4,OP_004,7,15,90,0,0,False,True,False
37,67,5,OP_005,5,5,7,0,0,False,False,False
37,68,6,OP_006,"[5, 6]",None,None,None,3,False,False,False
37,69,8,OP_008,7,16,57,0,0,False,False,False
37,70,24,OP_024,5,3,2,0,0,False,False,False
37,71,51,OP_051,6,5,67,0,0,False,False,False
37,72,12,OP_012,6,74,56,0,0,False,False,False
37,73,11,OP_011,65,0,39,0,0,False,False,False
37,74,11,OP_011,67,74,57,0,0,False,False,False
37,75,21,OP_021,6,5,41,0,0,False,False,False
37,76,4,OP_004,8,15,65,0,0,False,True,False
37,77,5,OP_005,6,6,8,0,0,False,False,False
37,78,6,OP_006,"[6, 7]",None,None,None,3,False,False,False
37,79,8,OP_008,8,17,24,0,0,False,False,False
37,80,24,OP_024,6,3,2,0,0,False,False,False
37,81,21,OP_021,7,6,7,0,0,False,False,False
37,82,26,OP_026,7,83,9,0,0,False,False,False
37,83,11,OP_011,1,86,6,0,0,False,False,False
37,84,21,OP_021,7,6,20,0,0,False,False,False
37,85,3,OP_003,"[9, 10]","[18, 15]",None,None,2,False,False,False
37,86,25,OP_025,7,3,2,10,0,False,False,False
37,87,12,OP_012,7,167,21,0,0,False,False,False
37,88,21,OP_021,7,4,26,0,0,False,False,False
37,89,4,OP_004,9,15,34,0,0,False,True,False
37,90,5,OP_005,7,7,9,0,0,False,False,False
37,91,6,OP_006,"[7, 8]",None,None,None,3,False,False,False
37,92,8,OP_008,9,19,65,0,0,False,False,False
37,93,24,OP_024,7,3,2,0,0,False,False,False
37,94,51,OP_051,8,7,4,0,0,False,False,False
37,95,26,OP_026,8,96,10,0,0,False,False,False
37,96,11,OP_011,10,98,96,0,0,False,False,False
37,97,4,OP_004,9,20,55,0,0,False,True,False
37,98,46,OP_046,8,3,9,0,0,False,False,False
37,99,12,OP_012,8,114,86,0,0,False,False,False
37,100,28,OP_028,9,6,85,0,0,False,False,False
37,101,2,OP_002,9,0,0,0,0,False,False,False
37,102,33,OP_033,"[10, 11]","[12, 21]",None,None,2,False,False,False
37,103,24,OP_024,8,3,2,0,0,False,False,False
37,104,21,OP_021,9,8,48,0,0,False,False,False
37,105,12,OP_012,9,114,24,0,0,False,False,False
37,106,21,OP_021,7,8,44,0,0,False,False,False
37,107,4,OP_004,10,15,33,0,0,False,True,False
37,108,5,OP_005,7,7,10,0,0,False,False,False
37,109,6,OP_006,"[7, 8]",None,None,None,3,False,False,False
37,110,8,OP_008,10,19,24,0,0,False,False,False
37,111,24,OP_024,7,3,2,0,0,False,False,False
37,112,4,OP_004,258,48,4,0,0,False,False,False
37,113,35,OP_035,258,0,23,0,0,False,False,False
37,114,11,OP_011,69,114,40,0,0,False,False,False
37,115,21,OP_021,8,7,60,0,0,False,False,False
37,116,26,OP_026,8,118,57,0,0,False,False,False
37,117,4,OP_004,259,49,51,0,0,False,False,False
37,118,35,OP_035,259,0,40,0,0,False,False,False
37,119,21,OP_021,8,7,13,0,0,False,False,False
37,120,3,OP_003,"[10, 11]","[22, 23]",None,None,2,False,False,False
37,121,25,OP_025,8,3,2,11,0,False,False,False
37,122,12,OP_012,8,0,35,0,0,False,False,False
37,123,21,OP_021,8,7,77,0,0,False,False,False
37,124,4,OP_004,10,15,50,0,0,False,True,False
37,125,5,OP_005,8,8,10,0,0,False,False,False
37,126,6,OP_006,"[8, 9]",None,None,None,3,False,False,False
37,127,8,OP_008,10,24,61,0,0,False,False,False
37,128,24,OP_024,8,3,2,0,0,False,False,False
37,129,21,OP_021,9,8,70,0,0,False,False,False
37,130,12,OP_012,9,0,65,0,0,False,False,False
37,131,28,OP_028,9,4,21,0,0,False,False,False
37,132,4,OP_004,10,25,81,0,0,False,True,False
37,133,19,OP_019,12,25,87,0,0,False,True,False
37,134,4,OP_004,13,26,22,0,0,False,True,False
37,135,7,OP_007,12,12,13,0,0,False,False,False
37,136,2,OP_002,12,0,0,0,0,False,False,False
37,137,4,OP_004,14,27,15,0,0,False,True,False
37,138,7,OP_007,13,7,14,0,0,False,False,False
37,139,19,OP_019,15,28,72,0,0,False,True,False
37,140,4,OP_004,16,26,20,0,0,False,True,False
37,141,7,OP_007,15,15,16,0,0,False,False,False
37,142,2,OP_002,15,0,0,0,0,False,False,False
37,143,33,OP_033,"[16, 17, 18]","[29, 30, 29]",None,None,2,False,False,False
37,144,34,OP_034,14,4,2,0,0,False,False,False
37,145,52,OP_052,13,13,14,0,0,False,False,False
37,146,2,OP_002,13,0,0,0,0,False,False,False
37,147,38,OP_038,11,2,2,0,0,False,False,False
37,148,1,OP_001,9,10,11,0,0,False,False,False
37,149,19,OP_019,10,3,25,0,0,False,True,False
37,150,4,OP_004,11,4,4,0,0,False,True,False
37,151,7,OP_007,10,10,11,0,0,False,False,False
37,152,2,OP_002,10,0,0,0,0,False,False,False
37,153,8,OP_008,11,31,10,0,0,False,False,False
37,154,22,OP_022,9,2,1,0,0,False,False,False
37,155,19,OP_019,10,32,70,0,0,False,True,False
37,156,2,OP_002,10,0,0,0,0,False,False,False
37,157,2,OP_002,8,0,0,0,0,False,False,False
37,158,22,OP_022,9,2,1,0,0,False,False,False
37,159,19,OP_019,10,3,17,0,0,False,True,False
37,160,4,OP_004,11,4,65,0,0,False,True,False
37,161,7,OP_007,10,10,11,0,0,False,False,False
37,162,2,OP_002,10,0,0,0,0,False,False,False
37,163,8,OP_008,11,33,48,0,0,False,False,False
37,164,22,OP_022,9,2,1,0,0,False,False,False
37,165,11,OP_011,92,0,2,0,0,False,False,False
37,166,11,OP_011,69,0,83,0,0,False,False,False
37,167,11,OP_011,23,0,67,0,0,False,False,False
37,168,69,OP_069,7,43,73,0,0,False,False,False
37,169,19,OP_019,8,34,60,0,0,False,True,False
37,170,4,OP_004,9,35,7,0,0,False,True,False
37,171,7,OP_007,8,8,9,0,0,False,False,False
37,172,19,OP_019,9,36,27,0,0,False,True,False
37,173,43,OP_043,0,0,0,0,0,False,False,False
37,174,2,OP_002,9,0,0,0,0,False,False,False
37,175,21,OP_021,10,5,74,0,0,False,False,False
37,176,4,OP_004,12,37,76,0,0,False,True,False
37,177,48,OP_048,10,2,0,12,0,False,False,False
37,178,44,OP_044,10,0,0,0,0,False,False,False
37,179,47,OP_047,32,0,4,0,0,False,False,False
37,180,41,OP_041,32,216,2,0,0,False,False,False
37,181,4,OP_004,10,38,93,0,0,False,True,False
37,182,7,OP_007,9,36,10,0,0,False,False,False
37,183,4,OP_004,10,39,96,0,0,False,True,False
37,184,46,OP_046,9,9,10,0,0,False,False,False
37,185,26,OP_026,9,186,8,0,0,False,False,False
37,186,11,OP_011,30,189,90,0,0,False,False,False
37,187,21,OP_021,9,36,45,0,0,False,False,False
37,188,3,OP_003,"[11, 12]","[40, 23]",None,None,2,False,False,False
37,189,25,OP_025,9,3,2,12,0,False,False,False
37,190,12,OP_012,9,216,49,0,0,False,False,False
37,191,21,OP_021,9,36,36,0,0,False,False,False
37,192,4,OP_004,11,15,54,0,0,False,True,False
37,193,5,OP_005,9,9,11,0,0,False,False,False
37,194,6,OP_006,"[9, 10]",None,None,None,3,False,False,False
37,195,8,OP_008,11,41,79,0,0,False,False,False
37,196,24,OP_024,9,3,2,0,0,False,False,False
37,197,21,OP_021,10,9,69,0,0,False,False,False
37,198,12,OP_012,10,216,81,0,0,False,False,False
37,199,4,OP_004,11,27,68,0,0,False,True,False
37,200,7,OP_007,10,9,11,0,0,False,False,False
37,201,28,OP_028,11,4,3,0,0,False,False,False
37,202,4,OP_004,12,27,12,0,0,False,True,False
37,203,7,OP_007,11,11,12,0,0,False,False,False
37,204,54,OP_054,10,10,11,0,0,False,False,False
37,205,4,OP_004,11,42,3,0,0,False,True,False
37,206,7,OP_007,10,10,11,0,0,False,False,False
37,207,56,OP_056,11,10,8,0,0,False,False,False
37,208,26,OP_026,11,209,35,0,0,False,False,False
37,209,11,OP_011,87,211,44,0,0,False,False,False
37,210,4,OP_004,12,43,73,0,0,False,True,False
37,211,56,OP_056,11,10,12,0,0,False,False,False
37,212,12,OP_012,11,216,23,0,0,False,False,False
37,213,27,OP_027,"[7, 8]","[9, 10]",None,None,2,False,False,False
37,214,11,OP_011,23,216,8,0,0,False,False,False
37,215,11,OP_011,9,216,61,0,0,False,False,False
37,216,11,OP_011,30,216,73,0,0,False,False,False
37,217,40,OP_040,32,180,2,0,0,False,False,False
37,218,21,OP_021,9,7,27,0,0,False,False,False
37,219,12,OP_012,9,0,90,0,0,False,False,False
37,220,28,OP_028,9,4,93,0,0,False,False,False
37,221,4,OP_004,10,25,46,0,0,False,True,False
37,222,19,OP_019,12,25,70,0,0,False,True,False
37,223,4,OP_004,13,26,85,0,0,False,True,False
37,224,7,OP_007,12,12,13,0,0,False,False,False
37,225,2,OP_002,12,0,0,0,0,False,False,False
37,226,4,OP_004,14,27,61,0,0,False,True,False
37,227,7,OP_007,13,7,14,0,0,False,False,False
37,228,19,OP_019,15,28,70,0,0,False,True,False
37,229,4,OP_004,16,26,97,0,0,False,True,False
37,230,7,OP_007,15,15,16,0,0,False,False,False
37,231,2,OP_002,15,0,0,0,0,False,False,False
37,232,33,OP_033,"[16, 17, 18]","[29, 30, 29]",None,None,2,False,False,False
37,233,34,OP_034,14,4,2,0,0,False,False,False
37,234,52,OP_052,13,13,14,0,0,False,False,False
37,235,2,OP_002,13,0,0,0,0,False,False,False
37,236,38,OP_038,11,2,2,0,0,False,False,False
37,237,1,OP_001,9,10,11,0,0,False,False,False
37,238,19,OP_019,10,3,41,0,0,False,True,False
37,239,4,OP_004,11,4,59,0,0,False,True,False
37,240,7,OP_007,10,10,11,0,0,False,False,False
37,241,2,OP_002,10,0,0,0,0,False,False,False
37,242,8,OP_008,11,31,27,0,0,False,False,False
37,243,22,OP_022,9,2,1,0,0,False,False,False
37,244,21,OP_021,9,7,58,0,0,False,False,False
37,245,4,OP_004,11,15,90,0,0,False,True,False
37,246,5,OP_005,9,9,11,0,0,False,False,False
37,247,6,OP_006,"[9, 10]",None,None,None,3,False,False,False
37,248,8,OP_008,11,24,66,0,0,False,False,False
37,249,24,OP_024,9,3,2,0,0,False,False,False
37,250,21,OP_021,10,9,78,0,0,False,False,False
37,251,26,OP_026,10,253,94,0,0,False,False,False
37,252,4,OP_004,260,50,46,0,0,False,False,False
37,253,35,OP_035,260,0,7,0,0,False,False,False
37,254,4,OP_004,11,44,79,0,0,False,True,False
37,255,7,OP_007,10,9,11,0,0,False,False,False
37,256,12,OP_012,10,0,54,0,0,False,False,False
37,257,19,OP_019,11,32,85,0,0,False,True,False
37,258,2,OP_002,11,0,0,0,0,False,False,False
37,259,2,OP_002,9,0,0,0,0,False,False,False
37,260,22,OP_022,10,2,1,0,0,False,False,False
37,261,19,OP_019,11,3,19,0,0,False,True,False
37,262,4,OP_004,12,4,25,0,0,False,True,False
37,263,7,OP_007,11,11,12,0,0,False,False,False
37,264,2,OP_002,11,0,0,0,0,False,False,False
37,265,8,OP_008,12,45,69,0,0,False,False,False
37,266,22,OP_022,10,2,1,0,0,False,False,False
37,267,11,OP_011,23,0,99,0,0,False,False,False
37,268,11,OP_011,11,0,43,0,0,False,False,False
37,269,11,OP_011,55,0,34,0,0,False,False,False
37,270,20,OP_020,8,33,42,0,0,False,False,False
38,1,21,OP_021,2,1,95,0,0,False,False,False
38,2,26,OP_026,2,3,31,0,0,False,False,False
38,3,11,OP_011,96,5,73,0,0,False,False,False
38,4,13,OP_013,3,1,62,0,0,False,False,False
38,5,18,OP_018,3,1,2,0,0,False,False,False
38,6,12,OP_012,2,228,39,0,0,False,False,False
38,7,13,OP_013,3,1,14,0,0,False,False,False
38,8,18,OP_018,3,2,2,0,0,False,False,False
38,9,26,OP_026,2,10,91,0,0,False,False,False
38,10,11,OP_011,7,14,91,0,0,False,False,False
38,11,13,OP_013,3,2,97,0,0,False,False,False
38,12,18,OP_018,3,3,2,0,0,False,False,False
38,13,4,OP_004,3,5,33,0,0,False,True,False
38,14,46,OP_046,2,2,3,0,0,False,False,False
38,15,26,OP_026,2,16,80,0,0,False,False,False
38,16,11,OP_011,85,17,96,0,0,False,False,False
38,17,28,OP_028,2,3,37,0,0,False,False,False
38,18,26,OP_026,2,19,83,0,0,False,False,False
38,19,11,OP_011,67,20,39,0,0,False,False,False
38,20,28,OP_028,2,4,67,0,0,False,False,False
38,21,12,OP_012,2,220,62,0,0,False,False,False
38,22,13,OP_013,2,5,56,0,0,False,False,False
38,23,4,OP_004,4,6,9,0,0,False,True,False
38,24,5,OP_005,2,2,4,0,0,False,False,False
38,25,6,OP_006,"[2, 3]",None,None,None,3,False,False,False
38,26,8,OP_008,4,7,65,0,0,False,False,False
38,27,24,OP_024,2,3,2,0,0,False,False,False
38,28,21,OP_021,3,2,82,0,0,False,False,False
38,29,26,OP_026,3,30,37,0,0,False,False,False
38,30,11,OP_011,8,34,99,0,0,False,False,False
38,31,13,OP_013,4,2,10,0,0,False,False,False
38,32,18,OP_018,4,4,3,0,0,False,False,False
38,33,4,OP_004,4,9,59,0,0,False,True,False
38,34,46,OP_046,3,3,4,0,0,False,False,False
38,35,12,OP_012,3,220,70,0,0,False,False,False
38,36,13,OP_013,4,2,62,0,0,False,False,False
38,37,18,OP_018,4,5,3,0,0,False,False,False
38,38,28,OP_028,5,6,14,0,0,False,False,False
38,39,2,OP_002,5,0,0,0,0,False,False,False
38,40,8,OP_008,6,9,99,0,0,False,False,False
38,41,2,OP_002,3,0,0,0,0,False,False,False
38,42,24,OP_024,4,3,2,0,0,False,False,False
38,43,21,OP_021,5,4,42,0,0,False,False,False
38,44,12,OP_012,5,220,11,0,0,False,False,False
38,45,28,OP_028,6,7,48,0,0,False,False,False
38,46,2,OP_002,6,0,0,0,0,False,False,False
38,47,2,OP_002,4,0,0,0,0,False,False,False
38,48,38,OP_038,5,2,2,0,0,False,False,False
38,49,51,OP_051,5,5,21,0,0,False,False,False
38,50,12,OP_012,5,114,50,0,0,False,False,False
38,51,21,OP_021,5,4,27,0,0,False,False,False
38,52,4,OP_004,7,11,6,0,0,False,True,False
38,53,5,OP_005,5,5,7,0,0,False,False,False
38,54,6,OP_006,"[5, 6]",None,None,None,3,False,False,False
38,55,8,OP_008,7,12,51,0,0,False,False,False
38,56,24,OP_024,5,3,2,0,0,False,False,False
38,57,21,OP_021,6,5,49,0,0,False,False,False
38,58,12,OP_012,6,220,66,0,0,False,False,False
38,59,19,OP_019,6,13,60,0,0,False,True,False
38,60,43,OP_043,0,0,0,0,0,False,False,False
38,61,2,OP_002,6,0,0,0,0,False,False,False
38,62,21,OP_021,7,5,47,0,0,False,False,False
38,63,4,OP_004,9,14,61,0,0,False,True,False
38,64,48,OP_048,7,2,0,9,0,False,False,False
38,65,44,OP_044,7,0,0,0,0,False,False,False
38,66,47,OP_047,32,0,4,0,0,False,False,False
38,67,41,OP_041,32,111,2,0,0,False,False,False
38,68,4,OP_004,7,15,19,0,0,False,True,False
38,69,7,OP_007,6,36,7,0,0,False,False,False
38,70,28,OP_028,7,4,43,0,0,False,False,False
38,71,4,OP_004,8,15,8,0,0,False,True,False
38,72,7,OP_007,7,7,8,0,0,False,False,False
38,73,54,OP_054,6,6,7,0,0,False,False,False
38,74,4,OP_004,7,16,19,0,0,False,True,False
38,75,7,OP_007,6,6,7,0,0,False,False,False
38,76,4,OP_004,7,17,54,0,0,False,True,False
38,77,56,OP_056,6,6,7,0,0,False,False,False
38,78,26,OP_026,6,79,63,0,0,False,False,False
38,79,11,OP_011,72,84,27,0,0,False,False,False
38,80,28,OP_028,7,8,47,0,0,False,False,False
38,81,2,OP_002,7,0,0,0,0,False,False,False
38,82,2,OP_002,36,0,0,0,0,False,False,False
38,83,38,OP_038,6,2,2,0,0,False,False,False
38,84,51,OP_051,6,6,51,0,0,False,False,False
38,85,12,OP_012,6,111,96,0,0,False,False,False
38,86,28,OP_028,6,4,14,0,0,False,False,False
38,87,3,OP_003,"[7, 9]","[18, 18]",None,None,2,False,False,False
38,88,7,OP_007,8,36,9,0,0,False,False,False
38,89,1,OP_001,6,7,8,0,0,False,False,False
38,90,19,OP_019,7,19,82,0,0,False,True,False
38,91,4,OP_004,8,20,92,0,0,False,True,False
38,92,7,OP_007,7,7,8,0,0,False,False,False
38,93,2,OP_002,7,0,0,0,0,False,False,False
38,94,8,OP_008,8,21,7,0,0,False,False,False
38,95,22,OP_022,6,2,1,0,0,False,False,False
38,96,21,OP_021,6,36,30,0,0,False,False,False
38,97,4,OP_004,8,11,85,0,0,False,True,False
38,98,5,OP_005,6,6,8,0,0,False,False,False
38,99,6,OP_006,"[6, 7]",None,None,None,3,False,False,False
38,100,8,OP_008,8,22,55,0,0,False,False,False
38,101,24,OP_024,6,3,2,0,0,False,False,False
38,102,21,OP_021,7,6,1,0,0,False,False,False
38,103,12,OP_012,7,220,34,0,0,False,False,False
38,104,19,OP_019,8,23,34,0,0,False,True,False
38,105,2,OP_002,8,0,0,0,0,False,False,False
38,106,2,OP_002,6,0,0,0,0,False,False,False
38,107,22,OP_022,7,2,1,0,0,False,False,False
38,108,11,OP_011,6,220,84,0,0,False,False,False
38,109,4,OP_004,256,40,34,0,0,False,False,False
38,110,35,OP_035,256,0,8,0,0,False,False,False
38,111,11,OP_011,3,111,55,0,0,False,False,False
38,112,40,OP_040,32,67,2,0,0,False,False,False
38,113,11,OP_011,17,220,55,0,0,False,False,False
38,114,11,OP_011,75,220,48,0,0,False,False,False
38,115,13,OP_013,6,1,62,0,0,False,False,False
38,116,18,OP_018,6,6,5,0,0,False,False,False
38,117,51,OP_051,5,5,68,0,0,False,False,False
38,118,12,OP_012,5,128,2,0,0,False,False,False
38,119,13,OP_013,5,1,33,0,0,False,False,False
38,120,4,OP_004,6,24,21,0,0,False,True,False
38,121,7,OP_007,5,5,6,0,0,False,False,False
38,122,4,OP_004,7,25,1,0,0,False,True,False
38,123,5,OP_005,5,5,7,0,0,False,False,False
38,124,6,OP_006,"[5, 6]",None,None,None,3,False,False,False
38,125,8,OP_008,7,26,57,0,0,False,False,False
38,126,23,OP_023,5,3,1,0,0,False,False,False
38,127,4,OP_004,257,41,88,0,0,False,False,False
38,128,35,OP_035,257,0,24,0,0,False,False,False
38,129,19,OP_019,5,13,85,0,0,False,True,False
38,130,43,OP_043,0,0,0,0,0,False,False,False
38,131,2,OP_002,5,0,0,0,0,False,False,False
38,132,13,OP_013,8,9,90,0,0,False,False,False
38,133,18,OP_018,8,7,6,0,0,False,False,False
38,134,4,OP_004,8,14,38,0,0,False,True,False
38,135,48,OP_048,6,2,0,8,0,False,False,False
38,136,44,OP_044,6,0,0,0,0,False,False,False
38,137,47,OP_047,32,0,4,0,0,False,False,False
38,138,41,OP_041,32,216,2,0,0,False,False,False
38,139,4,OP_004,6,29,32,0,0,False,True,False
38,140,7,OP_007,5,36,6,0,0,False,False,False
38,141,4,OP_004,7,30,7,0,0,False,True,False
38,142,5,OP_005,5,5,7,0,0,False,False,False
38,143,6,OP_006,"[5, 6]",None,None,None,3,False,False,False
38,144,8,OP_008,7,31,60,0,0,False,False,False
38,145,24,OP_024,5,3,2,0,0,False,False,False
38,146,21,OP_021,6,5,24,0,0,False,False,False
38,147,26,OP_026,6,148,76,0,0,False,False,False
38,148,11,OP_011,3,151,51,0,0,False,False,False
38,149,21,OP_021,6,36,92,0,0,False,False,False
38,150,3,OP_003,"[8, 9]","[32, 11]",None,None,2,False,False,False
38,151,25,OP_025,6,3,2,9,0,False,False,False
38,152,12,OP_012,6,216,34,0,0,False,False,False
38,153,4,OP_004,7,32,37,0,0,False,True,False
38,154,7,OP_007,6,36,7,0,0,False,False,False
38,155,4,OP_004,8,15,15,0,0,False,True,False
38,156,7,OP_007,7,6,8,0,0,False,False,False
38,157,28,OP_028,8,4,92,0,0,False,False,False
38,158,4,OP_004,9,15,44,0,0,False,True,False
38,159,7,OP_007,8,8,9,0,0,False,False,False
38,160,54,OP_054,7,7,8,0,0,False,False,False
38,161,4,OP_004,8,16,43,0,0,False,True,False
38,162,7,OP_007,7,7,8,0,0,False,False,False
38,163,4,OP_004,9,17,61,0,0,False,True,False
38,164,56,OP_056,8,7,9,0,0,False,False,False
38,165,12,OP_012,8,216,56,0,0,False,False,False
38,166,28,OP_028,8,10,54,0,0,False,False,False
38,167,3,OP_003,"[10, 11]","[33, 6]",None,None,2,False,False,False
38,168,25,OP_025,8,3,2,11,0,False,False,False
38,169,51,OP_051,8,8,21,0,0,False,False,False
38,170,12,OP_012,8,175,32,0,0,False,False,False
38,171,28,OP_028,8,4,31,0,0,False,False,False
38,172,3,OP_003,"[9, 11]","[18, 18]",None,None,2,False,False,False
38,173,7,OP_007,10,6,11,0,0,False,False,False
38,174,1,OP_001,8,9,10,0,0,False,False,False
38,175,11,OP_011,37,220,32,0,0,False,False,False
38,176,21,OP_021,8,4,59,0,0,False,False,False
38,177,4,OP_004,10,11,46,0,0,False,True,False
38,178,5,OP_005,8,8,10,0,0,False,False,False
38,179,6,OP_006,"[8, 9]",None,None,None,3,False,False,False
38,180,8,OP_008,10,34,17,0,0,False,False,False
38,181,24,OP_024,8,3,2,0,0,False,False,False
38,182,21,OP_021,9,8,58,0,0,False,False,False
38,183,26,OP_026,9,184,45,0,0,False,False,False
38,184,11,OP_011,66,187,71,0,0,False,False,False
38,185,21,OP_021,9,8,40,0,0,False,False,False
38,186,3,OP_003,"[11, 12]","[35, 11]",None,None,2,False,False,False
38,187,25,OP_025,9,3,2,12,0,False,False,False
38,188,21,OP_021,10,9,31,0,0,False,False,False
38,189,26,OP_026,10,191,1,0,0,False,False,False
38,190,4,OP_004,258,42,56,0,0,False,False,False
38,191,35,OP_035,258,0,60,0,0,False,False,False
38,192,21,OP_021,10,9,83,0,0,False,False,False
38,193,3,OP_003,"[12, 13]","[36, 37]",None,None,2,False,False,False
38,194,25,OP_025,10,3,2,13,0,False,False,False
38,195,12,OP_012,10,220,98,0,0,False,False,False
38,196,28,OP_028,10,4,87,0,0,False,False,False
38,197,4,OP_004,11,18,41,0,0,False,True,False
38,198,19,OP_019,13,18,78,0,0,False,True,False
38,199,4,OP_004,14,38,24,0,0,False,True,False
38,200,7,OP_007,13,13,14,0,0,False,False,False
38,201,2,OP_002,13,0,0,0,0,False,False,False
38,202,4,OP_004,15,15,10,0,0,False,True,False
38,203,7,OP_007,14,9,15,0,0,False,False,False
38,204,2,OP_002,14,0,0,0,0,False,False,False
38,205,38,OP_038,12,2,2,0,0,False,False,False
38,206,1,OP_001,10,11,12,0,0,False,False,False
38,207,19,OP_019,11,19,70,0,0,False,True,False
38,208,4,OP_004,12,20,50,0,0,False,True,False
38,209,7,OP_007,11,11,12,0,0,False,False,False
38,210,2,OP_002,11,0,0,0,0,False,False,False
38,211,8,OP_008,12,39,63,0,0,False,False,False
38,212,22,OP_022,10,2,1,0,0,False,False,False
38,213,11,OP_011,23,220,26,0,0,False,False,False
38,214,11,OP_011,32,220,94,0,0,False,False,False
38,215,11,OP_011,56,216,34,0,0,False,False,False
38,216,11,OP_011,72,216,23,0,0,False,False,False
38,217,40,OP_040,32,138,2,0,0,False,False,False
38,218,11,OP_011,95,220,30,0,0,False,False,False
38,219,11,OP_011,95,220,50,0,0,False,False,False
38,220,11,OP_011,81,220,78,0,0,False,False,False
38,221,19,OP_019,3,19,36,0,0,False,True,False
38,222,4,OP_004,4,20,25,0,0,False,True,False
38,223,7,OP_007,3,3,4,0,0,False,False,False
38,224,2,OP_002,3,0,0,0,0,False,False,False
38,225,8,OP_008,4,39,44,0,0,False,False,False
38,226,22,OP_022,2,2,1,0,0,False,False,False
38,227,4,OP_004,259,43,17,0,0,False,False,False
38,228,35,OP_035,259,0,54,0,0,False,False,False
38,229,20,OP_020,64,95,88,0,0,False,False,False
39,1,21,OP_021,2,1,4,0,0,False,False,False
39,2,26,OP_026,2,4,17,0,0,False,False,False
39,3,4,OP_004,256,26,42,0,0,False,False,False
39,4,35,OP_035,256,0,97,0,0,False,False,False
39,5,13,OP_013,3,1,76,0,0,False,False,False
39,6,18,OP_018,3,1,2,0,0,False,False,False
39,7,12,OP_012,2,122,9,0,0,False,False,False
39,8,13,OP_013,3,1,74,0,0,False,False,False
39,9,18,OP_018,3,2,2,0,0,False,False,False
39,10,26,OP_026,2,11,45,0,0,False,False,False
39,11,11,OP_011,37,15,18,0,0,False,False,False
39,12,13,OP_013,3,2,15,0,0,False,False,False
39,13,18,OP_018,3,3,2,0,0,False,False,False
39,14,4,OP_004,3,5,17,0,0,False,True,False
39,15,46,OP_046,2,2,3,0,0,False,False,False
39,16,26,OP_026,2,17,27,0,0,False,False,False
39,17,11,OP_011,94,18,74,0,0,False,False,False
39,18,28,OP_028,2,3,25,0,0,False,False,False
39,19,26,OP_026,2,20,4,0,0,False,False,False
39,20,11,OP_011,3,21,68,0,0,False,False,False
39,21,28,OP_028,2,4,35,0,0,False,False,False
39,22,12,OP_012,2,116,19,0,0,False,False,False
39,23,13,OP_013,2,5,68,0,0,False,False,False
39,24,4,OP_004,4,6,55,0,0,False,True,False
39,25,5,OP_005,2,2,4,0,0,False,False,False
39,26,6,OP_006,"[2, 3]",None,None,None,3,False,False,False
39,27,8,OP_008,4,7,52,0,0,False,False,False
39,28,24,OP_024,2,3,2,0,0,False,False,False
39,29,21,OP_021,3,2,57,0,0,False,False,False
39,30,26,OP_026,3,31,97,0,0,False,False,False
39,31,11,OP_011,77,35,97,0,0,False,False,False
39,32,13,OP_013,4,2,91,0,0,False,False,False
39,33,18,OP_018,4,4,3,0,0,False,False,False
39,34,4,OP_004,4,9,83,0,0,False,True,False
39,35,46,OP_046,3,3,4,0,0,False,False,False
39,36,12,OP_012,3,116,98,0,0,False,False,False
39,37,28,OP_028,4,6,42,0,0,False,False,False
39,38,2,OP_002,4,0,0,0,0,False,False,False
39,39,8,OP_008,5,9,24,0,0,False,False,False
39,40,13,OP_013,7,2,89,0,0,False,False,False
39,41,18,OP_018,7,5,6,0,0,False,False,False
39,42,2,OP_002,6,0,0,0,0,False,False,False
39,43,24,OP_024,3,3,2,0,0,False,False,False
39,44,21,OP_021,4,3,93,0,0,False,False,False
39,45,12,OP_012,4,116,98,0,0,False,False,False
39,46,21,OP_021,4,3,1,0,0,False,False,False
39,47,4,OP_004,6,11,28,0,0,False,True,False
39,48,5,OP_005,4,4,6,0,0,False,False,False
39,49,6,OP_006,"[4, 5]",None,None,None,3,False,False,False
39,50,8,OP_008,6,12,26,0,0,False,False,False
39,51,24,OP_024,4,3,2,0,0,False,False,False
39,52,21,OP_021,5,4,23,0,0,False,False,False
39,53,12,OP_012,5,116,17,0,0,False,False,False
39,54,69,OP_069,5,12,92,0,0,False,False,False
39,55,21,OP_021,6,4,92,0,0,False,False,False
39,56,3,OP_003,"[8, 9]","[13, 14]",None,None,2,False,False,False
39,57,25,OP_025,6,3,2,9,0,False,False,False
39,58,12,OP_012,6,72,44,0,0,False,False,False
39,59,4,OP_004,6,15,61,0,0,False,True,False
39,60,7,OP_007,5,4,6,0,0,False,False,False
39,61,26,OP_026,5,62,81,0,0,False,False,False
39,62,11,OP_011,72,64,65,0,0,False,False,False
39,63,21,OP_021,6,4,30,0,0,False,False,False
39,64,18,OP_018,6,6,5,0,0,False,False,False
39,65,12,OP_012,5,66,94,0,0,False,False,False
39,66,11,OP_011,87,79,34,0,0,False,False,False
39,67,21,OP_021,5,4,48,0,0,False,False,False
39,68,4,OP_004,7,17,80,0,0,False,True,False
39,69,74,OP_074,5,2,2,7,0,False,False,False
39,70,4,OP_004,6,16,99,0,0,False,True,False
39,71,7,OP_007,5,5,6,0,0,False,False,False
39,72,11,OP_011,52,79,45,0,0,False,False,False
39,73,21,OP_021,6,4,90,0,0,False,False,False
39,74,3,OP_003,"[8, 9]","[18, 14]",None,None,2,False,False,False
39,75,25,OP_025,6,3,2,9,0,False,False,False
39,76,12,OP_012,6,79,64,0,0,False,False,False
39,77,4,OP_004,6,16,61,0,0,False,True,False
39,78,7,OP_007,5,4,6,0,0,False,False,False
39,79,11,OP_011,9,79,63,0,0,False,False,False
39,80,21,OP_021,6,5,54,0,0,False,False,False
39,81,12,OP_012,6,116,6,0,0,False,False,False
39,82,28,OP_028,7,7,97,0,0,False,False,False
39,83,2,OP_002,7,0,0,0,0,False,False,False
39,84,67,OP_067,6,1,2,0,0,False,False,False
39,85,19,OP_019,8,19,18,0,0,False,True,False
39,86,4,OP_004,9,20,66,0,0,False,True,False
39,87,7,OP_007,8,8,9,0,0,False,False,False
39,88,2,OP_002,8,0,0,0,0,False,False,False
39,89,33,OP_033,"[9, 10, 11]","[21, 21, 21]",None,None,2,False,False,False
39,90,34,OP_034,7,4,2,0,0,False,False,False
39,91,65,OP_065,8,6,35,0,0,False,False,False
39,92,4,OP_004,9,21,19,0,0,False,True,False
39,93,59,OP_059,8,8,9,0,0,False,False,False
39,94,12,OP_012,8,101,79,0,0,False,False,False
39,95,19,OP_019,8,19,91,0,0,False,True,False
39,96,4,OP_004,9,20,51,0,0,False,True,False
39,97,7,OP_007,8,8,9,0,0,False,False,False
39,98,2,OP_002,8,0,0,0,0,False,False,False
39,99,33,OP_033,"[9, 10, 11]","[21, 22, 21]",None,None,2,False,False,False
39,100,34,OP_034,7,4,2,0,0,False,False,False
39,101,11,OP_011,64,101,38,0,0,False,False,False
39,102,28,OP_028,8,4,96,0,0,False,False,False
39,103,4,OP_004,9,23,32,0,0,False,True,False
39,104,19,OP_019,11,23,58,0,0,False,True,False
39,105,4,OP_004,12,20,53,0,0,False,True,False
39,106,7,OP_007,11,11,12,0,0,False,False,False
39,107,2,OP_002,11,0,0,0,0,False,False,False
39,108,52,OP_052,12,5,7,0,0,False,False,False
39,109,2,OP_002,12,0,0,0,0,False,False,False
39,110,38,OP_038,10,2,2,0,0,False,False,False
39,111,1,OP_001,8,9,10,0,0,False,False,False
39,112,11,OP_011,55,116,27,0,0,False,False,False
39,113,11,OP_011,47,116,30,0,0,False,False,False
39,114,11,OP_011,80,116,57,0,0,False,False,False
39,115,11,OP_011,74,116,96,0,0,False,False,False
39,116,11,OP_011,67,116,27,0,0,False,False,False
39,117,19,OP_019,3,24,95,0,0,False,True,False
39,118,4,OP_004,4,25,52,0,0,False,True,False
39,119,7,OP_007,3,3,4,0,0,False,False,False
39,120,2,OP_002,3,0,0,0,0,False,False,False
39,121,62,OP_062,2,1,1,0,0,False,False,False
39,122,11,OP_011,8,0,47,0,0,False,False,False
39,123,20,OP_020,99,18,24,0,0,False,False,False
40,1,39,OP_039,1,1,220,0,0,False,False,False
40,2,28,OP_028,2,1,12,0,0,False,False,False
40,3,12,OP_012,2,85,49,0,0,False,False,False
40,4,19,OP_019,2,1,18,0,0,False,True,False
40,5,43,OP_043,0,0,0,0,0,False,False,False
40,6,2,OP_002,2,0,0,0,0,False,False,False
40,7,19,OP_019,5,2,25,0,0,False,True,False
40,8,18,OP_018,5,1,3,0,0,False,False,False
40,9,4,OP_004,5,5,83,0,0,False,True,False
40,10,220,OP_220,2,3,0,5,0,False,False,False
40,11,44,OP_044,3,0,0,0,0,False,False,False
40,12,47,OP_047,32,0,4,0,0,False,False,False
40,13,41,OP_041,32,77,2,0,0,False,False,False
40,14,4,OP_004,3,6,77,0,0,False,True,False
40,15,7,OP_007,2,36,3,0,0,False,False,False
40,16,4,OP_004,4,7,17,0,0,False,True,False
40,17,5,OP_005,2,2,4,0,0,False,False,False
40,18,6,OP_006,"[2, 3]",None,None,None,3,False,False,False
40,19,8,OP_008,4,8,75,0,0,False,False,False
40,20,24,OP_024,2,3,2,0,0,False,False,False
40,21,4,OP_004,4,6,56,0,0,False,True,False
40,22,7,OP_007,3,36,4,0,0,False,False,False
40,23,13,OP_013,4,2,29,0,0,False,False,False
40,24,4,OP_004,5,6,30,0,0,False,True,False
40,25,7,OP_007,4,4,5,0,0,False,False,False
40,26,53,OP_053,3,3,4,0,0,False,False,False
40,27,26,OP_026,3,28,16,0,0,False,False,False
40,28,11,OP_011,26,29,17,0,0,False,False,False
40,29,51,OP_051,3,2,65,0,0,False,False,False
40,30,26,OP_026,3,31,34,0,0,False,False,False
40,31,11,OP_011,82,34,7,0,0,False,False,False
40,32,21,OP_021,3,36,32,0,0,False,False,False
40,33,3,OP_003,"[5, 6]","[9, 10]",None,None,2,False,False,False
40,34,25,OP_025,3,3,2,6,0,False,False,False
40,35,26,OP_026,3,36,80,0,0,False,False,False
40,36,11,OP_011,22,38,82,0,0,False,False,False
40,37,21,OP_021,4,36,43,0,0,False,False,False
40,38,18,OP_018,4,2,3,0,0,False,False,False
40,39,26,OP_026,3,41,17,0,0,False,False,False
40,40,4,OP_004,256,23,94,0,0,False,False,False
40,41,35,OP_035,256,0,84,0,0,False,False,False
40,42,21,OP_021,4,36,63,0,0,False,False,False
40,43,18,OP_018,4,3,3,0,0,False,False,False
40,44,4,OP_004,4,12,61,0,0,False,True,False
40,45,53,OP_053,3,3,4,0,0,False,False,False
40,46,12,OP_012,3,77,40,0,0,False,False,False
40,47,21,OP_021,4,36,54,0,0,False,False,False
40,48,18,OP_018,4,4,3,0,0,False,False,False
40,49,28,OP_028,4,3,59,0,0,False,False,False
40,50,4,OP_004,5,13,10,0,0,False,True,False
40,51,7,OP_007,4,4,5,0,0,False,False,False
40,52,54,OP_054,3,3,4,0,0,False,False,False
40,53,4,OP_004,4,15,4,0,0,False,True,False
40,54,7,OP_007,3,3,4,0,0,False,False,False
40,55,13,OP_013,5,4,7,0,0,False,False,False
40,56,18,OP_018,5,5,4,0,0,False,False,False
40,57,56,OP_056,3,3,4,0,0,False,False,False
40,58,12,OP_012,3,77,58,0,0,False,False,False
40,59,13,OP_013,4,5,53,0,0,False,False,False
40,60,18,OP_018,4,6,3,0,0,False,False,False
40,61,12,OP_012,3,72,75,0,0,False,False,False
40,62,19,OP_019,4,19,63,0,0,False,True,False
40,63,2,OP_002,4,0,0,0,0,False,False,False
40,64,4,OP_004,6,14,55,0,0,False,True,False
40,65,7,OP_007,5,36,6,0,0,False,False,False
40,66,2,OP_002,5,0,0,0,0,False,False,False
40,67,38,OP_038,3,2,2,0,0,False,False,False
40,68,12,OP_012,3,77,34,0,0,False,False,False
40,69,4,OP_004,3,12,28,0,0,False,True,False
40,70,37,OP_037,36,7,3,0,0,False,False,False
40,71,11,OP_011,83,77,16,0,0,False,False,False
40,72,11,OP_011,31,77,61,0,0,False,False,False
40,73,4,OP_004,3,12,32,0,0,False,True,False
40,74,37,OP_037,36,8,3,0,0,False,False,False
40,75,219,OP_219,77,36,98,0,0,False,False,False
40,76,4,OP_004,257,24,3,0,0,False,False,False
40,77,35,OP_035,257,0,88,0,0,False,False,False
40,78,40,OP_040,32,13,2,0,0,False,False,False
40,79,19,OP_019,3,20,82,0,0,False,True,False
40,80,4,OP_004,4,21,78,0,0,False,True,False
40,81,7,OP_007,3,3,4,0,0,False,False,False
40,82,2,OP_002,3,0,0,0,0,False,False,False
40,83,8,OP_008,4,22,68,0,0,False,False,False
40,84,22,OP_022,2,2,1,0,0,False,False,False
40,85,11,OP_011,45,1,39,0,0,False,False,False
40,86,20,OP_020,5,16,73,0,0,False,False,False
41,1,39,OP_039,1,1,220,0,0,False,False,False
41,2,28,OP_028,2,1,69,0,0,False,False,False
41,3,12,OP_012,2,86,33,0,0,False,False,False
41,4,19,OP_019,2,1,51,0,0,False,True,False
41,5,43,OP_043,0,0,0,0,0,False,False,False
41,6,2,OP_002,2,0,0,0,0,False,False,False
41,7,19,OP_019,5,2,91,0,0,False,True,False
41,8,18,OP_018,5,1,3,0,0,False,False,False
41,9,4,OP_004,5,5,80,0,0,False,True,False
41,10,48,OP_048,3,2,0,5,0,False,False,False
41,11,44,OP_044,3,0,0,0,0,False,False,False
41,12,47,OP_047,32,0,4,0,0,False,False,False
41,13,41,OP_041,32,78,2,0,0,False,False,False
41,14,4,OP_004,3,6,38,0,0,False,True,False
41,15,7,OP_007,2,36,3,0,0,False,False,False
41,16,13,OP_013,3,2,68,0,0,False,False,False
41,17,4,OP_004,4,6,71,0,0,False,True,False
41,18,7,OP_007,3,3,4,0,0,False,False,False
41,19,53,OP_053,2,2,3,0,0,False,False,False
41,20,26,OP_026,2,21,60,0,0,False,False,False
41,21,11,OP_011,71,24,80,0,0,False,False,False
41,22,21,OP_021,2,36,19,0,0,False,False,False
41,23,3,OP_003,"[4, 5]","[7, 8]",None,None,2,False,False,False
41,24,25,OP_025,2,3,2,5,0,False,False,False
41,25,26,OP_026,2,27,32,0,0,False,False,False
41,26,4,OP_004,256,23,88,0,0,False,False,False
41,27,35,OP_035,256,0,88,0,0,False,False,False
41,28,21,OP_021,3,36,78,0,0,False,False,False
41,29,18,OP_018,3,2,2,0,0,False,False,False
41,30,26,OP_026,2,31,26,0,0,False,False,False
41,31,11,OP_011,80,35,45,0,0,False,False,False
41,32,21,OP_021,3,36,66,0,0,False,False,False
41,33,18,OP_018,3,3,2,0,0,False,False,False
41,34,4,OP_004,3,10,32,0,0,False,True,False
41,35,53,OP_053,2,2,3,0,0,False,False,False
41,36,26,OP_026,2,38,62,0,0,False,False,False
41,37,4,OP_004,257,24,48,0,0,False,False,False
41,38,35,OP_035,257,0,13,0,0,False,False,False
41,39,21,OP_021,3,36,98,0,0,False,False,False
41,40,18,OP_018,3,4,2,0,0,False,False,False
41,41,4,OP_004,3,10,11,0,0,False,True,False
41,42,53,OP_053,2,2,3,0,0,False,False,False
41,43,12,OP_012,2,78,36,0,0,False,False,False
41,44,21,OP_021,3,36,52,0,0,False,False,False
41,45,18,OP_018,3,5,2,0,0,False,False,False
41,46,28,OP_028,3,3,45,0,0,False,False,False
41,47,4,OP_004,4,12,92,0,0,False,True,False
41,48,7,OP_007,3,3,4,0,0,False,False,False
41,49,54,OP_054,2,2,3,0,0,False,False,False
41,50,4,OP_004,3,14,61,0,0,False,True,False
41,51,7,OP_007,2,2,3,0,0,False,False,False
41,52,13,OP_013,4,4,11,0,0,False,False,False
41,53,18,OP_018,4,6,3,0,0,False,False,False
41,54,56,OP_056,2,2,3,0,0,False,False,False
41,55,12,OP_012,2,78,46,0,0,False,False,False
41,56,13,OP_013,3,5,6,0,0,False,False,False
41,57,18,OP_018,3,7,2,0,0,False,False,False
41,58,12,OP_012,2,72,52,0,0,False,False,False
41,59,19,OP_019,3,18,44,0,0,False,True,False
41,60,2,OP_002,3,0,0,0,0,False,False,False
41,61,4,OP_004,5,13,72,0,0,False,True,False
41,62,7,OP_007,4,36,5,0,0,False,False,False
41,63,2,OP_002,4,0,0,0,0,False,False,False
41,64,38,OP_038,2,2,2,0,0,False,False,False
41,65,12,OP_012,2,78,84,0,0,False,False,False
41,66,4,OP_004,2,10,93,0,0,False,True,False
41,67,37,OP_037,36,8,2,0,0,False,False,False
41,68,4,OP_004,2,10,20,0,0,False,True,False
41,69,37,OP_037,36,9,2,0,0,False,False,False
41,70,11,OP_011,52,78,82,0,0,False,False,False
41,71,4,OP_004,258,25,84,0,0,False,False,False
41,72,35,OP_035,258,0,44,0,0,False,False,False
41,73,4,OP_004,2,10,89,0,0,False,True,False
41,74,37,OP_037,36,10,2,0,0,False,False,False
41,75,4,OP_004,2,10,26,0,0,False,True,False
41,76,37,OP_037,36,11,2,0,0,False,False,False
41,77,11,OP_011,16,78,17,0,0,False,False,False
41,78,11,OP_011,19,78,75,0,0,False,False,False
41,79,40,OP_040,32,13,2,0,0,False,False,False
41,80,19,OP_019,3,20,84,0,0,False,True,False
41,81,4,OP_004,4,21,8,0,0,False,True,False
41,82,7,OP_007,3,3,4,0,0,False,False,False
41,83,2,OP_002,3,0,0,0,0,False,False,False
41,84,8,OP_008,4,22,15,0,0,False,False,False
41,85,22,OP_022,2,2,1,0,0,False,False,False
41,86,11,OP_011,27,1,27,0,0,False,False,False
41,87,20,OP_020,79,70,97,0,0,False,False,False
42,1,17,OP_017,2,1,216,0,0,False,True,False
42,2,268,OP_268,2,0,0,152,0,False,False,False
42,3,31,OP_031,4,2,5,151,0,False,True,False
42,4,18,OP_018,4,1,3,0,0,False,False,False
42,5,2,OP_002,3,0,0,0,0,False,False,False
42,6,33,OP_033,"[4, 5]","[5, 6]",None,None,2,False,False,False
42,7,15,OP_015,1,4,1,0,0,False,False,False
42,8,17,OP_017,2,1,216,0,0,False,True,False
42,9,2,OP_002,2,0,0,0,0,False,False,False
42,10,17,OP_017,4,2,216,0,0,False,True,False
42,11,18,OP_018,4,2,3,0,0,False,False,False
42,12,2,OP_002,3,0,0,0,0,False,False,False
42,13,33,OP_033,"[4, 5]","[7, 6]",None,None,2,False,False,False
42,14,15,OP_015,1,4,1,0,0,False,False,False
42,15,20,OP_020,40,66,52,0,0,False,False,False
43,1,39,OP_039,1,1,220,0,0,False,False,False
43,2,28,OP_028,2,1,57,0,0,False,False,False
43,3,12,OP_012,2,100,21,0,0,False,False,False
43,4,19,OP_019,2,1,91,0,0,False,True,False
43,5,43,OP_043,0,0,0,0,0,False,False,False
43,6,2,OP_002,2,0,0,0,0,False,False,False
43,7,19,OP_019,5,2,88,0,0,False,True,False
43,8,18,OP_018,5,1,3,0,0,False,False,False
43,9,4,OP_004,5,5,49,0,0,False,True,False
43,10,48,OP_048,3,2,0,5,0,False,False,False
43,11,44,OP_044,3,0,0,0,0,False,False,False
43,12,47,OP_047,32,0,4,0,0,False,False,False
43,13,41,OP_041,32,92,2,0,0,False,False,False
43,14,4,OP_004,3,6,12,0,0,False,True,False
43,15,7,OP_007,2,36,3,0,0,False,False,False
43,16,13,OP_013,3,2,29,0,0,False,False,False
43,17,4,OP_004,4,6,88,0,0,False,True,False
43,18,7,OP_007,3,3,4,0,0,False,False,False
43,19,53,OP_053,2,2,3,0,0,False,False,False
43,20,26,OP_026,2,21,71,0,0,False,False,False
43,21,11,OP_011,53,24,15,0,0,False,False,False
43,22,21,OP_021,2,36,22,0,0,False,False,False
43,23,3,OP_003,"[4, 5]","[7, 8]",None,None,2,False,False,False
43,24,25,OP_025,2,3,2,5,0,False,False,False
43,25,26,OP_026,2,27,96,0,0,False,False,False
43,26,4,OP_004,256,24,27,0,0,False,False,False
43,27,35,OP_035,256,0,90,0,0,False,False,False
43,28,21,OP_021,3,36,85,0,0,False,False,False
43,29,18,OP_018,3,2,2,0,0,False,False,False
43,30,26,OP_026,2,31,64,0,0,False,False,False
43,31,11,OP_011,25,35,59,0,0,False,False,False
43,32,21,OP_021,3,36,61,0,0,False,False,False
43,33,18,OP_018,3,3,2,0,0,False,False,False
43,34,4,OP_004,3,10,12,0,0,False,True,False
43,35,53,OP_053,2,2,3,0,0,False,False,False
43,36,12,OP_012,2,92,6,0,0,False,False,False
43,37,21,OP_021,3,36,86,0,0,False,False,False
43,38,18,OP_018,3,4,2,0,0,False,False,False
43,39,28,OP_028,3,3,96,0,0,False,False,False
43,40,4,OP_004,4,11,69,0,0,False,True,False
43,41,7,OP_007,3,3,4,0,0,False,False,False
43,42,54,OP_054,2,2,3,0,0,False,False,False
43,43,4,OP_004,3,13,75,0,0,False,True,False
43,44,7,OP_007,2,2,3,0,0,False,False,False
43,45,13,OP_013,4,4,55,0,0,False,False,False
43,46,18,OP_018,4,5,3,0,0,False,False,False
43,47,56,OP_056,2,2,3,0,0,False,False,False
43,48,12,OP_012,2,92,18,0,0,False,False,False
43,49,13,OP_013,3,5,25,0,0,False,False,False
43,50,18,OP_018,3,6,2,0,0,False,False,False
43,51,12,OP_012,2,75,51,0,0,False,False,False
43,52,19,OP_019,3,17,29,0,0,False,True,False
43,53,2,OP_002,3,0,0,0,0,False,False,False
43,54,4,OP_004,5,12,23,0,0,False,True,False
43,55,7,OP_007,4,36,5,0,0,False,False,False
43,56,2,OP_002,4,0,0,0,0,False,False,False
43,57,38,OP_038,2,2,2,0,0,False,False,False
43,58,12,OP_012,2,92,78,0,0,False,False,False
43,59,28,OP_028,2,3,84,0,0,False,False,False
43,60,4,OP_004,3,18,94,0,0,False,True,False
43,61,7,OP_007,2,2,3,0,0,False,False,False
43,62,19,OP_019,4,19,86,0,0,False,True,False
43,63,4,OP_004,5,20,82,0,0,False,True,False
43,64,7,OP_007,4,4,5,0,0,False,False,False
43,65,2,OP_002,4,0,0,0,0,False,False,False
43,66,33,OP_033,"[5, 6]","[10, 10]",None,None,2,False,False,False
43,67,13,OP_013,7,4,31,0,0,False,False,False
43,68,4,OP_004,8,21,99,0,0,False,True,False
43,69,7,OP_007,7,7,8,0,0,False,False,False
43,70,2,OP_002,7,0,0,0,0,False,False,False
43,71,34,OP_034,3,4,2,0,0,False,False,False
43,72,52,OP_052,2,2,3,0,0,False,False,False
43,73,37,OP_037,36,7,2,0,0,False,False,False
43,74,11,OP_011,19,92,89,0,0,False,False,False
43,75,11,OP_011,50,92,55,0,0,False,False,False
43,76,28,OP_028,2,3,62,0,0,False,False,False
43,77,4,OP_004,3,18,7,0,0,False,True,False
43,78,7,OP_007,2,2,3,0,0,False,False,False
43,79,19,OP_019,4,19,87,0,0,False,True,False
43,80,4,OP_004,5,20,60,0,0,False,True,False
43,81,7,OP_007,4,4,5,0,0,False,False,False
43,82,2,OP_002,4,0,0,0,0,False,False,False
43,83,33,OP_033,"[5, 6]","[10, 10]",None,None,2,False,False,False
43,84,13,OP_013,7,4,8,0,0,False,False,False
43,85,4,OP_004,8,21,81,0,0,False,True,False
43,86,7,OP_007,7,7,8,0,0,False,False,False
43,87,2,OP_002,7,0,0,0,0,False,False,False
43,88,34,OP_034,3,4,2,0,0,False,False,False
43,89,52,OP_052,2,2,3,0,0,False,False,False
43,90,37,OP_037,36,8,2,0,0,False,False,False
43,91,11,OP_011,25,92,83,0,0,False,False,False
43,92,11,OP_011,74,92,86,0,0,False,False,False
43,93,40,OP_040,32,13,2,0,0,False,False,False
43,94,19,OP_019,3,22,94,0,0,False,True,False
43,95,4,OP_004,4,23,53,0,0,False,True,False
43,96,7,OP_007,3,3,4,0,0,False,False,False
43,97,2,OP_002,3,0,0,0,0,False,False,False
43,98,8,OP_008,4,10,92,0,0,False,False,False
43,99,22,OP_022,2,2,1,0,0,False,False,False
43,100,11,OP_011,37,1,55,0,0,False,False,False
43,101,20,OP_020,28,62,74,0,0,False,False,False
44,1,13,OP_013,2,1,23,0,0,False,False,False
44,2,0,OP_000,4,1,43,0,0,False,True,False
44,3,5,OP_005,2,2,4,0,0,False,False,False
44,4,6,OP_006,"[2, 3]",None,None,None,3,False,False,False
44,5,33,OP_033,"[4, 5]","[2, 3]",None,None,2,False,False,False
44,6,34,OP_034,2,4,2,0,0,False,False,False
44,7,39,OP_039,3,2,63,0,0,False,False,False
44,8,12,OP_012,3,11,85,0,0,False,False,False
44,9,9,OP_009,3,3,92,0,0,False,False,False
44,10,55,OP_055,3,94,32,0,0,False,False,False
44,11,11,OP_011,90,11,76,0,0,False,False,False
44,12,17,OP_017,3,4,216,0,0,False,True,False
44,13,43,OP_043,0,0,0,0,0,False,False,False
44,14,269,OP_269,3,0,0,255,0,False,False,False
44,15,31,OP_031,4,2,31,124,0,False,False,False
44,16,31,OP_031,6,5,66,202,0,False,True,False
44,17,48,OP_048,4,2,0,6,0,False,False,False
44,18,44,OP_044,4,0,0,0,0,False,False,False
44,19,47,OP_047,32,0,4,0,0,False,False,False
44,20,41,OP_041,32,71,2,0,0,False,False,False
44,21,19,OP_019,3,4,49,0,0,False,True,False
44,22,43,OP_043,0,0,0,0,0,False,False,False
44,23,2,OP_002,3,0,0,0,0,False,False,False
44,24,21,OP_021,4,36,62,0,0,False,False,False
44,25,4,OP_004,6,5,15,0,0,False,True,False
44,26,48,OP_048,4,2,0,6,0,False,False,False
44,27,44,OP_044,4,0,0,0,0,False,False,False
44,28,47,OP_047,37,0,4,0,0,False,False,False
44,29,41,OP_041,37,70,2,0,0,False,False,False
44,30,4,OP_004,6,6,8,0,0,False,True,False
44,31,7,OP_007,3,41,6,0,0,False,False,False
44,32,3,OP_003,"[5, 6]","[7, 8]",None,None,2,False,False,False
44,33,25,OP_025,3,3,2,6,0,False,False,False
44,34,12,OP_012,3,35,28,0,0,False,False,False
44,35,11,OP_011,57,39,20,0,0,False,False,False
44,36,4,OP_004,6,6,8,0,0,False,True,False
44,37,7,OP_007,3,41,6,0,0,False,False,False
44,38,3,OP_003,"[5, 6]","[9, 8]",None,None,2,False,False,False
44,39,25,OP_025,3,3,2,6,0,False,False,False
44,40,12,OP_012,3,41,98,0,0,False,False,False
44,41,11,OP_011,17,44,40,0,0,False,False,False
44,42,21,OP_021,3,41,64,0,0,False,False,False
44,43,3,OP_003,"[5, 6]","[10, 11]",None,None,2,False,False,False
44,44,25,OP_025,3,3,2,6,0,False,False,False
44,45,12,OP_012,3,70,23,0,0,False,False,False
44,46,21,OP_021,3,41,33,0,0,False,False,False
44,47,3,OP_003,"[5, 6]","[12, 13]",None,None,2,False,False,False
44,48,25,OP_025,3,3,2,6,0,False,False,False
44,49,12,OP_012,3,50,49,0,0,False,False,False
44,50,11,OP_011,47,53,31,0,0,False,False,False
44,51,21,OP_021,3,41,75,0,0,False,False,False
44,52,3,OP_003,"[5, 6]","[9, 13]",None,None,2,False,False,False
44,53,25,OP_025,3,3,2,6,0,False,False,False
44,54,12,OP_012,3,55,19,0,0,False,False,False
44,55,11,OP_011,76,57,58,0,0,False,False,False
44,56,4,OP_004,4,14,94,0,0,False,True,False
44,57,7,OP_007,3,41,4,0,0,False,False,False
44,58,12,OP_012,3,59,12,0,0,False,False,False
44,59,11,OP_011,21,62,57,0,0,False,False,False
44,60,21,OP_021,3,41,5,0,0,False,False,False
44,61,3,OP_003,"[5, 6]","[15, 13]",None,None,2,False,False,False
44,62,25,OP_025,3,3,2,6,0,False,False,False
44,63,46,OP_046,4,3,1,0,0,False,False,False
44,64,12,OP_012,4,70,77,0,0,False,False,False
44,65,4,OP_004,5,6,36,0,0,False,True,False
44,66,7,OP_007,4,36,5,0,0,False,False,False
44,67,55,OP_055,4,9,19,0,0,False,False,False
44,68,4,OP_004,257,16,63,0,0,False,False,False
44,69,35,OP_035,257,0,26,0,0,False,False,False
44,70,11,OP_011,81,70,65,0,0,False,False,False
44,71,40,OP_040,37,29,2,0,0,False,False,False
44,72,40,OP_040,32,20,2,0,0,False,False,False
44,73,16,OP_016,256,2,0,0,0,False,False,False
44,74,302,OP_302,24,3,-20,256,0,False,False,False
44,75,69,OP_069,3,6,37,0,0,False,False,False
44,76,55,OP_055,3,88,72,0,0,False,False,False
44,77,20,OP_020,26,67,8,0,0,False,False,False
45,1,17,OP_017,1,1,216,0,0,False,True,False
45,2,43,OP_043,0,0,0,0,0,False,False,False
45,3,2,OP_002,1,0,0,0,0,False,False,False
45,4,17,OP_017,3,2,216,0,0,False,True,False
45,5,2,OP_002,3,0,0,0,0,False,False,False
45,6,8,OP_008,4,3,35,0,0,False,False,False
45,7,82,OP_082,2,2,0,0,0,False,False,False
45,8,44,OP_044,2,0,0,0,0,False,False,False
45,9,47,OP_047,32,0,4,0,0,False,False,False
45,10,41,OP_041,32,31,2,0,0,False,False,False
45,11,19,OP_019,2,4,65,0,0,False,True,False
45,12,2,OP_002,2,0,0,0,0,False,False,False
45,13,2,OP_002,36,0,0,0,0,False,False,False
45,14,38,OP_038,1,2,2,0,0,False,False,False
45,15,4,OP_004,2,5,52,0,0,False,True,False
45,16,46,OP_046,1,1,2,0,0,False,False,False
45,17,12,OP_012,1,31,94,0,0,False,False,False
45,18,19,OP_019,3,6,28,0,0,False,True,False
45,19,2,OP_002,3,0,0,0,0,False,False,False
45,20,14,OP_014,4,1,0,0,0,False,False,False
45,21,2,OP_002,4,0,0,0,0,False,False,False
45,22,77,OP_077,1,2,3,0,0,False,False,False
45,23,21,OP_021,3,1,76,0,0,False,False,False
45,24,26,OP_026,3,26,21,0,0,False,False,False
45,25,4,OP_004,256,7,47,0,0,False,False,False
45,26,35,OP_035,256,0,35,0,0,False,False,False
45,27,21,OP_021,3,2,59,0,0,False,False,False
45,28,12,OP_012,3,31,42,0,0,False,False,False
45,29,55,OP_055,2,52,69,0,0,False,False,False
45,30,11,OP_011,2,31,14,0,0,False,False,False
45,31,11,OP_011,68,31,72,0,0,False,False,False
45,32,40,OP_040,32,10,2,0,0,False,False,False
45,33,9,OP_009,1,1,92,0,0,False,False,False
45,34,55,OP_055,1,1,53,0,0,False,False,False
45,35,20,OP_020,43,59,55,0,0,False,False,False
46,1,13,OP_013,1,1,98,0,0,False,False,False
46,2,0,OP_000,2,1,43,0,0,False,True,False
46,3,7,OP_007,1,1,2,0,0,False,False,False
46,4,26,OP_026,1,6,90,0,0,False,False,False
46,5,4,OP_004,257,8,73,0,0,False,False,False
46,6,35,OP_035,257,0,19,0,0,False,False,False
46,7,13,OP_013,2,1,34,0,0,False,False,False
46,8,18,OP_018,2,1,1,0,0,False,False,False
46,9,26,OP_026,1,11,96,0,0,False,False,False
46,10,4,OP_004,258,9,28,0,0,False,False,False
46,11,35,OP_035,258,0,21,0,0,False,False,False
46,12,13,OP_013,2,1,19,0,0,False,False,False
46,13,221,OP_221,2,2,1,0,0,False,False,False
46,14,0,OP_000,2,3,43,0,0,False,True,False
46,15,7,OP_007,1,1,2,0,0,False,False,False
46,16,26,OP_026,1,18,14,0,0,False,False,False
46,17,4,OP_004,259,10,59,0,0,False,False,False
46,18,35,OP_035,259,0,43,0,0,False,False,False
46,19,13,OP_013,2,1,64,0,0,False,False,False
46,20,18,OP_018,2,3,1,0,0,False,False,False
46,21,0,OP_000,2,3,43,0,0,False,True,False
46,22,7,OP_007,1,1,2,0,0,False,False,False
46,23,0,OP_000,2,4,43,0,0,False,True,False
46,24,16,OP_016,256,2,0,0,0,False,False,False
46,25,190,OP_190,1,1,42,256,0,False,False,False
46,26,7,OP_007,1,1,2,0,0,False,False,False
46,27,26,OP_026,1,28,79,0,0,False,False,False
46,28,11,OP_011,59,33,59,0,0,False,False,False
46,29,13,OP_013,3,1,84,0,0,False,False,False
46,30,18,OP_018,3,4,2,0,0,False,False,False
46,31,0,OP_000,3,3,43,0,0,False,True,False
46,32,7,OP_007,2,2,3,0,0,False,False,False
46,33,18,OP_018,2,5,1,0,0,False,False,False
46,34,26,OP_026,1,35,39,0,0,False,False,False
46,35,11,OP_011,38,46,15,0,0,False,False,False
46,36,17,OP_017,2,6,216,0,0,False,True,False
46,37,2,OP_002,2,0,0,0,0,False,False,False
46,38,13,OP_013,5,1,63,0,0,False,False,False
46,39,18,OP_018,5,6,4,0,0,False,False,False
46,40,0,OP_000,5,3,43,0,0,False,True,False
46,41,7,OP_007,4,4,5,0,0,False,False,False
46,42,18,OP_018,4,7,3,0,0,False,False,False
46,43,2,OP_002,3,0,0,0,0,False,False,False
46,44,38,OP_038,1,2,2,0,0,False,False,False
46,45,0,OP_000,2,7,43,0,0,False,True,False
46,46,46,OP_046,1,1,2,0,0,False,False,False
46,47,12,OP_012,1,54,98,0,0,False,False,False
46,48,13,OP_013,3,1,87,0,0,False,False,False
46,49,18,OP_018,3,8,2,0,0,False,False,False
46,50,0,OP_000,3,3,43,0,0,False,True,False
46,51,7,OP_007,2,2,3,0,0,False,False,False
46,52,18,OP_018,2,9,1,0,0,False,False,False
46,53,55,OP_055,1,72,95,0,0,False,False,False
46,54,11,OP_011,62,54,33,0,0,False,False,False
46,55,20,OP_020,10,1,20,0,0,False,False,False
47,1,66,OP_066,1,1,28,0,0,False,False,False
47,2,20,OP_020,82,86,87,0,0,False,False,False
48,1,13,OP_013,2,1,81,0,0,False,False,False
48,2,18,OP_018,2,1,1,0,0,False,False,False
48,3,12,OP_012,1,4,27,0,0,False,False,False
48,4,11,OP_011,86,5,11,0,0,False,False,False
48,5,17,OP_017,1,2,251,0,0,False,False,False
48,6,39,OP_039,2,1,63,0,0,False,False,False
48,7,12,OP_012,2,8,36,0,0,False,False,False
48,8,11,OP_011,4,12,36,0,0,False,False,False
48,9,0,OP_000,3,3,43,0,0,False,True,False
48,10,16,OP_016,256,2,0,0,0,False,False,False
48,11,301,OP_301,2,-39,3,256,0,False,False,False
48,12,46,OP_046,2,1,3,0,0,False,False,False
48,13,12,OP_012,2,23,63,0,0,False,False,False
48,14,16,OP_016,257,2,0,0,0,False,False,False
48,15,300,OP_300,16,-24,12,257,0,False,False,False
48,16,13,OP_013,2,3,54,0,0,False,False,False
48,17,0,OP_000,4,4,43,0,0,False,True,False
48,18,5,OP_005,2,2,4,0,0,False,False,False
48,19,6,OP_006,"[2, 3]",None,None,None,3,False,False,False
48,20,33,OP_033,"[4, 5]","[5, 6]",None,None,2,False,False,False
48,21,15,OP_015,2,4,1,0,0,False,False,False
48,22,20,OP_020,37,40,42,0,0,False,False,False
48,23,11,OP_011,86,23,56,0,0,False,False,False
48,24,17,OP_017,3,4,251,0,0,False,False,False
48,25,2,OP_002,3,0,0,0,0,False,False,False
48,26,67,OP_067,2,1,2,0,0,False,False,False
48,27,39,OP_039,3,2,63,0,0,False,False,False
48,28,12,OP_012,3,36,78,0,0,False,False,False
48,29,13,OP_013,3,3,53,0,0,False,False,False
48,30,0,OP_000,5,4,43,0,0,False,True,False
48,31,5,OP_005,3,3,5,0,0,False,False,False
48,32,6,OP_006,"[3, 4]",None,None,None,3,False,False,False
48,33,33,OP_033,"[5, 6]","[7, 6]",None,None,2,False,False,False
48,34,15,OP_015,3,4,1,0,0,False,False,False
48,35,20,OP_020,68,79,6,0,0,False,False,False
48,36,11,OP_011,33,36,39,0,0,False,False,False
48,37,17,OP_017,4,8,216,0,0,False,True,False
48,38,2,OP_002,4,0,0,0,0,False,False,False
48,39,8,OP_008,5,9,26,0,0,False,False,False
48,40,22,OP_022,3,2,1,0,0,False,False,False
48,41,17,OP_017,4,8,216,0,0,False,True,False
48,42,2,OP_002,4,0,0,0,0,False,False,False
48,43,3,OP_003,"[5, 7]","[10, 11]",None,None,2,False,False,False
48,44,42,OP_042,6,1,7,0,0,False,False,False
48,45,42,OP_042,5,5,6,0,0,False,False,False
48,46,2,OP_002,5,0,0,0,0,False,False,False
48,47,22,OP_022,3,2,1,0,0,False,False,False
48,48,17,OP_017,4,8,216,0,0,False,True,False
48,49,2,OP_002,4,0,0,0,0,False,False,False
48,50,8,OP_008,5,9,91,0,0,False,False,False
48,51,22,OP_022,3,2,1,0,0,False,False,False
48,52,0,OP_000,3,12,43,0,0,False,True,False
48,53,17,OP_017,4,13,216,0,0,False,True,False
48,54,270,OP_270,4,0,0,152,0,False,False,False
48,55,31,OP_031,2,0,0,121,0,False,False,False
48,56,31,OP_031,32,2,4,247,0,False,False,False
48,57,41,OP_041,32,123,2,0,0,False,False,False
48,58,19,OP_019,5,14,5,0,0,False,True,False
48,59,2,OP_002,5,0,0,0,0,False,False,False
48,60,2,OP_002,36,0,0,0,0,False,False,False
48,61,38,OP_038,4,2,2,0,0,False,False,False
48,62,4,OP_004,5,15,42,0,0,False,True,False
48,63,46,OP_046,4,4,5,0,0,False,False,False
48,64,12,OP_012,4,123,20,0,0,False,False,False
48,65,19,OP_019,4,16,2,0,0,False,True,False
48,66,2,OP_002,4,0,0,0,0,False,False,False
48,67,2,OP_002,36,0,0,0,0,False,False,False
48,68,61,OP_061,37,2,4,0,0,False,False,False
48,69,41,OP_041,37,121,2,0,0,False,False,False
48,70,4,OP_004,5,17,68,0,0,False,True,False
48,71,7,OP_007,4,41,5,0,0,False,False,False
48,72,4,OP_004,6,18,63,0,0,False,True,False
48,73,7,OP_007,5,41,6,0,0,False,False,False
48,74,12,OP_012,5,75,44,0,0,False,False,False
48,75,11,OP_011,5,76,89,0,0,False,False,False
48,76,10,OP_010,5,40,91,0,0,False,False,False
48,77,4,OP_004,7,19,1,0,0,False,True,False
48,78,7,OP_007,6,5,7,0,0,False,False,False
48,79,12,OP_012,6,80,60,0,0,False,False,False
48,80,11,OP_011,70,82,53,0,0,False,False,False
48,81,4,OP_004,7,19,29,0,0,False,True,False
48,82,7,OP_007,6,41,7,0,0,False,False,False
48,83,12,OP_012,6,84,63,0,0,False,False,False
48,84,11,OP_011,20,85,17,0,0,False,False,False
48,85,4,OP_004,6,20,54,0,0,False,True,False
48,86,21,OP_021,7,4,11,0,0,False,False,False
48,87,26,OP_026,7,88,89,0,0,False,False,False
48,88,11,OP_011,15,89,77,0,0,False,False,False
48,89,46,OP_046,7,6,1,0,0,False,False,False
48,90,12,OP_012,7,121,13,0,0,False,False,False
48,91,4,OP_004,7,21,79,0,0,False,True,False
48,92,52,OP_052,3,3,7,0,0,False,False,False
48,93,28,OP_028,8,5,49,0,0,False,False,False
48,94,2,OP_002,8,0,0,0,0,False,False,False
48,95,2,OP_002,4,0,0,0,0,False,False,False
48,96,38,OP_038,7,2,2,0,0,False,False,False
48,97,21,OP_021,8,7,45,0,0,False,False,False
48,98,12,OP_012,8,99,75,0,0,False,False,False
48,99,11,OP_011,55,101,49,0,0,False,False,False
48,100,4,OP_004,9,22,76,0,0,False,True,False
48,101,7,OP_007,8,5,9,0,0,False,False,False
48,102,12,OP_012,8,103,95,0,0,False,False,False
48,103,11,OP_011,26,104,67,0,0,False,False,False
48,104,21,OP_021,8,35,36,0,0,False,False,False
48,105,12,OP_012,8,106,45,0,0,False,False,False
48,106,11,OP_011,59,107,33,0,0,False,False,False
48,107,4,OP_004,8,23,66,0,0,False,True,False
48,108,19,OP_019,10,8,79,0,0,False,True,False
48,109,43,OP_043,0,0,0,0,0,False,False,False
48,110,2,OP_002,10,0,0,0,0,False,False,False
48,111,19,OP_019,12,24,8,0,0,False,True,False
48,112,4,OP_004,13,25,86,0,0,False,True,False
48,113,7,OP_007,12,12,13,0,0,False,False,False
48,114,2,OP_002,12,0,0,0,0,False,False,False
48,115,8,OP_008,13,26,69,0,0,False,False,False
48,116,6,OP_006,"[4, 8, 35]",None,None,None,3,False,False,False
48,117,231,OP_231,11,5,0,0,0,False,False,False
48,118,44,OP_044,11,0,0,0,0,False,False,False
48,119,80,OP_080,9,0,1,0,0,False,False,False
48,120,4,OP_004,259,32,84,0,0,False,False,False
48,121,35,OP_035,259,0,52,0,0,False,False,False
48,122,40,OP_040,37,69,2,0,0,False,False,False
48,123,11,OP_011,48,123,15,0,0,False,False,False
48,124,40,OP_040,32,57,2,0,0,False,False,False
48,125,17,OP_017,5,8,216,0,0,False,True,False
48,126,2,OP_002,5,0,0,0,0,False,False,False
48,127,8,OP_008,6,9,42,0,0,False,False,False
48,128,22,OP_022,4,2,1,0,0,False,False,False
48,129,17,OP_017,5,8,216,0,0,False,True,False
48,130,2,OP_002,5,0,0,0,0,False,False,False
48,131,3,OP_003,"[6, 8]","[27, 28]",None,None,2,False,False,False
48,132,42,OP_042,8,8,1,0,0,False,False,False
48,133,16,OP_016,258,2,0,0,0,False,False,False
48,134,299,OP_299,7,-9,8,258,0,False,False,False
48,135,42,OP_042,7,3,8,0,0,False,False,False
48,136,42,OP_042,6,6,7,0,0,False,False,False
48,137,2,OP_002,6,0,0,0,0,False,False,False
48,138,22,OP_022,4,2,1,0,0,False,False,False
48,139,13,OP_013,4,3,5,0,0,False,False,False
48,140,0,OP_000,6,4,43,0,0,False,True,False
48,141,5,OP_005,4,4,6,0,0,False,False,False
48,142,6,OP_006,"[4, 5]",None,None,None,3,False,False,False
48,143,3,OP_003,"[6, 8]","[29, 30]",None,None,2,False,False,False
48,144,42,OP_042,7,3,8,0,0,False,False,False
48,145,42,OP_042,6,6,7,0,0,False,False,False
48,146,2,OP_002,6,0,0,0,0,False,False,False
48,147,8,OP_008,7,31,22,0,0,False,False,False
48,148,15,OP_015,4,4,1,0,0,False,False,False
48,149,20,OP_020,65,73,60,0,0,False,False,False
49,1,16,OP_016,256,2,0,0,0,False,False,False
49,2,298,OP_298,-1,1,0,256,0,False,False,False
49,3,13,OP_013,2,1,9,0,0,False,False,False
49,4,18,OP_018,2,1,1,0,0,False,False,False
49,5,12,OP_012,1,7,13,0,0,False,False,False
49,6,4,OP_004,259,37,22,0,0,False,False,False
49,7,35,OP_035,259,0,79,0,0,False,False,False
49,8,17,OP_017,1,2,251,0,0,False,False,False
49,9,39,OP_039,2,1,63,0,0,False,False,False
49,10,12,OP_012,2,11,49,0,0,False,False,False
49,11,11,OP_011,71,13,5,0,0,False,False,False
49,12,0,OP_000,3,3,43,0,0,False,True,False
49,13,46,OP_046,2,1,3,0,0,False,False,False
49,14,12,OP_012,2,22,25,0,0,False,False,False
49,15,13,OP_013,2,3,5,0,0,False,False,False
49,16,0,OP_000,4,4,43,0,0,False,True,False
49,17,5,OP_005,2,2,4,0,0,False,False,False
49,18,6,OP_006,"[2, 3]",None,None,None,3,False,False,False
49,19,33,OP_033,"[4, 5]","[5, 6]",None,None,2,False,False,False
49,20,15,OP_015,2,4,1,0,0,False,False,False
49,21,20,OP_020,41,65,58,0,0,False,False,False
49,22,11,OP_011,61,22,18,0,0,False,False,False
49,23,17,OP_017,3,4,251,0,0,False,False,False
49,24,2,OP_002,3,0,0,0,0,False,False,False
49,25,67,OP_067,2,1,2,0,0,False,False,False
49,26,39,OP_039,3,2,63,0,0,False,False,False
49,27,12,OP_012,3,37,38,0,0,False,False,False
49,28,13,OP_013,3,3,45,0,0,False,False,False
49,29,16,OP_016,257,2,0,0,0,False,False,False
49,30,297,OP_297,5,21,0,257,0,False,False,False
49,31,4,OP_004,5,4,4,0,0,False,True,False
49,32,5,OP_005,3,3,5,0,0,False,False,False
49,33,6,OP_006,"[3, 4]",None,None,None,3,False,False,False
49,34,33,OP_033,"[5, 6]","[7, 8]",None,None,2,False,False,False
49,35,15,OP_015,3,4,1,0,0,False,False,False
49,36,20,OP_020,33,93,25,0,0,False,False,False
49,37,11,OP_011,81,37,17,0,0,False,False,False
49,38,0,OP_000,3,9,43,0,0,False,True,False
49,39,0,OP_000,4,10,43,0,0,False,True,False
49,40,13,OP_013,5,3,6,0,0,False,False,False
49,41,16,OP_016,258,2,0,0,0,False,False,False
49,42,296,OP_296,7,4,-25,258,0,False,False,False
49,43,4,OP_004,7,4,19,0,0,False,True,False
49,44,5,OP_005,5,5,7,0,0,False,False,False
49,45,6,OP_006,"[5, 6]",None,None,None,3,False,False,False
49,46,3,OP_003,"[7, 9]","[11, 12]",None,None,2,False,False,False
49,47,42,OP_042,8,1,9,0,0,False,False,False
49,48,42,OP_042,7,7,8,0,0,False,False,False
49,49,2,OP_002,7,0,0,0,0,False,False,False
49,50,8,OP_008,8,6,5,0,0,False,False,False
49,51,15,OP_015,5,4,1,0,0,False,False,False
49,52,17,OP_017,5,13,216,0,0,False,True,False
49,53,271,OP_271,5,0,0,91,0,False,False,False
49,54,31,OP_031,2,0,0,216,0,False,False,False
49,55,31,OP_031,32,2,4,230,0,False,False,False
49,56,41,OP_041,32,129,2,0,0,False,False,False
49,57,19,OP_019,6,14,36,0,0,False,True,False
49,58,2,OP_002,6,0,0,0,0,False,False,False
49,59,2,OP_002,36,0,0,0,0,False,False,False
49,60,38,OP_038,5,2,2,0,0,False,False,False
49,61,4,OP_004,6,15,61,0,0,False,True,False
49,62,46,OP_046,5,5,6,0,0,False,False,False
49,63,12,OP_012,5,129,30,0,0,False,False,False
49,64,65,OP_065,5,36,8,0,0,False,False,False
49,65,3,OP_003,"[6, 7]","[16, 17]",None,None,2,False,False,False
49,66,76,OP_076,5,127,8,0,0,False,False,False
49,67,7,OP_007,9,36,8,0,0,False,False,False
49,68,4,OP_004,11,18,93,0,0,False,True,False
49,69,7,OP_007,10,9,11,0,0,False,False,False
49,70,4,OP_004,12,19,50,0,0,False,True,False
49,71,7,OP_007,11,9,12,0,0,False,False,False
49,72,12,OP_012,11,73,97,0,0,False,False,False
49,73,11,OP_011,72,74,43,0,0,False,False,False
49,74,10,OP_010,11,85,66,0,0,False,False,False
49,75,4,OP_004,13,20,77,0,0,False,True,False
49,76,7,OP_007,12,11,13,0,0,False,False,False
49,77,12,OP_012,12,78,63,0,0,False,False,False
49,78,11,OP_011,47,80,86,0,0,False,False,False
49,79,4,OP_004,13,20,42,0,0,False,True,False
49,80,7,OP_007,12,9,13,0,0,False,False,False
49,81,21,OP_021,13,10,85,0,0,False,False,False
49,82,26,OP_026,13,83,68,0,0,False,False,False
49,83,11,OP_011,66,84,63,0,0,False,False,False
49,84,46,OP_046,13,12,1,0,0,False,False,False
49,85,12,OP_012,13,127,4,0,0,False,False,False
49,86,28,OP_028,14,5,12,0,0,False,False,False
49,87,2,OP_002,14,0,0,0,0,False,False,False
49,88,2,OP_002,10,0,0,0,0,False,False,False
49,89,38,OP_038,13,2,2,0,0,False,False,False
49,90,21,OP_021,14,13,48,0,0,False,False,False
49,91,12,OP_012,14,92,32,0,0,False,False,False
49,92,11,OP_011,24,94,81,0,0,False,False,False
49,93,4,OP_004,15,21,87,0,0,False,True,False
49,94,7,OP_007,14,11,15,0,0,False,False,False
49,95,12,OP_012,14,96,98,0,0,False,False,False
49,96,11,OP_011,11,97,89,0,0,False,False,False
49,97,21,OP_021,14,35,24,0,0,False,False,False
49,98,12,OP_012,14,99,3,0,0,False,False,False
49,99,11,OP_011,8,100,21,0,0,False,False,False
49,100,4,OP_004,14,22,87,0,0,False,True,False
49,101,13,OP_013,16,6,99,0,0,False,False,False
49,102,222,OP_222,2,16,15,0,0,False,False,False
49,103,4,OP_004,17,27,71,0,0,False,True,False
49,104,5,OP_005,15,15,17,0,0,False,False,False
49,105,6,OP_006,"[15, 16]",None,None,None,3,False,False,False
49,106,8,OP_008,17,28,6,0,0,False,False,False
49,107,10,OP_010,18,7,57,0,0,False,False,False
49,108,3,OP_003,"[19, 20]","[21, 29]",None,None,2,False,False,False
49,109,1,OP_001,18,19,20,0,0,False,False,False
49,110,4,OP_004,19,30,74,0,0,False,True,False
49,111,10,OP_010,20,88,74,0,0,False,False,False
49,112,4,OP_004,21,31,87,0,0,False,True,False
49,113,1,OP_001,20,21,10,0,0,False,False,False
49,114,4,OP_004,21,21,41,0,0,False,True,False
49,115,1,OP_001,20,21,14,0,0,False,False,False
49,116,1,OP_001,18,19,20,0,0,False,False,False
49,117,2,OP_002,18,0,0,0,0,False,False,False
49,118,15,OP_015,15,4,1,0,0,False,False,False
49,119,4,OP_004,15,16,40,0,0,False,True,False
49,120,52,OP_052,3,3,15,0,0,False,False,False
49,121,19,OP_019,16,32,12,0,0,False,True,False
49,122,4,OP_004,17,33,34,0,0,False,True,False
49,123,7,OP_007,16,16,17,0,0,False,False,False
49,124,2,OP_002,16,0,0,0,0,False,False,False
49,125,2,OP_002,4,0,0,0,0,False,False,False
49,126,22,OP_022,15,2,1,0,0,False,False,False
49,127,11,OP_011,37,127,25,0,0,False,False,False
49,128,238,OP_238,5,66,8,0,0,False,False,False
49,129,11,OP_011,8,129,43,0,0,False,False,False
49,130,40,OP_040,32,56,2,0,0,False,False,False
49,131,13,OP_013,5,3,68,0,0,False,False,False
49,132,0,OP_000,7,4,43,0,0,False,True,False
49,133,5,OP_005,5,5,7,0,0,False,False,False
49,134,6,OP_006,"[5, 6]",None,None,None,3,False,False,False
49,135,3,OP_003,"[7, 9]","[34, 35]",None,None,2,False,False,False
49,136,42,OP_042,8,3,9,0,0,False,False,False
49,137,42,OP_042,7,7,8,0,0,False,False,False
49,138,2,OP_002,7,0,0,0,0,False,False,False
49,139,8,OP_008,8,36,1,0,0,False,False,False
49,140,15,OP_015,5,4,1,0,0,False,False,False
49,141,20,OP_020,1,88,62,0,0,False,False,False
50,1,17,OP_017,2,1,216,0,0,False,True,False
50,2,3,OP_003,"[4, 5]","[2, 3]",None,None,2,False,False,False
50,3,25,OP_025,2,3,2,5,0,False,False,False
50,4,18,OP_018,2,1,1,0,0,False,False,False
50,5,0,OP_000,3,8,43,0,0,False,True,False
50,6,5,OP_005,1,1,3,0,0,False,False,False
50,7,6,OP_006,"[1, 2]",None,None,None,3,False,False,False
50,8,8,OP_008,3,9,20,0,0,False,False,False
50,9,10,OP_010,4,85,73,0,0,False,False,False
50,10,3,OP_003,"[5, 6]","[10, 11]",None,None,2,False,False,False
50,11,272,OP_272,4,5,6,147,0,False,False,False
50,12,31,OP_031,5,12,95,82,0,False,True,False
50,13,32,OP_032,6,2,0,0,0,False,False,False
50,14,1,OP_001,4,5,6,0,0,False,False,False
50,15,2,OP_002,4,0,0,0,0,False,False,False
50,16,15,OP_015,1,4,1,0,0,False,False,False
50,17,20,OP_020,8,78,83,0,0,False,False,False
51,1,20,OP_020,51,79,13,0,0,False,False,False
52,1,21,OP_021,2,1,28,0,0,False,False,False
52,2,26,OP_026,2,3,8,0,0,False,False,False
52,3,11,OP_011,70,5,80,0,0,False,False,False
52,4,13,OP_013,3,1,54,0,0,False,False,False
52,5,18,OP_018,3,1,2,0,0,False,False,False
52,6,12,OP_012,2,88,75,0,0,False,False,False
52,7,13,OP_013,3,2,66,0,0,False,False,False
52,8,18,OP_018,3,2,2,0,0,False,False,False
52,9,12,OP_012,2,81,71,0,0,False,False,False
52,10,28,OP_028,2,3,68,0,0,False,False,False
52,11,26,OP_026,2,12,6,0,0,False,False,False
52,12,11,OP_011,92,17,64,0,0,False,False,False
52,13,28,OP_028,2,3,80,0,0,False,False,False
52,14,13,OP_013,5,2,11,0,0,False,False,False
52,15,18,OP_018,5,3,4,0,0,False,False,False
52,16,4,OP_004,5,4,15,0,0,False,True,False
52,17,25,OP_025,2,3,2,5,0,False,False,False
52,18,12,OP_012,2,34,96,0,0,False,False,False
52,19,28,OP_028,2,3,71,0,0,False,False,False
52,20,4,OP_004,4,4,37,0,0,False,True,False
52,21,5,OP_005,2,2,4,0,0,False,False,False
52,22,6,OP_006,"[2, 3]",None,None,None,3,False,False,False
52,23,13,OP_013,5,2,20,0,0,False,False,False
52,24,18,OP_018,5,4,4,0,0,False,False,False
52,25,2,OP_002,4,0,0,0,0,False,False,False
52,26,24,OP_024,2,3,2,0,0,False,False,False
52,27,66,OP_066,2,4,35,0,0,False,False,False
52,28,28,OP_028,2,4,88,0,0,False,False,False
52,29,4,OP_004,4,5,17,0,0,False,True,False
52,30,5,OP_005,2,2,4,0,0,False,False,False
52,31,2,OP_002,2,0,0,0,0,False,False,False
52,32,2,OP_002,3,0,0,0,0,False,False,False
52,33,22,OP_022,2,2,1,0,0,False,False,False
52,34,11,OP_011,93,81,16,0,0,False,False,False
52,35,13,OP_013,2,5,31,0,0,False,False,False
52,36,4,OP_004,3,6,92,0,0,False,True,False
52,37,7,OP_007,2,2,3,0,0,False,False,False
52,38,26,OP_026,2,39,35,0,0,False,False,False
52,39,11,OP_011,20,46,98,0,0,False,False,False
52,40,13,OP_013,2,5,95,0,0,False,False,False
52,41,4,OP_004,5,6,59,0,0,False,True,False
52,42,7,OP_007,2,2,5,0,0,False,False,False
52,43,13,OP_013,5,2,4,0,0,False,False,False
52,44,18,OP_018,5,5,4,0,0,False,False,False
52,45,4,OP_004,5,4,1,0,0,False,True,False
52,46,25,OP_025,2,3,2,5,0,False,False,False
52,47,12,OP_012,2,76,32,0,0,False,False,False
52,48,13,OP_013,2,5,62,0,0,False,False,False
52,49,4,OP_004,3,6,59,0,0,False,True,False
52,50,7,OP_007,2,2,3,0,0,False,False,False
52,51,4,OP_004,4,4,8,0,0,False,True,False
52,52,5,OP_005,2,2,4,0,0,False,False,False
52,53,6,OP_006,"[2, 3]",None,None,None,3,False,False,False
52,54,13,OP_013,5,2,55,0,0,False,False,False
52,55,18,OP_018,5,6,4,0,0,False,False,False
52,56,2,OP_002,4,0,0,0,0,False,False,False
52,57,24,OP_024,2,3,2,0,0,False,False,False
52,58,66,OP_066,2,4,9,0,0,False,False,False
52,59,28,OP_028,2,4,3,0,0,False,False,False
52,60,4,OP_004,3,7,8,0,0,False,True,False
52,61,28,OP_028,4,3,19,0,0,False,False,False
52,62,1,OP_001,2,3,4,0,0,False,False,False
52,63,19,OP_019,3,8,3,0,0,False,True,False
52,64,4,OP_004,4,9,45,0,0,False,True,False
52,65,7,OP_007,3,3,4,0,0,False,False,False
52,66,2,OP_002,3,0,0,0,0,False,False,False
52,67,8,OP_008,4,10,37,0,0,False,False,False
52,68,22,OP_022,2,2,1,0,0,False,False,False
52,69,28,OP_028,2,4,77,0,0,False,False,False
52,70,4,OP_004,4,5,53,0,0,False,True,False
52,71,5,OP_005,2,2,4,0,0,False,False,False
52,72,2,OP_002,2,0,0,0,0,False,False,False
52,73,2,OP_002,3,0,0,0,0,False,False,False
52,74,22,OP_022,2,2,1,0,0,False,False,False
52,75,4,OP_004,256,13,29,0,0,False,False,False
52,76,35,OP_035,256,0,89,0,0,False,False,False
52,77,19,OP_019,3,11,23,0,0,False,True,False
52,78,2,OP_002,3,0,0,0,0,False,False,False
52,79,8,OP_008,4,12,10,0,0,False,False,False
52,80,22,OP_022,2,2,1,0,0,False,False,False
52,81,11,OP_011,18,81,62,0,0,False,False,False
52,82,19,OP_019,3,8,10,0,0,False,True,False
52,83,4,OP_004,4,9,21,0,0,False,True,False
52,84,7,OP_007,3,3,4,0,0,False,False,False
52,85,2,OP_002,3,0,0,0,0,False,False,False
52,86,8,OP_008,4,10,52,0,0,False,False,False
52,87,22,OP_022,2,2,1,0,0,False,False,False
52,88,11,OP_011,27,0,82,0,0,False,False,False
52,89,20,OP_020,69,39,66,0,0,False,False,False
53,1,20,OP_020,72,43,23,0,0,False,False,False
54,1,10,OP_010,1,44,15,0,0,False,False,False
54,2,17,OP_017,2,1,216,0,0,False,True,False
54,3,43,OP_043,0,0,0,0,0,False,False,False
54,4,2,OP_002,2,0,0,0,0,False,False,False
54,5,17,OP_017,5,2,216,0,0,False,True,False
54,6,18,OP_018,5,1,3,0,0,False,False,False
54,7,0,OP_000,5,5,43,0,0,False,True,False
54,8,48,OP_048,3,2,0,5,0,False,False,False
54,9,44,OP_044,3,0,0,0,0,False,False,False
54,10,47,OP_047,32,0,4,0,0,False,False,False
54,11,41,OP_041,32,24,2,0,0,False,False,False
54,12,21,OP_021,2,36,48,0,0,False,False,False
54,13,3,OP_003,"[4, 5]","[6, 7]",None,None,2,False,False,False
54,14,25,OP_025,2,3,2,5,0,False,False,False
54,15,12,OP_012,2,24,27,0,0,False,False,False
54,16,19,OP_019,3,8,88,0,0,False,True,False
54,17,4,OP_004,4,9,86,0,0,False,True,False
54,18,7,OP_007,3,3,4,0,0,False,False,False
54,19,6,OP_006,"[3, 1]",None,None,None,3,False,False,False
54,20,4,OP_004,6,10,59,0,0,False,True,False
54,21,7,OP_007,5,36,6,0,0,False,False,False
54,22,2,OP_002,5,0,0,0,0,False,False,False
54,23,23,OP_023,2,3,1,0,0,False,False,False
54,24,11,OP_011,19,24,12,0,0,False,False,False
54,25,40,OP_040,32,11,2,0,0,False,False,False
54,26,17,OP_017,3,8,216,0,0,False,True,False
54,27,0,OP_000,4,11,43,0,0,False,True,False
54,28,7,OP_007,3,3,4,0,0,False,False,False
54,29,2,OP_002,3,0,0,0,0,False,False,False
54,30,2,OP_002,1,0,0,0,0,False,False,False
54,31,22,OP_022,2,2,1,0,0,False,False,False
54,32,13,OP_013,2,1,99,0,0,False,False,False
54,33,0,OP_000,3,12,43,0,0,False,True,False
54,34,7,OP_007,2,2,3,0,0,False,False,False
54,35,0,OP_000,4,13,43,0,0,False,True,False
54,36,5,OP_005,2,2,4,0,0,False,False,False
54,37,2,OP_002,2,0,0,0,0,False,False,False
54,38,6,OP_006,"[3, 1]",None,None,None,3,False,False,False
54,39,23,OP_023,2,3,1,0,0,False,False,False
54,40,13,OP_013,2,2,12,0,0,False,False,False
54,41,0,OP_000,4,14,43,0,0,False,True,False
54,42,5,OP_005,2,2,4,0,0,False,False,False
54,43,6,OP_006,"[2, 3]",None,None,None,3,False,False,False
54,44,273,OP_273,4,15,89,196,0,False,True,False
54,45,31,OP_031,5,1,18,157,0,False,False,False
54,46,31,OP_031,6,16,55,267,0,False,True,False
54,47,42,OP_042,5,5,6,0,0,False,False,False
54,48,42,OP_042,4,4,5,0,0,False,False,False
54,49,2,OP_002,4,0,0,0,0,False,False,False
54,50,23,OP_023,2,3,1,0,0,False,False,False
54,51,20,OP_020,36,38,51,0,0,False,False,False
55,1,13,OP_013,2,1,68,0,0,False,False,False
55,2,18,OP_018,2,1,1,0,0,False,False,False
55,3,12,OP_012,1,36,12,0,0,False,False,False
55,4,17,OP_017,2,3,216,0,0,False,True,False
55,5,18,OP_018,2,2,1,0,0,False,False,False
55,6,0,OP_000,3,6,43,0,0,False,True,False
55,7,5,OP_005,1,1,3,0,0,False,False,False
55,8,6,OP_006,"[1, 2]",None,None,None,3,False,False,False
55,9,13,OP_013,4,1,42,0,0,False,False,False
55,10,18,OP_018,4,3,3,0,0,False,False,False
55,11,2,OP_002,3,0,0,0,0,False,False,False
55,12,24,OP_024,1,3,2,0,0,False,False,False
55,13,17,OP_017,2,2,251,0,0,False,False,False
55,14,16,OP_016,256,2,0,0,0,False,False,False
55,15,295,OP_295,3,-23,0,256,0,False,False,False
55,16,4,OP_004,3,7,68,0,0,False,True,False
55,17,17,OP_017,5,7,216,0,0,False,True,False
55,18,0,OP_000,6,8,43,0,0,False,True,False
55,19,7,OP_007,5,5,6,0,0,False,False,False
55,20,2,OP_002,5,0,0,0,0,False,False,False
55,21,9,OP_009,6,1,19,0,0,False,False,False
55,22,0,OP_000,8,9,43,0,0,False,True,False
55,23,74,OP_074,6,2,2,8,0,False,False,False
55,24,0,OP_000,7,10,43,0,0,False,True,False
55,25,7,OP_007,6,6,7,0,0,False,False,False
55,26,17,OP_017,8,11,216,0,0,False,True,False
55,27,0,OP_000,9,8,43,0,0,False,True,False
55,28,7,OP_007,8,8,9,0,0,False,False,False
55,29,2,OP_002,8,0,0,0,0,False,False,False
55,30,33,OP_033,"[9, 10, 11]","[12, 13, 12]",None,None,2,False,False,False
55,31,34,OP_034,7,4,2,0,0,False,False,False
55,32,52,OP_052,6,6,7,0,0,False,False,False
55,33,2,OP_002,6,0,0,0,0,False,False,False
55,34,38,OP_038,4,2,2,0,0,False,False,False
55,35,1,OP_001,2,3,4,0,0,False,False,False
55,36,11,OP_011,56,42,79,0,0,False,False,False
55,37,13,OP_013,1,3,66,0,0,False,False,False
55,38,0,OP_000,3,14,43,0,0,False,True,False
55,39,5,OP_005,1,1,3,0,0,False,False,False
55,40,6,OP_006,"[1, 2]",None,None,None,3,False,False,False
55,41,8,OP_008,3,15,53,0,0,False,False,False
55,42,23,OP_023,1,3,1,0,0,False,False,False
55,43,20,OP_020,88,13,33,0,0,False,False,False
56,1,39,OP_039,1,1,220,0,0,False,False,False
56,2,17,OP_017,2,1,251,0,0,False,False,False
56,3,39,OP_039,2,2,63,0,0,False,False,False
56,4,12,OP_012,2,25,98,0,0,False,False,False
56,5,10,OP_010,2,54,96,0,0,False,False,False
56,6,16,OP_016,256,2,0,0,0,False,False,False
56,7,294,OP_294,2,-19,0,256,0,False,False,False
56,8,66,OP_066,2,2,96,0,0,False,False,False
56,9,17,OP_017,3,1,216,0,0,False,True,False
56,10,3,OP_003,"[5, 6]","[2, 3]",None,None,2,False,False,False
56,11,25,OP_025,3,3,2,6,0,False,False,False
56,12,18,OP_018,3,1,2,0,0,False,False,False
56,13,0,OP_000,3,10,43,0,0,False,True,False
56,14,46,OP_046,2,2,3,0,0,False,False,False
56,15,12,OP_012,2,25,99,0,0,False,False,False
56,16,17,OP_017,2,1,216,0,0,False,True,False
56,17,3,OP_003,"[4, 5]","[2, 3]",None,None,2,False,False,False
56,18,25,OP_025,2,3,2,5,0,False,False,False
56,19,16,OP_016,257,2,0,0,0,False,False,False
56,20,307,OP_307,3,24,0,257,0,False,False,False
56,21,4,OP_004,3,11,48,0,0,False,True,False
56,22,37,OP_037,2,2,3,0,0,False,False,False
56,23,11,OP_011,85,25,28,0,0,False,False,False
56,24,4,OP_004,258,39,31,0,0,False,False,False
56,25,35,OP_035,258,0,34,0,0,False,False,False
56,26,28,OP_028,2,1,95,0,0,False,False,False
56,27,12,OP_012,2,213,66,0,0,False,False,False
56,28,19,OP_019,3,1,94,0,0,False,True,False
56,29,3,OP_003,"[5, 6]","[2, 3]",None,None,2,False,False,False
56,30,25,OP_025,3,3,2,6,0,False,False,False
56,31,18,OP_018,3,3,2,0,0,False,False,False
56,32,19,OP_019,4,1,32,0,0,False,True,False
56,33,3,OP_003,"[6, 7]","[2, 3]",None,None,2,False,False,False
56,34,25,OP_025,4,3,2,7,0,False,False,False
56,35,18,OP_018,4,4,3,0,0,False,False,False
56,36,19,OP_019,5,1,91,0,0,False,True,False
56,37,3,OP_003,"[7, 8]","[2, 3]",None,None,2,False,False,False
56,38,25,OP_025,5,3,2,8,0,False,False,False
56,39,18,OP_018,5,5,4,0,0,False,False,False
56,40,4,OP_004,5,11,28,0,0,False,True,False
56,41,46,OP_046,4,4,5,0,0,False,False,False
56,42,12,OP_012,4,48,54,0,0,False,False,False
56,43,19,OP_019,4,1,41,0,0,False,True,False
56,44,3,OP_003,"[6, 7]","[2, 3]",None,None,2,False,False,False
56,45,25,OP_025,4,3,2,7,0,False,False,False
56,46,4,OP_004,5,10,2,0,0,False,True,False
56,47,37,OP_037,4,6,5,0,0,False,False,False
56,48,11,OP_011,86,48,96,0,0,False,False,False
56,49,19,OP_019,4,1,62,0,0,False,True,False
56,50,3,OP_003,"[6, 7]","[2, 3]",None,None,2,False,False,False
56,51,25,OP_025,4,3,2,7,0,False,False,False
56,52,4,OP_004,5,9,64,0,0,False,True,False
56,53,7,OP_007,4,4,5,0,0,False,False,False
56,54,4,OP_004,6,16,19,0,0,False,True,False
56,55,5,OP_005,4,4,6,0,0,False,False,False
56,56,6,OP_006,"[4, 5]",None,None,None,3,False,False,False
56,57,8,OP_008,6,17,45,0,0,False,False,False
56,58,24,OP_024,4,3,2,0,0,False,False,False
56,59,19,OP_019,6,1,85,0,0,False,True,False
56,60,3,OP_003,"[8, 9]","[18, 3]",None,None,2,False,False,False
56,61,25,OP_025,6,3,2,9,0,False,False,False
56,62,18,OP_018,6,7,5,0,0,False,False,False
56,63,4,OP_004,6,11,22,0,0,False,True,False
56,64,19,OP_019,7,23,12,0,0,False,True,False
56,65,43,OP_043,0,0,0,0,0,False,False,False
56,66,2,OP_002,7,0,0,0,0,False,False,False
56,67,21,OP_021,8,2,42,0,0,False,False,False
56,68,4,OP_004,10,24,2,0,0,False,True,False
56,69,48,OP_048,8,2,0,10,0,False,False,False
56,70,44,OP_044,8,0,0,0,0,False,False,False
56,71,47,OP_047,32,0,4,0,0,False,False,False
56,72,41,OP_041,32,80,2,0,0,False,False,False
56,73,4,OP_004,8,25,19,0,0,False,True,False
56,74,7,OP_007,7,36,8,0,0,False,False,False
56,75,4,OP_004,8,26,41,0,0,False,True,False
56,76,53,OP_053,7,7,8,0,0,False,False,False
56,77,12,OP_012,7,80,66,0,0,False,False,False
56,78,4,OP_004,6,10,28,0,0,False,True,False
56,79,11,OP_011,7,81,52,0,0,False,False,False
56,80,11,OP_011,18,80,60,0,0,False,False,False
56,81,40,OP_040,32,72,2,0,0,False,False,False
56,82,21,OP_021,7,6,86,0,0,False,False,False
56,83,12,OP_012,7,130,15,0,0,False,False,False
56,84,19,OP_019,7,23,68,0,0,False,True,False
56,85,43,OP_043,0,0,0,0,0,False,False,False
56,86,2,OP_002,7,0,0,0,0,False,False,False
56,87,21,OP_021,8,2,89,0,0,False,False,False
56,88,4,OP_004,10,24,10,0,0,False,True,False
56,89,48,OP_048,8,2,0,10,0,False,False,False
56,90,44,OP_044,8,0,0,0,0,False,False,False
56,91,47,OP_047,32,0,4,0,0,False,False,False
56,92,41,OP_041,32,122,2,0,0,False,False,False
56,93,4,OP_004,8,25,3,0,0,False,True,False
56,94,7,OP_007,7,36,8,0,0,False,False,False
56,95,4,OP_004,8,26,79,0,0,False,True,False
56,96,53,OP_053,7,7,8,0,0,False,False,False
56,97,26,OP_026,7,98,57,0,0,False,False,False
56,98,11,OP_011,25,99,92,0,0,False,False,False
56,99,21,OP_021,7,4,32,0,0,False,False,False
56,100,12,OP_012,7,122,98,0,0,False,False,False
56,101,21,OP_021,7,4,21,0,0,False,False,False
56,102,4,OP_004,9,27,8,0,0,False,True,False
56,103,5,OP_005,7,7,9,0,0,False,False,False
56,104,6,OP_006,"[7, 8]",None,None,None,3,False,False,False
56,105,10,OP_010,9,23,41,0,0,False,False,False
56,106,4,OP_004,10,28,95,0,0,False,True,False
56,107,19,OP_019,12,29,93,0,0,False,True,False
56,108,2,OP_002,12,0,0,0,0,False,False,False
56,109,4,OP_004,14,25,90,0,0,False,True,False
56,110,7,OP_007,13,36,14,0,0,False,False,False
56,111,2,OP_002,13,0,0,0,0,False,False,False
56,112,82,OP_082,11,2,0,0,0,False,False,False
56,113,163,OP_163,9,67,0,0,0,False,False,False
56,114,2,OP_002,9,0,0,0,0,False,False,False
56,115,23,OP_023,7,3,1,0,0,False,False,False
56,116,19,OP_019,8,30,61,0,0,False,True,False
56,117,4,OP_004,9,31,60,0,0,False,True,False
56,118,7,OP_007,8,8,9,0,0,False,False,False
56,119,2,OP_002,8,0,0,0,0,False,False,False
56,120,8,OP_008,9,32,84,0,0,False,False,False
56,121,22,OP_022,7,2,1,0,0,False,False,False
56,122,11,OP_011,70,122,89,0,0,False,False,False
56,123,40,OP_040,32,92,2,0,0,False,False,False
56,124,19,OP_019,8,30,88,0,0,False,True,False
56,125,4,OP_004,9,31,17,0,0,False,True,False
56,126,7,OP_007,8,8,9,0,0,False,False,False
56,127,2,OP_002,8,0,0,0,0,False,False,False
56,128,8,OP_008,9,33,71,0,0,False,False,False
56,129,22,OP_022,7,2,1,0,0,False,False,False
56,130,11,OP_011,60,206,44,0,0,False,False,False
56,131,4,OP_004,7,10,31,0,0,False,True,False
56,132,19,OP_019,8,23,17,0,0,False,True,False
56,133,43,OP_043,0,0,0,0,0,False,False,False
56,134,2,OP_002,8,0,0,0,0,False,False,False
56,135,21,OP_021,9,2,57,0,0,False,False,False
56,136,4,OP_004,11,24,12,0,0,False,True,False
56,137,48,OP_048,9,2,0,11,0,False,False,False
56,138,44,OP_044,9,0,0,0,0,False,False,False
56,139,47,OP_047,32,0,4,0,0,False,False,False
56,140,41,OP_041,32,149,2,0,0,False,False,False
56,141,4,OP_004,9,25,93,0,0,False,True,False
56,142,7,OP_007,8,36,9,0,0,False,False,False
56,143,4,OP_004,9,26,99,0,0,False,True,False
56,144,53,OP_053,8,8,9,0,0,False,False,False
56,145,12,OP_012,8,149,96,0,0,False,False,False
56,146,4,OP_004,7,11,26,0,0,False,True,False
56,147,11,OP_011,1,150,75,0,0,False,False,False
56,148,4,OP_004,259,40,54,0,0,False,False,False
56,149,35,OP_035,259,0,19,0,0,False,False,False
56,150,40,OP_040,32,140,2,0,0,False,False,False
56,151,21,OP_021,8,7,74,0,0,False,False,False
56,152,12,OP_012,8,206,38,0,0,False,False,False
56,153,19,OP_019,8,23,4,0,0,False,True,False
56,154,43,OP_043,0,0,0,0,0,False,False,False
56,155,2,OP_002,8,0,0,0,0,False,False,False
56,156,21,OP_021,9,3,5,0,0,False,False,False
56,157,4,OP_004,11,24,47,0,0,False,True,False
56,158,48,OP_048,9,2,0,11,0,False,False,False
56,159,44,OP_044,9,0,0,0,0,False,False,False
56,160,47,OP_047,32,0,4,0,0,False,False,False
56,161,41,OP_041,32,204,2,0,0,False,False,False
56,162,4,OP_004,9,25,88,0,0,False,True,False
56,163,7,OP_007,8,36,9,0,0,False,False,False
56,164,4,OP_004,9,26,52,0,0,False,True,False
56,165,53,OP_053,8,8,9,0,0,False,False,False
56,166,12,OP_012,8,204,36,0,0,False,False,False
56,167,4,OP_004,9,25,54,0,0,False,True,False
56,168,7,OP_007,8,36,9,0,0,False,False,False
56,169,28,OP_028,9,2,26,0,0,False,False,False
56,170,7,OP_007,9,9,8,0,0,False,False,False
56,171,51,OP_051,9,9,70,0,0,False,False,False
56,172,12,OP_012,9,204,92,0,0,False,False,False
56,173,21,OP_021,9,8,53,0,0,False,False,False
56,174,26,OP_026,9,175,28,0,0,False,False,False
56,175,11,OP_011,23,176,33,0,0,False,False,False
56,176,21,OP_021,9,5,70,0,0,False,False,False
56,177,12,OP_012,9,204,92,0,0,False,False,False
56,178,19,OP_019,11,34,42,0,0,False,True,False
56,179,2,OP_002,11,0,0,0,0,False,False,False
56,180,14,OP_014,12,1,0,0,0,False,False,False
56,181,2,OP_002,12,0,0,0,0,False,False,False
56,182,77,OP_077,9,2,3,0,0,False,False,False
56,183,21,OP_021,11,9,17,0,0,False,False,False
56,184,12,OP_012,11,204,80,0,0,False,False,False
56,185,28,OP_028,11,2,29,0,0,False,False,False
56,186,4,OP_004,12,10,7,0,0,False,True,False
56,187,1,OP_001,11,8,12,0,0,False,False,False
56,188,19,OP_019,12,35,42,0,0,False,True,False
56,189,2,OP_002,12,0,0,0,0,False,False,False
56,190,8,OP_008,13,36,38,0,0,False,False,False
56,191,2,OP_002,8,0,0,0,0,False,False,False
56,192,23,OP_023,11,3,1,0,0,False,False,False
56,193,19,OP_019,12,30,27,0,0,False,True,False
56,194,4,OP_004,13,31,12,0,0,False,True,False
56,195,7,OP_007,12,12,13,0,0,False,False,False
56,196,2,OP_002,12,0,0,0,0,False,False,False
56,197,8,OP_008,13,37,91,0,0,False,False,False
56,198,22,OP_022,11,2,1,0,0,False,False,False
56,199,11,OP_011,74,206,56,0,0,False,False,False
56,200,4,OP_004,260,41,91,0,0,False,False,False
56,201,35,OP_035,260,0,33,0,0,False,False,False
56,202,11,OP_011,79,204,69,0,0,False,False,False
56,203,11,OP_011,79,204,57,0,0,False,False,False
56,204,11,OP_011,10,204,40,0,0,False,False,False
56,205,40,OP_040,32,161,2,0,0,False,False,False
56,206,11,OP_011,88,206,42,0,0,False,False,False
56,207,19,OP_019,8,30,60,0,0,False,True,False
56,208,4,OP_004,9,31,60,0,0,False,True,False
56,209,7,OP_007,8,8,9,0,0,False,False,False
56,210,2,OP_002,8,0,0,0,0,False,False,False
56,211,8,OP_008,9,38,40,0,0,False,False,False
56,212,22,OP_022,7,2,1,0,0,False,False,False
56,213,11,OP_011,87,25,68,0,0,False,False,False
56,214,20,OP_020,49,82,52,0,0,False,False,False
57,1,13,OP_013,1,1,81,0,0,False,False,False
57,2,16,OP_016,256,2,0,0,0,False,False,False
57,3,189,OP_189,3,12,15,256,0,False,False,False
57,4,4,OP_004,3,1,81,0,0,False,True,False
57,5,5,OP_005,1,1,3,0,0,False,False,False
57,6,6,OP_006,"[1, 2]",None,None,None,3,False,False,False
57,7,8,OP_008,3,2,64,0,0,False,False,False
57,8,10,OP_010,4,93,77,0,0,False,False,False
57,9,13,OP_013,5,2,99,0,0,False,False,False
57,10,0,OP_000,6,3,43,0,0,False,True,False
57,11,70,OP_070,4,2,0,0,0,False,False,False
57,12,2,OP_002,4,0,0,0,0,False,False,False
57,13,72,OP_072,1,4,0,0,0,False,False,False
57,14,73,OP_073,1,33,4,0,0,False,False,False
57,15,20,OP_020,25,37,72,0,0,False,False,False
58,1,39,OP_039,1,1,220,0,0,False,False,False
58,2,28,OP_028,2,1,36,0,0,False,False,False
58,3,12,OP_012,2,20,46,0,0,False,False,False
58,4,19,OP_019,3,1,41,0,0,False,True,False
58,5,3,OP_003,"[5, 6]","[2, 3]",None,None,2,False,False,False
58,6,25,OP_025,3,3,2,6,0,False,False,False
58,7,18,OP_018,3,1,2,0,0,False,False,False
58,8,4,OP_004,4,8,31,0,0,False,True,False
58,9,5,OP_005,2,2,4,0,0,False,False,False
58,10,6,OP_006,"[2, 3]",None,None,None,3,False,False,False
58,11,8,OP_008,4,9,97,0,0,False,False,False
58,12,23,OP_023,2,3,1,0,0,False,False,False
58,13,19,OP_019,3,10,10,0,0,False,True,False
58,14,4,OP_004,4,11,72,0,0,False,True,False
58,15,7,OP_007,3,3,4,0,0,False,False,False
58,16,2,OP_002,3,0,0,0,0,False,False,False
58,17,8,OP_008,4,12,34,0,0,False,False,False
58,18,22,OP_022,2,2,1,0,0,False,False,False
58,19,4,OP_004,256,13,27,0,0,False,False,False
58,20,35,OP_035,256,0,93,0,0,False,False,False
58,21,20,OP_020,59,39,25,0,0,False,False,False
59,1,39,OP_039,1,1,220,0,0,False,False,False
59,2,28,OP_028,2,1,25,0,0,False,False,False
59,3,12,OP_012,2,19,55,0,0,False,False,False
59,4,19,OP_019,3,1,34,0,0,False,True,False
59,5,3,OP_003,"[5, 6]","[2, 3]",None,None,2,False,False,False
59,6,25,OP_025,3,3,2,6,0,False,False,False
59,7,18,OP_018,3,1,2,0,0,False,False,False
59,8,4,OP_004,4,8,35,0,0,False,True,False
59,9,5,OP_005,2,2,4,0,0,False,False,False
59,10,6,OP_006,"[2, 3]",None,None,None,3,False,False,False
59,11,8,OP_008,4,9,70,0,0,False,False,False
59,12,23,OP_023,2,3,1,0,0,False,False,False
59,13,19,OP_019,3,10,81,0,0,False,True,False
59,14,4,OP_004,4,11,63,0,0,False,True,False
59,15,7,OP_007,3,3,4,0,0,False,False,False
59,16,2,OP_002,3,0,0,0,0,False,False,False
59,17,8,OP_008,4,12,7,0,0,False,False,False
59,18,22,OP_022,2,2,1,0,0,False,False,False
59,19,11,OP_011,22,1,55,0,0,False,False,False
59,20,20,OP_020,89,93,44,0,0,False,False,False
60,1,39,OP_039,1,1,220,0,0,False,False,False
60,2,28,OP_028,2,1,83,0,0,False,False,False
60,3,12,OP_012,2,45,77,0,0,False,False,False
60,4,4,OP_004,2,1,62,0,0,False,True,False
60,5,19,OP_019,3,2,45,0,0,False,True,False
60,6,43,OP_043,0,0,0,0,0,False,False,False
60,7,2,OP_002,3,0,0,0,0,False,False,False
60,8,28,OP_028,4,2,79,0,0,False,False,False
60,9,4,OP_004,6,3,7,0,0,False,True,False
60,10,48,OP_048,4,2,0,6,0,False,False,False
60,11,44,OP_044,4,0,0,0,0,False,False,False
60,12,47,OP_047,32,0,4,0,0,False,False,False
60,13,41,OP_041,32,22,2,0,0,False,False,False
60,14,4,OP_004,4,4,68,0,0,False,True,False
60,15,7,OP_007,3,36,4,0,0,False,False,False
60,16,4,OP_004,4,5,86,0,0,False,True,False
60,17,46,OP_046,3,3,4,0,0,False,False,False
60,18,12,OP_012,3,22,92,0,0,False,False,False
60,19,4,OP_004,2,6,2,0,0,False,True,False
60,20,11,OP_011,61,23,34,0,0,False,False,False
60,21,4,OP_004,256,20,87,0,0,False,False,False
60,22,35,OP_035,256,0,62,0,0,False,False,False
60,23,40,OP_040,32,13,2,0,0,False,False,False
60,24,51,OP_051,3,2,54,0,0,False,False,False
60,25,12,OP_012,3,38,45,0,0,False,False,False
60,26,19,OP_019,4,7,11,0,0,False,True,False
60,27,3,OP_003,"[6, 7]","[8, 9]",None,None,2,False,False,False
60,28,25,OP_025,4,3,2,7,0,False,False,False
60,29,18,OP_018,4,1,3,0,0,False,False,False
60,30,21,OP_021,4,3,24,0,0,False,False,False
60,31,4,OP_004,6,14,3,0,0,False,True,False
60,32,5,OP_005,4,4,6,0,0,False,False,False
60,33,6,OP_006,"[4, 5]",None,None,None,3,False,False,False
60,34,8,OP_008,6,15,70,0,0,False,False,False
60,35,32,OP_032,7,2,0,0,0,False,False,False
60,36,2,OP_002,7,0,0,0,0,False,False,False
60,37,223,OP_223,4,4,1,0,0,False,False,False
60,38,11,OP_011,35,38,38,0,0,False,False,False
60,39,19,OP_019,4,17,83,0,0,False,True,False
60,40,4,OP_004,5,18,67,0,0,False,True,False
60,41,7,OP_007,4,4,5,0,0,False,False,False
60,42,2,OP_002,4,0,0,0,0,False,False,False
60,43,8,OP_008,5,19,94,0,0,False,False,False
60,44,22,OP_022,3,2,1,0,0,False,False,False
60,45,11,OP_011,37,1,53,0,0,False,False,False
60,46,20,OP_020,47,70,61,0,0,False,False,False
61,1,39,OP_039,1,1,220,0,0,False,False,False
61,2,17,OP_017,2,1,251,0,0,False,False,False
61,3,12,OP_012,2,21,27,0,0,False,False,False
61,4,17,OP_017,3,1,216,0,0,False,True,False
61,5,3,OP_003,"[5, 6]","[2, 3]",None,None,2,False,False,False
61,6,25,OP_025,3,3,2,6,0,False,False,False
61,7,18,OP_018,3,1,2,0,0,False,False,False
61,8,0,OP_000,4,8,43,0,0,False,True,False
61,9,5,OP_005,2,2,4,0,0,False,False,False
61,10,6,OP_006,"[2, 3]",None,None,None,3,False,False,False
61,11,8,OP_008,4,9,28,0,0,False,False,False
61,12,10,OP_010,5,1,32,0,0,False,False,False
61,13,3,OP_003,"[6, 7]","[10, 11]",None,None,2,False,False,False
61,14,1,OP_001,5,6,7,0,0,False,False,False
61,15,0,OP_000,6,12,43,0,0,False,True,False
61,16,32,OP_032,7,2,0,0,0,False,False,False
61,17,1,OP_001,5,6,7,0,0,False,False,False
61,18,2,OP_002,5,0,0,0,0,False,False,False
61,19,15,OP_015,2,4,1,0,0,False,False,False
61,20,4,OP_004,257,23,43,0,0,False,False,False
61,21,35,OP_035,257,0,28,0,0,False,False,False
61,22,28,OP_028,2,1,80,0,0,False,False,False
61,23,12,OP_012,2,41,21,0,0,False,False,False
61,24,19,OP_019,3,1,41,0,0,False,True,False
61,25,3,OP_003,"[5, 6]","[2, 3]",None,None,2,False,False,False
61,26,25,OP_025,3,3,2,6,0,False,False,False
61,27,18,OP_018,3,3,2,0,0,False,False,False
61,28,4,OP_004,4,8,83,0,0,False,True,False
61,29,5,OP_005,2,2,4,0,0,False,False,False
61,30,6,OP_006,"[2, 3]",None,None,None,3,False,False,False
61,31,8,OP_008,4,9,90,0,0,False,False,False
61,32,32,OP_032,5,4,0,0,0,False,False,False
61,33,2,OP_002,5,0,0,0,0,False,False,False
61,34,15,OP_015,2,4,1,0,0,False,False,False
61,35,19,OP_019,3,19,57,0,0,False,True,False
61,36,4,OP_004,4,20,79,0,0,False,True,False
61,37,7,OP_007,3,3,4,0,0,False,False,False
61,38,2,OP_002,3,0,0,0,0,False,False,False
61,39,8,OP_008,4,21,71,0,0,False,False,False
61,40,22,OP_022,2,2,1,0,0,False,False,False
61,41,11,OP_011,73,21,25,0,0,False,False,False
61,42,17,OP_017,2,1,251,0,0,False,False,False
61,43,16,OP_016,256,2,0,0,0,False,False,False
61,44,293,OP_293,2,33,-39,256,0,False,False,False
61,45,51,OP_051,2,2,5,0,0,False,False,False
61,46,12,OP_012,2,63,44,0,0,False,False,False
61,47,17,OP_017,3,1,216,0,0,False,True,False
61,48,3,OP_003,"[5, 6]","[2, 3]",None,None,2,False,False,False
61,49,25,OP_025,3,3,2,6,0,False,False,False
61,50,18,OP_018,3,5,2,0,0,False,False,False
61,51,0,OP_000,4,8,43,0,0,False,True,False
61,52,5,OP_005,2,2,4,0,0,False,False,False
61,53,6,OP_006,"[2, 3]",None,None,None,3,False,False,False
61,54,8,OP_008,4,9,21,0,0,False,False,False
61,55,10,OP_010,5,36,43,0,0,False,False,False
61,56,3,OP_003,"[6, 7]","[10, 11]",None,None,2,False,False,False
61,57,1,OP_001,5,6,7,0,0,False,False,False
61,58,0,OP_000,6,12,43,0,0,False,True,False
61,59,32,OP_032,7,6,0,0,0,False,False,False
61,60,1,OP_001,5,6,7,0,0,False,False,False
61,61,2,OP_002,5,0,0,0,0,False,False,False
61,62,15,OP_015,2,4,1,0,0,False,False,False
61,63,11,OP_011,9,63,51,0,0,False,False,False
61,64,20,OP_020,92,21,93,0,0,False,False,False
62,1,39,OP_039,1,1,220,0,0,False,False,False
62,2,28,OP_028,2,1,27,0,0,False,False,False
62,3,12,OP_012,2,56,14,0,0,False,False,False
62,4,19,OP_019,2,1,13,0,0,False,True,False
62,5,43,OP_043,0,0,0,0,0,False,False,False
62,6,2,OP_002,2,0,0,0,0,False,False,False
62,7,19,OP_019,5,2,73,0,0,False,True,False
62,8,18,OP_018,5,1,3,0,0,False,False,False
62,9,4,OP_004,5,5,26,0,0,False,True,False
62,10,48,OP_048,3,2,0,5,0,False,False,False
62,11,44,OP_044,3,0,0,0,0,False,False,False
62,12,47,OP_047,32,0,4,0,0,False,False,False
62,13,41,OP_041,32,47,2,0,0,False,False,False
62,14,21,OP_021,2,36,96,0,0,False,False,False
62,15,3,OP_003,"[4, 5]","[6, 7]",None,None,2,False,False,False
62,16,25,OP_025,2,3,2,5,0,False,False,False
62,17,26,OP_026,2,18,68,0,0,False,False,False
62,18,11,OP_011,59,28,3,0,0,False,False,False
62,19,28,OP_028,2,2,1,0,0,False,False,False
62,20,4,OP_004,3,8,66,0,0,False,True,False
62,21,7,OP_007,2,2,3,0,0,False,False,False
62,22,21,OP_021,4,36,2,0,0,False,False,False
62,23,18,OP_018,4,2,3,0,0,False,False,False
62,24,54,OP_054,2,2,3,0,0,False,False,False
62,25,4,OP_004,3,10,6,0,0,False,True,False
62,26,7,OP_007,2,2,3,0,0,False,False,False
62,27,4,OP_004,3,11,12,0,0,False,True,False
62,28,56,OP_056,2,2,3,0,0,False,False,False
62,29,12,OP_012,2,47,2,0,0,False,False,False
62,30,28,OP_028,2,3,56,0,0,False,False,False
62,31,3,OP_003,"[4, 5]","[12, 7]",None,None,2,False,False,False
62,32,25,OP_025,2,3,2,5,0,False,False,False
62,33,51,OP_051,2,2,53,0,0,False,False,False
62,34,12,OP_012,2,47,22,0,0,False,False,False
62,35,19,OP_019,3,13,7,0,0,False,True,False
62,36,3,OP_003,"[5, 6]","[14, 15]",None,None,2,False,False,False
62,37,25,OP_025,3,3,2,6,0,False,False,False
62,38,18,OP_018,3,3,2,0,0,False,False,False
62,39,4,OP_004,4,20,62,0,0,False,True,False
62,40,5,OP_005,2,2,4,0,0,False,False,False
62,41,6,OP_006,"[2, 3]",None,None,None,3,False,False,False
62,42,8,OP_008,4,21,84,0,0,False,False,False
62,43,32,OP_032,5,4,0,0,0,False,False,False
62,44,2,OP_002,5,0,0,0,0,False,False,False
62,45,15,OP_015,2,4,1,0,0,False,False,False
62,46,11,OP_011,31,47,90,0,0,False,False,False
62,47,11,OP_011,20,47,48,0,0,False,False,False
62,48,40,OP_040,32,13,2,0,0,False,False,False
62,49,19,OP_019,3,24,73,0,0,False,True,False
62,50,4,OP_004,4,25,79,0,0,False,True,False
62,51,7,OP_007,3,3,4,0,0,False,False,False
62,52,2,OP_002,3,0,0,0,0,False,False,False
62,53,8,OP_008,4,26,87,0,0,False,False,False
62,54,22,OP_022,2,2,1,0,0,False,False,False
62,55,4,OP_004,256,27,28,0,0,False,False,False
62,56,35,OP_035,256,0,49,0,0,False,False,False
62,57,20,OP_020,14,29,92,0,0,False,False,False
63,1,39,OP_039,1,1,220,0,0,False,False,False
63,2,28,OP_028,2,2,44,0,0,False,False,False
63,3,12,OP_012,2,55,12,0,0,False,False,False
63,4,19,OP_019,2,1,6,0,0,False,True,False
63,5,43,OP_043,0,0,0,0,0,False,False,False
63,6,2,OP_002,2,0,0,0,0,False,False,False
63,7,19,OP_019,5,2,47,0,0,False,True,False
63,8,18,OP_018,5,1,3,0,0,False,False,False
63,9,4,OP_004,5,5,9,0,0,False,True,False
63,10,48,OP_048,3,2,0,5,0,False,False,False
63,11,44,OP_044,3,0,0,0,0,False,False,False
63,12,47,OP_047,32,0,4,0,0,False,False,False
63,13,41,OP_041,32,47,2,0,0,False,False,False
63,14,21,OP_021,2,36,22,0,0,False,False,False
63,15,3,OP_003,"[4, 5]","[6, 7]",None,None,2,False,False,False
63,16,25,OP_025,2,3,2,5,0,False,False,False
63,17,26,OP_026,2,18,48,0,0,False,False,False
63,18,11,OP_011,13,28,4,0,0,False,False,False
63,19,28,OP_028,2,3,18,0,0,False,False,False
63,20,4,OP_004,3,8,25,0,0,False,True,False
63,21,7,OP_007,2,2,3,0,0,False,False,False
63,22,21,OP_021,4,36,16,0,0,False,False,False
63,23,18,OP_018,4,2,3,0,0,False,False,False
63,24,54,OP_054,2,2,3,0,0,False,False,False
63,25,4,OP_004,3,10,55,0,0,False,True,False
63,26,7,OP_007,2,2,3,0,0,False,False,False
63,27,4,OP_004,3,11,99,0,0,False,True,False
63,28,56,OP_056,2,2,3,0,0,False,False,False
63,29,12,OP_012,2,47,96,0,0,False,False,False
63,30,28,OP_028,2,4,40,0,0,False,False,False
63,31,3,OP_003,"[4, 5]","[12, 7]",None,None,2,False,False,False
63,32,25,OP_025,2,3,2,5,0,False,False,False
63,33,51,OP_051,2,2,58,0,0,False,False,False
63,34,12,OP_012,2,47,14,0,0,False,False,False
63,35,19,OP_019,3,13,89,0,0,False,True,False
63,36,3,OP_003,"[5, 6]","[14, 15]",None,None,2,False,False,False
63,37,25,OP_025,3,3,2,6,0,False,False,False
63,38,18,OP_018,3,3,2,0,0,False,False,False
63,39,4,OP_004,4,20,64,0,0,False,True,False
63,40,5,OP_005,2,2,4,0,0,False,False,False
63,41,6,OP_006,"[2, 3]",None,None,None,3,False,False,False
63,42,8,OP_008,4,21,3,0,0,False,False,False
63,43,32,OP_032,5,4,0,0,0,False,False,False
63,44,2,OP_002,5,0,0,0,0,False,False,False
63,45,15,OP_015,2,4,1,0,0,False,False,False
63,46,11,OP_011,29,47,50,0,0,False,False,False
63,47,11,OP_011,40,47,59,0,0,False,False,False
63,48,40,OP_040,32,13,2,0,0,False,False,False
63,49,19,OP_019,3,24,88,0,0,False,True,False
63,50,4,OP_004,4,25,43,0,0,False,True,False
63,51,7,OP_007,3,3,4,0,0,False,False,False
63,52,2,OP_002,3,0,0,0,0,False,False,False
63,53,8,OP_008,4,26,85,0,0,False,False,False
63,54,22,OP_022,2,2,1,0,0,False,False,False
63,55,11,OP_011,16,1,55,0,0,False,False,False
63,56,20,OP_020,60,67,72,0,0,False,False,False
64,1,13,OP_013,3,1,89,0,0,False,False,False
64,2,18,OP_018,3,1,2,0,0,False,False,False
64,3,12,OP_012,2,74,80,0,0,False,False,False
64,4,19,OP_019,2,3,99,0,0,False,True,False
64,5,43,OP_043,0,0,0,0,0,False,False,False
64,6,2,OP_002,2,0,0,0,0,False,False,False
64,7,19,OP_019,5,4,63,0,0,False,True,False
64,8,18,OP_018,5,2,3,0,0,False,False,False
64,9,4,OP_004,5,7,65,0,0,False,True,False
64,10,48,OP_048,3,2,0,5,0,False,False,False
64,11,44,OP_044,3,0,0,0,0,False,False,False
64,12,47,OP_047,32,0,4,0,0,False,False,False
64,13,41,OP_041,32,65,2,0,0,False,False,False
64,14,21,OP_021,2,36,53,0,0,False,False,False
64,15,3,OP_003,"[4, 5]","[8, 9]",None,None,2,False,False,False
64,16,25,OP_025,2,3,2,5,0,False,False,False
64,17,26,OP_026,2,18,52,0,0,False,False,False
64,18,11,OP_011,69,28,44,0,0,False,False,False
64,19,28,OP_028,2,2,79,0,0,False,False,False
64,20,4,OP_004,3,10,40,0,0,False,True,False
64,21,7,OP_007,2,2,3,0,0,False,False,False
64,22,21,OP_021,4,36,6,0,0,False,False,False
64,23,18,OP_018,4,3,3,0,0,False,False,False
64,24,54,OP_054,2,2,3,0,0,False,False,False
64,25,4,OP_004,3,12,66,0,0,False,True,False
64,26,7,OP_007,2,2,3,0,0,False,False,False
64,27,4,OP_004,3,13,64,0,0,False,True,False
64,28,56,OP_056,2,2,3,0,0,False,False,False
64,29,12,OP_012,2,65,88,0,0,False,False,False
64,30,28,OP_028,2,3,18,0,0,False,False,False
64,31,3,OP_003,"[4, 5]","[14, 9]",None,None,2,False,False,False
64,32,25,OP_025,2,3,2,5,0,False,False,False
64,33,51,OP_051,2,2,53,0,0,False,False,False
64,34,12,OP_012,2,65,39,0,0,False,False,False
64,35,28,OP_028,2,3,63,0,0,False,False,False
64,36,3,OP_003,"[4, 5]","[15, 16]",None,None,2,False,False,False
64,37,25,OP_025,2,3,2,5,0,False,False,False
64,38,12,OP_012,2,48,73,0,0,False,False,False
64,39,28,OP_028,2,3,95,0,0,False,False,False
64,40,3,OP_003,"[4, 5]","[15, 16]",None,None,2,False,False,False
64,41,25,OP_025,2,3,2,5,0,False,False,False
64,42,4,OP_004,4,17,43,0,0,False,True,False
64,43,5,OP_005,2,2,4,0,0,False,False,False
64,44,2,OP_002,2,0,0,0,0,False,False,False
64,45,2,OP_002,3,0,0,0,0,False,False,False
64,46,22,OP_022,2,2,1,0,0,False,False,False
64,47,4,OP_004,256,24,47,0,0,False,False,False
64,48,35,OP_035,256,0,37,0,0,False,False,False
64,49,13,OP_013,2,4,40,0,0,False,False,False
64,50,4,OP_004,5,18,64,0,0,False,True,False
64,51,7,OP_007,2,2,5,0,0,False,False,False
64,52,3,OP_003,"[4, 5]","[15, 19]",None,None,2,False,False,False
64,53,25,OP_025,2,3,2,5,0,False,False,False
64,54,12,OP_012,2,65,77,0,0,False,False,False
64,55,13,OP_013,2,4,71,0,0,False,False,False
64,56,4,OP_004,5,18,2,0,0,False,True,False
64,57,7,OP_007,2,2,5,0,0,False,False,False
64,58,3,OP_003,"[4, 5]","[15, 19]",None,None,2,False,False,False
64,59,25,OP_025,2,3,2,5,0,False,False,False
64,60,4,OP_004,3,20,61,0,0,False,True,False
64,61,28,OP_028,4,3,64,0,0,False,False,False
64,62,1,OP_001,2,3,4,0,0,False,False,False
64,63,11,OP_011,78,65,24,0,0,False,False,False
64,64,11,OP_011,75,65,73,0,0,False,False,False
64,65,11,OP_011,59,65,47,0,0,False,False,False
64,66,40,OP_040,32,13,2,0,0,False,False,False
64,67,19,OP_019,3,21,42,0,0,False,True,False
64,68,4,OP_004,4,22,87,0,0,False,True,False
64,69,7,OP_007,3,3,4,0,0,False,False,False
64,70,2,OP_002,3,0,0,0,0,False,False,False
64,71,8,OP_008,4,23,30,0,0,False,False,False
64,72,224,OP_224,2,2,1,0,0,False,False,False
64,73,4,OP_004,257,25,90,0,0,False,False,False
64,74,35,OP_035,257,0,48,0,0,False,False,False
64,75,20,OP_020,87,70,30,0,0,False,False,False
65,1,16,OP_016,256,2,0,0,0,False,False,False
65,2,291,OP_291,1,40,0,256,0,False,False,False
65,3,19,OP_019,1,1,83,0,0,False,True,False
65,4,3,OP_003,"[3, 4]","[2, 3]",None,None,2,False,False,False
65,5,25,OP_025,1,3,2,4,0,False,False,False
65,6,0,OP_000,2,8,43,0,0,False,True,False
65,7,37,OP_037,1,1,2,0,0,False,False,False
65,8,20,OP_020,61,72,27,0,0,False,False,False
66,1,16,OP_016,256,2,0,0,0,False,False,False
66,2,290,OP_290,-24,-6,10,256,0,False,False,False
66,3,19,OP_019,1,1,88,0,0,False,True,False
66,4,3,OP_003,"[3, 4]","[2, 3]",None,None,2,False,False,False
66,5,25,OP_025,1,3,2,4,0,False,False,False
66,6,0,OP_000,2,8,43,0,0,False,True,False
66,7,37,OP_037,1,1,2,0,0,False,False,False
66,8,20,OP_020,63,60,11,0,0,False,False,False
67,1,17,OP_017,1,1,216,0,0,False,True,False
67,2,3,OP_003,"[3, 4]","[2, 3]",None,None,2,False,False,False
67,3,25,OP_025,1,3,2,4,0,False,False,False
67,4,16,OP_016,256,2,0,0,0,False,False,False
67,5,289,OP_289,-15,-4,0,256,0,False,False,False
67,6,4,OP_004,2,8,30,0,0,False,True,False
67,7,37,OP_037,1,1,2,0,0,False,False,False
67,8,20,OP_020,71,74,86,0,0,False,False,False
68,1,9,OP_009,2,1,19,0,0,False,False,False
68,2,12,OP_012,2,63,42,0,0,False,False,False
68,3,10,OP_010,2,9,22,0,0,False,False,False
68,4,13,OP_013,3,1,73,0,0,False,False,False
68,5,0,OP_000,5,1,43,0,0,False,True,False
68,6,5,OP_005,3,3,5,0,0,False,False,False
68,7,6,OP_006,"[3, 4]",None,None,None,3,False,False,False
68,8,13,OP_013,6,2,86,0,0,False,False,False
68,9,18,OP_018,6,1,5,0,0,False,False,False
68,10,2,OP_002,5,0,0,0,0,False,False,False
68,11,24,OP_024,3,3,2,0,0,False,False,False
68,12,9,OP_009,4,3,19,0,0,False,False,False
68,13,26,OP_026,4,14,8,0,0,False,False,False
68,14,11,OP_011,52,16,63,0,0,False,False,False
68,15,0,OP_000,5,4,43,0,0,False,True,False
68,16,7,OP_007,4,3,5,0,0,False,False,False
68,17,12,OP_012,4,63,29,0,0,False,False,False
68,18,17,OP_017,4,5,216,0,0,False,True,False
68,19,43,OP_043,0,0,0,0,0,False,False,False
68,20,2,OP_002,4,0,0,0,0,False,False,False
68,21,0,OP_000,7,4,43,0,0,False,True,False
68,22,7,OP_007,5,3,7,0,0,False,False,False
68,23,0,OP_000,7,6,43,0,0,False,True,False
68,24,48,OP_048,5,2,0,7,0,False,False,False
68,25,44,OP_044,5,0,0,0,0,False,False,False
68,26,47,OP_047,32,0,4,0,0,False,False,False
68,27,41,OP_041,32,35,2,0,0,False,False,False
68,28,19,OP_019,5,7,66,0,0,False,True,False
68,29,4,OP_004,6,8,90,0,0,False,True,False
68,30,7,OP_007,5,5,6,0,0,False,False,False
68,31,6,OP_006,"[5, 2]",None,None,None,3,False,False,False
68,32,4,OP_004,8,9,87,0,0,False,True,False
68,33,7,OP_007,7,36,8,0,0,False,False,False
68,34,2,OP_002,7,0,0,0,0,False,False,False
68,35,23,OP_023,4,3,1,0,0,False,False,False
68,36,40,OP_040,32,27,2,0,0,False,False,False
68,37,17,OP_017,5,7,216,0,0,False,True,False
68,38,0,OP_000,6,10,43,0,0,False,True,False
68,39,7,OP_007,5,5,6,0,0,False,False,False
68,40,2,OP_002,5,0,0,0,0,False,False,False
68,41,2,OP_002,2,0,0,0,0,False,False,False
68,42,22,OP_022,4,2,1,0,0,False,False,False
68,43,13,OP_013,4,2,61,0,0,False,False,False
68,44,0,OP_000,5,11,43,0,0,False,True,False
68,45,7,OP_007,4,4,5,0,0,False,False,False
68,46,0,OP_000,6,12,43,0,0,False,True,False
68,47,5,OP_005,4,4,6,0,0,False,False,False
68,48,2,OP_002,4,0,0,0,0,False,False,False
68,49,6,OP_006,"[5, 2]",None,None,None,3,False,False,False
68,50,23,OP_023,4,3,1,0,0,False,False,False
68,51,13,OP_013,4,3,81,0,0,False,False,False
68,52,0,OP_000,6,13,43,0,0,False,True,False
68,53,5,OP_005,4,4,6,0,0,False,False,False
68,54,6,OP_006,"[4, 5]",None,None,None,3,False,False,False
68,55,0,OP_000,6,14,43,0,0,False,True,False
68,56,0,OP_000,7,2,142,0,0,False,False,False
68,57,0,OP_000,8,15,43,0,0,False,True,False
68,58,42,OP_042,7,7,8,0,0,False,False,False
68,59,42,OP_042,6,6,7,0,0,False,False,False
68,60,2,OP_002,6,0,0,0,0,False,False,False
68,61,23,OP_023,4,3,1,0,0,False,False,False
68,62,11,OP_011,45,63,65,0,0,False,False,False
68,63,11,OP_011,38,63,1,0,0,False,False,False
68,64,20,OP_020,4,13,20,0,0,False,False,False
69,1,10,OP_010,1,35,8,0,0,False,False,False
69,2,17,OP_017,2,1,216,0,0,False,True,False
69,3,43,OP_043,0,0,0,0,0,False,False,False
69,4,2,OP_002,2,0,0,0,0,False,False,False
69,5,13,OP_013,3,1,6,0,0,False,False,False
69,6,0,OP_000,5,2,43,0,0,False,True,False
69,7,48,OP_048,3,2,0,5,0,False,False,False
69,8,44,OP_044,3,0,0,0,0,False,False,False
69,9,47,OP_047,32,0,4,0,0,False,False,False
69,10,41,OP_041,32,18,2,0,0,False,False,False
69,11,19,OP_019,3,3,90,0,0,False,True,False
69,12,4,OP_004,4,4,24,0,0,False,True,False
69,13,7,OP_007,3,3,4,0,0,False,False,False
69,14,6,OP_006,"[3, 1]",None,None,None,3,False,False,False
69,15,4,OP_004,6,5,35,0,0,False,True,False
69,16,7,OP_007,5,36,6,0,0,False,False,False
69,17,2,OP_002,5,0,0,0,0,False,False,False
69,18,23,OP_023,2,3,1,0,0,False,False,False
69,19,40,OP_040,32,10,2,0,0,False,False,False
69,20,17,OP_017,3,3,216,0,0,False,True,False
69,21,0,OP_000,4,6,43,0,0,False,True,False
69,22,7,OP_007,3,3,4,0,0,False,False,False
69,23,2,OP_002,3,0,0,0,0,False,False,False
69,24,2,OP_002,1,0,0,0,0,False,False,False
69,25,22,OP_022,2,2,1,0,0,False,False,False
69,26,16,OP_016,256,2,0,0,0,False,False,False
69,27,288,OP_288,2,2,24,256,0,False,False,False
69,28,13,OP_013,2,2,70,0,0,False,False,False
69,29,0,OP_000,3,7,43,0,0,False,True,False
69,30,7,OP_007,2,2,3,0,0,False,False,False
69,31,0,OP_000,4,8,43,0,0,False,True,False
69,32,5,OP_005,2,2,4,0,0,False,False,False
69,33,2,OP_002,2,0,0,0,0,False,False,False
69,34,6,OP_006,"[3, 1]",None,None,None,3,False,False,False
69,35,23,OP_023,2,3,1,0,0,False,False,False
69,36,13,OP_013,2,3,28,0,0,False,False,False
69,37,0,OP_000,4,9,43,0,0,False,True,False
69,38,5,OP_005,2,2,4,0,0,False,False,False
69,39,6,OP_006,"[2, 3]",None,None,None,3,False,False,False
69,40,0,OP_000,4,10,43,0,0,False,True,False
69,41,0,OP_000,5,1,142,0,0,False,False,False
69,42,0,OP_000,6,11,43,0,0,False,True,False
69,43,42,OP_042,5,5,6,0,0,False,False,False
69,44,42,OP_042,4,4,5,0,0,False,False,False
69,45,2,OP_002,4,0,0,0,0,False,False,False
69,46,23,OP_023,2,3,1,0,0,False,False,False
69,47,20,OP_020,19,34,56,0,0,False,False,False
70,1,39,OP_039,1,1,220,0,0,False,False,False
70,2,28,OP_028,2,1,54,0,0,False,False,False
70,3,12,OP_012,2,61,55,0,0,False,False,False
70,4,13,OP_013,2,2,35,0,0,False,False,False
70,5,4,OP_004,4,1,66,0,0,False,True,False
70,6,5,OP_005,2,2,4,0,0,False,False,False
70,7,6,OP_006,"[2, 3]",None,None,None,3,False,False,False
70,8,13,OP_013,5,3,36,0,0,False,False,False
70,9,18,OP_018,5,1,4,0,0,False,False,False
70,10,2,OP_002,4,0,0,0,0,False,False,False
70,11,24,OP_024,2,3,2,0,0,False,False,False
70,12,21,OP_021,3,2,3,0,0,False,False,False
70,13,26,OP_026,3,14,23,0,0,False,False,False
70,14,11,OP_011,81,16,21,0,0,False,False,False
70,15,4,OP_004,4,4,6,0,0,False,True,False
70,16,7,OP_007,3,2,4,0,0,False,False,False
70,17,26,OP_026,3,18,75,0,0,False,False,False
70,18,11,OP_011,65,22,53,0,0,False,False,False
70,19,4,OP_004,6,4,50,0,0,False,True,False
70,20,7,OP_007,3,2,6,0,0,False,False,False
70,21,3,OP_003,"[5, 6]","[5, 1]",None,None,2,False,False,False
70,22,25,OP_025,3,3,2,6,0,False,False,False
70,23,26,OP_026,3,24,15,0,0,False,False,False
70,24,11,OP_011,58,25,36,0,0,False,False,False
70,25,28,OP_028,3,4,2,0,0,False,False,False
70,26,12,OP_012,3,54,90,0,0,False,False,False
70,27,21,OP_021,4,2,7,0,0,False,False,False
70,28,18,OP_018,4,2,3,0,0,False,False,False
70,29,28,OP_028,4,4,63,0,0,False,False,False
70,30,4,OP_004,5,6,29,0,0,False,True,False
70,31,19,OP_019,7,6,49,0,0,False,True,False
70,32,4,OP_004,8,7,97,0,0,False,True,False
70,33,7,OP_007,7,7,8,0,0,False,False,False
70,34,2,OP_002,7,0,0,0,0,False,False,False
70,35,4,OP_004,9,8,21,0,0,False,True,False
70,36,7,OP_007,8,3,9,0,0,False,False,False
70,37,19,OP_019,10,9,60,0,0,False,True,False
70,38,4,OP_004,11,10,47,0,0,False,True,False
70,39,7,OP_007,10,10,11,0,0,False,False,False
70,40,2,OP_002,10,0,0,0,0,False,False,False
70,41,8,OP_008,11,11,27,0,0,False,False,False
70,42,13,OP_013,13,3,43,0,0,False,False,False
70,43,18,OP_018,13,3,12,0,0,False,False,False
70,44,2,OP_002,12,0,0,0,0,False,False,False
70,45,8,OP_008,13,11,39,0,0,False,False,False
70,46,34,OP_034,9,4,2,0,0,False,False,False
70,47,52,OP_052,8,8,9,0,0,False,False,False
70,48,2,OP_002,8,0,0,0,0,False,False,False
70,49,4,OP_004,10,8,51,0,0,False,True,False
70,50,7,OP_007,9,3,10,0,0,False,False,False
70,51,2,OP_002,9,0,0,0,0,False,False,False
70,52,24,OP_024,6,3,2,0,0,False,False,False
70,53,1,OP_001,4,5,6,0,0,False,False,False
70,54,11,OP_011,35,54,43,0,0,False,False,False
70,55,19,OP_019,4,13,97,0,0,False,True,False
70,56,4,OP_004,5,14,90,0,0,False,True,False
70,57,7,OP_007,4,4,5,0,0,False,False,False
70,58,2,OP_002,4,0,0,0,0,False,False,False
70,59,8,OP_008,5,11,15,0,0,False,False,False
70,60,22,OP_022,3,2,1,0,0,False,False,False
70,61,11,OP_011,89,1,77,0,0,False,False,False
70,62,20,OP_020,42,11,89,0,0,False,False,False
71,1,17,OP_017,2,1,251,0,0,False,False,False
71,2,12,OP_012,2,11,74,0,0,False,False,False
71,3,17,OP_017,2,1,251,0,0,False,False,False
71,4,0,OP_000,4,1,43,0,0,False,True,False
71,5,5,OP_005,2,2,4,0,0,False,False,False
71,6,2,OP_002,2,0,0,0,0,False,False,False
71,7,2,OP_002,3,0,0,0,0,False,False,False
71,8,22,OP_022,2,2,1,0,0,False,False,False
71,9,9,OP_009,2,2,92,0,0,False,False,False
71,10,39,OP_039,2,1,220,0,0,False,False,False
71,11,11,OP_011,77,11,64,0,0,False,False,False
71,12,9,OP_009,2,1,19,0,0,False,False,False
71,13,12,OP_012,2,24,43,0,0,False,False,False
71,14,13,OP_013,2,2,65,0,0,False,False,False
71,15,0,OP_000,3,2,43,0,0,False,True,False
71,16,7,OP_007,2,2,3,0,0,False,False,False
71,17,0,OP_000,4,3,43,0,0,False,True,False
71,18,5,OP_005,2,2,4,0,0,False,False,False
71,19,6,OP_006,"[2, 3]",None,None,None,3,False,False,False
71,20,14,OP_014,4,1,0,0,0,False,False,False
71,21,2,OP_002,4,0,0,0,0,False,False,False
71,22,24,OP_024,2,3,2,0,0,False,False,False
71,23,39,OP_039,2,1,220,0,0,False,False,False
71,24,11,OP_011,72,24,37,0,0,False,False,False
71,25,20,OP_020,95,79,72,0,0,False,False,False
72,1,16,OP_016,256,2,0,0,0,False,False,False
72,2,187,OP_187,-38,34,0,256,0,False,False,False
72,3,13,OP_013,2,1,50,0,0,False,False,False
72,4,18,OP_018,2,1,1,0,0,False,False,False
72,5,9,OP_009,2,1,19,0,0,False,False,False
72,6,12,OP_012,2,28,47,0,0,False,False,False
72,7,17,OP_017,2,3,216,0,0,False,True,False
72,8,43,OP_043,0,0,0,0,0,False,False,False
72,9,2,OP_002,2,0,0,0,0,False,False,False
72,10,9,OP_009,3,1,19,0,0,False,False,False
72,11,0,OP_000,5,4,43,0,0,False,True,False
72,12,48,OP_048,3,2,0,5,0,False,False,False
72,13,44,OP_044,3,0,0,0,0,False,False,False
72,14,47,OP_047,32,0,4,0,0,False,False,False
72,15,41,OP_041,32,26,2,0,0,False,False,False
72,16,21,OP_021,2,36,27,0,0,False,False,False
72,17,3,OP_003,"[4, 5]","[5, 6]",None,None,2,False,False,False
72,18,25,OP_025,2,3,2,5,0,False,False,False
72,19,26,OP_026,2,20,49,0,0,False,False,False
72,20,11,OP_011,57,22,92,0,0,False,False,False
72,21,4,OP_004,3,7,33,0,0,False,True,False
72,22,7,OP_007,2,36,3,0,0,False,False,False
72,23,12,OP_012,2,26,47,0,0,False,False,False
72,24,3,OP_003,"[2, 3]","[7, 8]",None,None,2,False,False,False
72,25,1,OP_001,36,2,3,0,0,False,False,False
72,26,11,OP_011,6,26,61,0,0,False,False,False
72,27,40,OP_040,32,15,2,0,0,False,False,False
72,28,11,OP_011,92,28,80,0,0,False,False,False
72,29,20,OP_020,15,11,24,0,0,False,False,False
73,1,28,OP_028,2,1,56,0,0,False,False,False
73,2,26,OP_026,2,3,96,0,0,False,False,False
73,3,11,OP_011,29,5,12,0,0,False,False,False
73,4,13,OP_013,3,2,13,0,0,False,False,False
73,5,18,OP_018,3,1,2,0,0,False,False,False
73,6,12,OP_012,2,18,93,0,0,False,False,False
73,7,19,OP_019,3,3,54,0,0,False,True,False
73,8,4,OP_004,4,4,75,0,0,False,True,False
73,9,7,OP_007,3,3,4,0,0,False,False,False
73,10,2,OP_002,3,0,0,0,0,False,False,False
73,11,8,OP_008,4,5,12,0,0,False,False,False
73,12,22,OP_022,2,2,1,0,0,False,False,False
73,13,28,OP_028,2,1,91,0,0,False,False,False
73,14,4,OP_004,3,6,67,0,0,False,True,False
73,15,13,OP_013,5,3,32,0,0,False,False,False
73,16,18,OP_018,5,2,4,0,0,False,False,False
73,17,1,OP_001,2,3,4,0,0,False,False,False
73,18,11,OP_011,56,0,81,0,0,False,False,False
73,19,13,OP_013,3,2,95,0,0,False,False,False
73,20,18,OP_018,3,3,2,0,0,False,False,False
73,21,39,OP_039,2,2,63,0,0,False,False,False
73,22,26,OP_026,2,23,55,0,0,False,False,False
73,23,11,OP_011,17,24,76,0,0,False,False,False
73,24,17,OP_017,2,1,251,0,0,False,False,False
73,25,12,OP_012,2,34,66,0,0,False,False,False
73,26,17,OP_017,2,1,251,0,0,False,False,False
73,27,0,OP_000,3,6,43,0,0,False,True,False
73,28,13,OP_013,4,4,55,0,0,False,False,False
73,29,12,OP_012,4,31,41,0,0,False,False,False
73,30,4,OP_004,256,9,82,0,0,False,False,False
73,31,35,OP_035,256,0,38,0,0,False,False,False
73,32,0,OP_000,4,8,43,0,0,False,True,False
73,33,1,OP_001,2,3,4,0,0,False,False,False
73,34,11,OP_011,86,34,60,0,0,False,False,False
73,35,20,OP_020,58,76,40,0,0,False,False,False
74,1,0,OP_000,1,1,43,0,0,False,True,False
74,2,39,OP_039,1,1,220,0,0,False,False,False
74,3,17,OP_017,1,2,251,0,0,False,False,False
74,4,12,OP_012,1,11,43,0,0,False,False,False
74,5,17,OP_017,1,2,251,0,0,False,False,False
74,6,0,OP_000,3,2,43,0,0,False,True,False
74,7,5,OP_005,1,1,3,0,0,False,False,False
74,8,2,OP_002,1,0,0,0,0,False,False,False
74,9,2,OP_002,2,0,0,0,0,False,False,False
74,10,22,OP_022,1,2,1,0,0,False,False,False
74,11,11,OP_011,65,11,95,0,0,False,False,False
74,12,17,OP_017,1,3,251,0,0,False,False,False
74,13,12,OP_012,1,20,57,0,0,False,False,False
74,14,17,OP_017,1,3,251,0,0,False,False,False
74,15,0,OP_000,3,3,43,0,0,False,True,False
74,16,5,OP_005,1,1,3,0,0,False,False,False
74,17,2,OP_002,1,0,0,0,0,False,False,False
74,18,2,OP_002,2,0,0,0,0,False,False,False
74,19,22,OP_022,1,2,1,0,0,False,False,False
74,20,11,OP_011,91,20,89,0,0,False,False,False
74,21,17,OP_017,1,4,251,0,0,False,False,False
74,22,12,OP_012,1,29,81,0,0,False,False,False
74,23,17,OP_017,1,4,251,0,0,False,False,False
74,24,0,OP_000,3,3,43,0,0,False,True,False
74,25,5,OP_005,1,1,3,0,0,False,False,False
74,26,2,OP_002,1,0,0,0,0,False,False,False
74,27,2,OP_002,2,0,0,0,0,False,False,False
74,28,22,OP_022,1,2,1,0,0,False,False,False
74,29,11,OP_011,28,29,85,0,0,False,False,False
74,30,9,OP_009,1,1,92,0,0,False,False,False
74,31,75,OP_075,"[2, 3]",None,None,None,3,False,False,False
74,32,39,OP_039,3,2,220,0,0,False,False,False
74,33,39,OP_039,2,4,220,0,0,False,False,False
74,34,39,OP_039,1,3,220,0,0,False,False,False
74,35,17,OP_017,1,5,251,0,0,False,False,False
74,36,12,OP_012,1,63,3,0,0,False,False,False
74,37,17,OP_017,1,4,216,0,0,False,True,False
74,38,43,OP_043,0,0,0,0,0,False,False,False
74,39,2,OP_002,1,0,0,0,0,False,False,False
74,40,17,OP_017,2,5,216,0,0,False,True,False
74,41,16,OP_016,256,2,0,0,0,False,False,False
74,42,308,OP_308,4,49,26,256,0,False,False,False
74,43,4,OP_004,4,6,64,0,0,False,True,False
74,44,7,OP_007,2,2,4,0,0,False,False,False
74,45,0,OP_000,4,7,43,0,0,False,True,False
74,46,48,OP_048,2,2,0,4,0,False,False,False
74,47,44,OP_044,2,0,0,0,0,False,False,False
74,48,47,OP_047,32,0,4,0,0,False,False,False
74,49,41,OP_041,32,60,2,0,0,False,False,False
74,50,19,OP_019,3,5,41,0,0,False,True,False
74,51,18,OP_018,3,1,2,0,0,False,False,False
74,52,53,OP_053,1,36,2,0,0,False,False,False
74,53,12,OP_012,1,60,64,0,0,False,False,False
74,54,28,OP_028,1,5,50,0,0,False,False,False
74,55,4,OP_004,3,9,11,0,0,False,True,False
74,56,5,OP_005,1,1,3,0,0,False,False,False
74,57,6,OP_006,"[1, 2, 36]",None,None,None,3,False,False,False
74,58,8,OP_008,4,10,52,0,0,False,False,False
74,59,15,OP_015,1,4,1,0,0,False,False,False
74,60,11,OP_011,82,60,67,0,0,False,False,False
74,61,40,OP_040,32,49,2,0,0,False,False,False
74,62,4,OP_004,257,11,8,0,0,False,False,False
74,63,35,OP_035,257,0,72,0,0,False,False,False
74,64,20,OP_020,39,41,76,0,0,False,False,False
75,1,16,OP_016,256,2,0,0,0,False,False,False
75,2,287,OP_287,-4,1,0,256,0,False,False,False
75,3,28,OP_028,1,1,80,0,0,False,False,False
75,4,16,OP_016,257,2,0,0,0,False,False,False
75,5,286,OP_286,-11,1,32,257,0,False,False,False
75,6,51,OP_051,1,1,47,0,0,False,False,False
75,7,12,OP_012,1,8,45,0,0,False,False,False
75,8,11,OP_011,39,10,33,0,0,False,False,False
75,9,17,OP_017,1,2,251,0,0,False,False,False
75,10,39,OP_039,1,1,63,0,0,False,False,False
75,11,12,OP_012,1,13,92,0,0,False,False,False
75,12,20,OP_020,63,79,71,0,0,False,False,False
75,13,11,OP_011,63,13,18,0,0,False,False,False
75,14,17,OP_017,2,3,251,0,0,False,False,False
75,15,2,OP_002,2,0,0,0,0,False,False,False
75,16,62,OP_062,1,1,1,0,0,False,False,False
75,17,0,OP_000,1,1,43,0,0,False,True,False
75,18,39,OP_039,1,4,220,0,0,False,False,False
75,19,17,OP_017,2,2,216,0,0,False,True,False
75,20,0,OP_000,3,3,43,0,0,False,True,False
75,21,7,OP_007,2,2,3,0,0,False,False,False
75,22,2,OP_002,2,0,0,0,0,False,False,False
75,23,8,OP_008,3,4,81,0,0,False,False,False
75,24,38,OP_038,1,2,2,0,0,False,False,False
75,25,39,OP_039,1,5,220,0,0,False,False,False
75,26,17,OP_017,1,5,251,0,0,False,False,False
75,27,0,OP_000,2,5,43,0,0,False,True,False
75,28,17,OP_017,3,6,216,0,0,False,True,False
75,29,0,OP_000,4,7,43,0,0,False,True,False
75,30,7,OP_007,3,3,4,0,0,False,False,False
75,31,1,OP_001,1,2,3,0,0,False,False,False
75,32,17,OP_017,1,5,251,0,0,False,False,False
75,33,0,OP_000,2,8,43,0,0,False,True,False
75,34,17,OP_017,4,6,216,0,0,False,True,False
75,35,0,OP_000,5,3,43,0,0,False,True,False
75,36,7,OP_007,4,4,5,0,0,False,False,False
75,37,2,OP_002,4,0,0,0,0,False,False,False
75,38,33,OP_033,"[5, 6, 7]","[9, 9, 9]",None,None,2,False,False,False
75,39,34,OP_034,3,4,2,0,0,False,False,False
75,40,1,OP_001,1,2,3,0,0,False,False,False
75,41,17,OP_017,1,5,251,0,0,False,False,False
75,42,0,OP_000,2,10,43,0,0,False,True,False
75,43,17,OP_017,3,1,251,0,0,False,False,False
75,44,1,OP_001,1,2,3,0,0,False,False,False
75,45,17,OP_017,2,2,216,0,0,False,True,False
75,46,0,OP_000,3,3,43,0,0,False,True,False
75,47,7,OP_007,2,2,3,0,0,False,False,False
75,48,2,OP_002,2,0,0,0,0,False,False,False
75,49,8,OP_008,3,11,42,0,0,False,False,False
75,50,38,OP_038,1,2,2,0,0,False,False,False
75,51,39,OP_039,1,6,220,0,0,False,False,False
75,52,17,OP_017,1,6,251,0,0,False,False,False
75,53,0,OP_000,2,12,43,0,0,False,True,False
75,54,17,OP_017,4,6,216,0,0,False,True,False
75,55,0,OP_000,5,3,43,0,0,False,True,False
75,56,7,OP_007,4,4,5,0,0,False,False,False
75,57,2,OP_002,4,0,0,0,0,False,False,False
75,58,33,OP_033,"[5, 6, 7]","[9, 9, 9]",None,None,2,False,False,False
75,59,34,OP_034,3,4,2,0,0,False,False,False
75,60,1,OP_001,1,2,3,0,0,False,False,False
75,61,17,OP_017,1,6,251,0,0,False,False,False
75,62,0,OP_000,2,10,43,0,0,False,True,False
75,63,17,OP_017,3,1,251,0,0,False,False,False
75,64,1,OP_001,1,2,3,0,0,False,False,False
75,65,17,OP_017,1,13,216,0,0,False,True,False
75,66,43,OP_043,0,0,0,0,0,False,False,False
75,67,2,OP_002,1,0,0,0,0,False,False,False
75,68,17,OP_017,2,14,216,0,0,False,True,False
75,69,0,OP_000,4,15,43,0,0,False,True,False
75,70,7,OP_007,2,2,4,0,0,False,False,False
75,71,0,OP_000,4,16,43,0,0,False,True,False
75,72,48,OP_048,2,2,0,4,0,False,False,False
75,73,44,OP_044,2,0,0,0,0,False,False,False
75,74,47,OP_047,32,0,4,0,0,False,False,False
75,75,41,OP_041,32,86,2,0,0,False,False,False
75,76,19,OP_019,3,14,48,0,0,False,True,False
75,77,18,OP_018,3,1,2,0,0,False,False,False
75,78,53,OP_053,1,36,2,0,0,False,False,False
75,79,12,OP_012,1,86,45,0,0,False,False,False
75,80,28,OP_028,1,2,42,0,0,False,False,False
75,81,4,OP_004,3,18,48,0,0,False,True,False
75,82,5,OP_005,1,1,3,0,0,False,False,False
75,83,6,OP_006,"[1, 2, 36]",None,None,None,3,False,False,False
75,84,8,OP_008,4,19,75,0,0,False,False,False
75,85,15,OP_015,1,4,1,0,0,False,False,False
75,86,11,OP_011,62,86,77,0,0,False,False,False
75,87,40,OP_040,32,75,2,0,0,False,False,False
75,88,13,OP_013,1,7,43,0,0,False,False,False
75,89,0,OP_000,2,20,43,0,0,False,True,False
75,90,7,OP_007,1,1,2,0,0,False,False,False
75,91,0,OP_000,3,21,43,0,0,False,True,False
75,92,5,OP_005,1,1,3,0,0,False,False,False
75,93,6,OP_006,"[1, 2]",None,None,None,3,False,False,False
75,94,14,OP_014,3,1,0,0,0,False,False,False
75,95,2,OP_002,3,0,0,0,0,False,False,False
75,96,24,OP_024,1,3,2,0,0,False,False,False
75,97,39,OP_039,1,8,220,0,0,False,False,False
75,98,20,OP_020,50,95,3,0,0,False,False,False
76,1,17,OP_017,1,1,251,0,0,False,False,False
76,2,39,OP_039,1,1,63,0,0,False,False,False
76,3,12,OP_012,1,5,98,0,0,False,False,False
76,4,4,OP_004,259,26,31,0,0,False,False,False
76,5,35,OP_035,259,0,35,0,0,False,False,False
76,6,17,OP_017,1,2,251,0,0,False,False,False
76,7,39,OP_039,1,1,63,0,0,False,False,False
76,8,12,OP_012,1,9,60,0,0,False,False,False
76,9,11,OP_011,80,13,69,0,0,False,False,False
76,10,17,OP_017,1,3,251,0,0,False,False,False
76,11,16,OP_016,256,2,0,0,0,False,False,False
76,12,193,OP_193,40,1,0,256,0,False,False,False
76,13,51,OP_051,1,1,31,0,0,False,False,False
76,14,12,OP_012,1,15,25,0,0,False,False,False
76,15,11,OP_011,57,17,39,0,0,False,False,False
76,16,17,OP_017,1,4,251,0,0,False,False,False
76,17,39,OP_039,1,1,63,0,0,False,False,False
76,18,12,OP_012,1,23,59,0,0,False,False,False
76,19,17,OP_017,2,5,251,0,0,False,False,False
76,20,2,OP_002,2,0,0,0,0,False,False,False
76,21,62,OP_062,1,1,1,0,0,False,False,False
76,22,20,OP_020,34,85,83,0,0,False,False,False
76,23,11,OP_011,48,23,19,0,0,False,False,False
76,24,17,OP_017,1,1,216,0,0,False,True,False
76,25,0,OP_000,2,2,43,0,0,False,True,False
76,26,7,OP_007,1,1,2,0,0,False,False,False
76,27,17,OP_017,2,3,216,0,0,False,True,False
76,28,16,OP_016,257,2,0,0,0,False,False,False
76,29,185,OP_185,21,4,0,257,0,False,False,False
76,30,4,OP_004,3,4,40,0,0,False,True,False
76,31,7,OP_007,2,2,3,0,0,False,False,False
76,32,17,OP_017,3,5,216,0,0,False,True,False
76,33,0,OP_000,5,6,43,0,0,False,True,False
76,34,5,OP_005,3,3,5,0,0,False,False,False
76,35,6,OP_006,"[3, 4]",None,None,None,3,False,False,False
76,36,8,OP_008,5,7,37,0,0,False,False,False
76,37,24,OP_024,3,3,2,0,0,False,False,False
76,38,9,OP_009,4,3,19,0,0,False,False,False
76,39,17,OP_017,7,8,216,0,0,False,True,False
76,40,18,OP_018,7,1,6,0,0,False,False,False
76,41,0,OP_000,7,11,43,0,0,False,True,False
76,42,25,OP_025,4,3,2,7,0,False,False,False
76,43,12,OP_012,4,49,65,0,0,False,False,False
76,44,16,OP_016,258,2,0,0,0,False,False,False
76,45,184,OP_184,-1,35,0,258,0,False,False,False
76,46,21,OP_021,5,1,41,0,0,False,False,False
76,47,18,OP_018,5,2,4,0,0,False,False,False
76,48,52,OP_052,2,2,4,0,0,False,False,False
76,49,11,OP_011,63,49,18,0,0,False,False,False
76,50,9,OP_009,4,3,19,0,0,False,False,False
76,51,17,OP_017,7,8,216,0,0,False,True,False
76,52,18,OP_018,7,3,6,0,0,False,False,False
76,53,0,OP_000,7,11,43,0,0,False,True,False
76,54,25,OP_025,4,3,2,7,0,False,False,False
76,55,12,OP_012,4,59,64,0,0,False,False,False
76,56,9,OP_009,5,1,19,0,0,False,False,False
76,57,18,OP_018,5,4,4,0,0,False,False,False
76,58,54,OP_054,2,2,4,0,0,False,False,False
76,59,11,OP_011,35,59,48,0,0,False,False,False
76,60,9,OP_009,4,3,19,0,0,False,False,False
76,61,17,OP_017,7,8,216,0,0,False,True,False
76,62,18,OP_018,7,5,6,0,0,False,False,False
76,63,0,OP_000,7,11,43,0,0,False,True,False
76,64,25,OP_025,4,3,2,7,0,False,False,False
76,65,12,OP_012,4,70,61,0,0,False,False,False
76,66,9,OP_009,5,1,19,0,0,False,False,False
76,67,18,OP_018,5,6,4,0,0,False,False,False
76,68,54,OP_054,2,2,4,0,0,False,False,False
76,69,4,OP_004,260,27,96,0,0,False,False,False
76,70,35,OP_035,260,0,17,0,0,False,False,False
76,71,9,OP_009,4,3,19,0,0,False,False,False
76,72,17,OP_017,7,8,216,0,0,False,True,False
76,73,18,OP_018,7,7,6,0,0,False,False,False
76,74,0,OP_000,7,11,43,0,0,False,True,False
76,75,25,OP_025,4,3,2,7,0,False,False,False
76,76,12,OP_012,4,80,68,0,0,False,False,False
76,77,9,OP_009,5,1,19,0,0,False,False,False
76,78,18,OP_018,5,8,4,0,0,False,False,False
76,79,52,OP_052,2,2,4,0,0,False,False,False
76,80,11,OP_011,11,80,95,0,0,False,False,False
76,81,9,OP_009,4,3,19,0,0,False,False,False
76,82,17,OP_017,7,8,216,0,0,False,True,False
76,83,18,OP_018,7,9,6,0,0,False,False,False
76,84,0,OP_000,7,11,43,0,0,False,True,False
76,85,25,OP_025,4,3,2,7,0,False,False,False
76,86,12,OP_012,4,94,83,0,0,False,False,False
76,87,17,OP_017,5,3,216,0,0,False,True,False
76,88,0,OP_000,6,19,43,0,0,False,True,False
76,89,7,OP_007,5,5,6,0,0,False,False,False
76,90,2,OP_002,5,0,0,0,0,False,False,False
76,91,33,OP_033,"[6, 7, 8]","[20, 21, 20]",None,None,2,False,False,False
76,92,34,OP_034,4,4,2,0,0,False,False,False
76,93,52,OP_052,2,2,4,0,0,False,False,False
76,94,11,OP_011,31,94,34,0,0,False,False,False
76,95,9,OP_009,4,3,19,0,0,False,False,False
76,96,17,OP_017,7,8,216,0,0,False,True,False
76,97,18,OP_018,7,10,6,0,0,False,False,False
76,98,0,OP_000,7,11,43,0,0,False,True,False
76,99,25,OP_025,4,3,2,7,0,False,False,False
76,100,12,OP_012,4,108,34,0,0,False,False,False
76,101,17,OP_017,5,3,216,0,0,False,True,False
76,102,0,OP_000,6,19,43,0,0,False,True,False
76,103,7,OP_007,5,5,6,0,0,False,False,False
76,104,2,OP_002,5,0,0,0,0,False,False,False
76,105,33,OP_033,"[6, 7, 8]","[20, 21, 20]",None,None,2,False,False,False
76,106,34,OP_034,4,4,2,0,0,False,False,False
76,107,54,OP_054,2,2,4,0,0,False,False,False
76,108,11,OP_011,31,108,36,0,0,False,False,False
76,109,17,OP_017,4,3,251,0,0,False,False,False
76,110,3,OP_003,"[5, 7]","[23, 24]",None,None,2,False,False,False
76,111,7,OP_007,6,2,7,0,0,False,False,False
76,112,0,OP_000,7,20,43,0,0,False,True,False
76,113,59,OP_059,6,6,7,0,0,False,False,False
76,114,26,OP_026,6,115,99,0,0,False,False,False
76,115,11,OP_011,8,119,6,0,0,False,False,False
76,116,0,OP_000,7,25,43,0,0,False,True,False
76,117,7,OP_007,6,2,7,0,0,False,False,False
76,118,17,OP_017,7,6,251,0,0,False,False,False
76,119,68,OP_068,6,6,7,0,0,False,False,False
76,120,12,OP_012,6,121,95,0,0,False,False,False
76,121,11,OP_011,14,124,25,0,0,False,False,False
76,122,17,OP_017,6,3,216,0,0,False,True,False
76,123,0,OP_000,7,4,43,0,0,False,True,False
76,124,7,OP_007,6,6,7,0,0,False,False,False
76,125,1,OP_001,4,5,6,0,0,False,False,False
76,126,17,OP_017,4,4,251,0,0,False,False,False
76,127,3,OP_003,"[5, 7]","[13, 13]",None,None,2,False,False,False
76,128,7,OP_007,6,1,7,0,0,False,False,False
76,129,1,OP_001,4,5,6,0,0,False,False,False
76,130,20,OP_020,80,66,83,0,0,False,False,False
77,1,9,OP_009,2,1,19,0,0,False,False,False
77,2,12,OP_012,2,6,62,0,0,False,False,False
77,3,17,OP_017,3,1,251,0,0,False,False,False
77,4,2,OP_002,3,0,0,0,0,False,False,False
77,5,62,OP_062,2,1,1,0,0,False,False,False
77,6,11,OP_011,4,9,81,0,0,False,False,False
77,7,17,OP_017,3,2,251,0,0,False,False,False
77,8,2,OP_002,3,0,0,0,0,False,False,False
77,9,62,OP_062,2,1,1,0,0,False,False,False
77,10,20,OP_020,98,81,91,0,0,False,False,False
78,1,13,OP_013,1,1,33,0,0,False,False,False
78,2,0,OP_000,2,1,43,0,0,False,True,False
78,3,7,OP_007,1,1,2,0,0,False,False,False
78,4,0,OP_000,3,2,43,0,0,False,True,False
78,5,5,OP_005,1,1,3,0,0,False,False,False
78,6,6,OP_006,"[1, 2]",None,None,None,3,False,False,False
78,7,16,OP_016,256,2,0,0,0,False,False,False
78,8,285,OP_285,0,1,0,256,0,False,False,False
78,9,13,OP_013,4,1,10,0,0,False,False,False
78,10,18,OP_018,4,1,3,0,0,False,False,False
78,11,39,OP_039,3,3,63,0,0,False,False,False
78,12,2,OP_002,3,0,0,0,0,False,False,False
78,13,23,OP_023,1,3,1,0,0,False,False,False
78,14,20,OP_020,97,41,43,0,0,False,False,False
79,1,66,OP_066,1,1,45,0,0,False,False,False
79,2,20,OP_020,38,91,97,0,0,False,False,False
80,1,13,OP_013,1,1,98,0,0,False,False,False
80,2,0,OP_000,2,1,43,0,0,False,True,False
80,3,7,OP_007,1,1,2,0,0,False,False,False
80,4,26,OP_026,1,5,34,0,0,False,False,False
80,5,11,OP_011,53,7,68,0,0,False,False,False
80,6,13,OP_013,2,1,44,0,0,False,False,False
80,7,18,OP_018,2,1,1,0,0,False,False,False
80,8,26,OP_026,1,9,6,0,0,False,False,False
80,9,11,OP_011,19,10,98,0,0,False,False,False
80,10,17,OP_017,1,2,251,0,0,False,False,False
80,11,26,OP_026,1,12,77,0,0,False,False,False
80,12,11,OP_011,80,16,57,0,0,False,False,False
80,13,17,OP_017,2,2,251,0,0,False,False,False
80,14,18,OP_018,2,2,1,0,0,False,False,False
80,15,0,OP_000,2,5,43,0,0,False,True,False
80,16,56,OP_056,1,1,2,0,0,False,False,False
80,17,12,OP_012,1,33,18,0,0,False,False,False
80,18,17,OP_017,1,2,251,0,0,False,False,False
80,19,0,OP_000,2,6,43,0,0,False,True,False
80,20,17,OP_017,3,2,251,0,0,False,False,False
80,21,0,OP_000,4,6,43,0,0,False,True,False
80,22,7,OP_007,3,3,4,0,0,False,False,False
80,23,17,OP_017,5,7,216,0,0,False,True,False
80,24,0,OP_000,6,8,43,0,0,False,True,False
80,25,7,OP_007,5,5,6,0,0,False,False,False
80,26,2,OP_002,5,0,0,0,0,False,False,False
80,27,33,OP_033,"[6, 7, 8]","[9, 10, 9]",None,None,2,False,False,False
80,28,34,OP_034,4,4,2,0,0,False,False,False
80,29,16,OP_016,256,2,0,0,0,False,False,False
80,30,284,OP_284,3,39,4,256,0,False,False,False
80,31,52,OP_052,3,3,4,0,0,False,False,False
80,32,1,OP_001,1,2,3,0,0,False,False,False
80,33,11,OP_011,23,33,37,0,0,False,False,False
80,34,20,OP_020,58,72,96,0,0,False,False,False
81,1,13,OP_013,2,1,3,0,0,False,False,False
81,2,37,OP_037,2,1,1,0,0,False,False,False
81,3,20,OP_020,12,18,33,0,0,False,False,False
82,1,16,OP_016,256,2,0,0,0,False,False,False
82,2,283,OP_283,2,1,-34,256,0,False,False,False
82,3,13,OP_013,2,1,72,0,0,False,False,False
82,4,37,OP_037,2,1,1,0,0,False,False,False
82,5,20,OP_020,38,30,29,0,0,False,False,False
83,1,13,OP_013,2,1,31,0,0,False,False,False
83,2,37,OP_037,2,1,1,0,0,False,False,False
83,3,20,OP_020,1,35,75,0,0,False,False,False
84,1,13,OP_013,2,1,55,0,0,False,False,False
84,2,37,OP_037,2,1,1,0,0,False,False,False
84,3,20,OP_020,1,36,35,0,0,False,False,False
85,1,13,OP_013,2,1,90,0,0,False,False,False
85,2,37,OP_037,2,1,1,0,0,False,False,False
85,3,20,OP_020,63,24,32,0,0,False,False,False
86,1,13,OP_013,2,1,20,0,0,False,False,False
86,2,37,OP_037,2,1,1,0,0,False,False,False
86,3,20,OP_020,6,68,31,0,0,False,False,False
87,1,13,OP_013,2,1,58,0,0,False,False,False
87,2,10,OP_010,3,17,3,0,0,False,False,False
87,3,0,OP_000,4,3,43,0,0,False,True,False
87,4,1,OP_001,3,4,1,0,0,False,False,False
87,5,3,OP_003,"[4, 5]","[4, 5]",None,None,2,False,False,False
87,6,1,OP_001,3,4,5,0,0,False,False,False
87,7,37,OP_037,2,1,3,0,0,False,False,False
87,8,20,OP_020,74,1,47,0,0,False,False,False
88,1,13,OP_013,2,1,10,0,0,False,False,False
88,2,10,OP_010,3,53,35,0,0,False,False,False
88,3,16,OP_016,256,2,0,0,0,False,False,False
88,4,282,OP_282,4,31,34,256,0,False,False,False
88,5,4,OP_004,4,3,29,0,0,False,True,False
88,6,1,OP_001,3,4,1,0,0,False,False,False
88,7,3,OP_003,"[4, 5]","[4, 5]",None,None,2,False,False,False
88,8,1,OP_001,3,4,5,0,0,False,False,False
88,9,37,OP_037,2,1,3,0,0,False,False,False
88,10,20,OP_020,52,82,20,0,0,False,False,False
89,1,16,OP_016,256,2,0,0,0,False,False,False
89,2,281,OP_281,-35,0,0,256,0,False,False,False
89,3,13,OP_013,2,1,16,0,0,False,False,False
89,4,10,OP_010,3,43,34,0,0,False,False,False
89,5,0,OP_000,4,3,43,0,0,False,True,False
89,6,1,OP_001,3,4,1,0,0,False,False,False
89,7,3,OP_003,"[4, 5]","[4, 5]",None,None,2,False,False,False
89,8,1,OP_001,3,4,5,0,0,False,False,False
89,9,37,OP_037,2,1,3,0,0,False,False,False
89,10,20,OP_020,49,42,98,0,0,False,False,False
90,1,13,OP_013,2,1,74,0,0,False,False,False
90,2,37,OP_037,2,1,1,0,0,False,False,False
90,3,20,OP_020,12,34,77,0,0,False,False,False
91,1,13,OP_013,2,1,15,0,0,False,False,False
91,2,37,OP_037,2,1,1,0,0,False,False,False
91,3,20,OP_020,16,46,97,0,0,False,False,False
92,1,13,OP_013,2,1,25,0,0,False,False,False
92,2,37,OP_037,2,1,1,0,0,False,False,False
92,3,20,OP_020,40,37,68,0,0,False,False,False
93,1,225,OP_225,1,2,95,0,0,False,False,False
93,2,10,OP_010,3,65,77,0,0,False,False,False
93,3,0,OP_000,4,3,43,0,0,False,True,False
93,4,16,OP_016,256,2,0,0,0,False,False,False
93,5,280,OP_280,-14,-17,1,256,0,False,False,False
93,6,1,OP_001,3,4,1,0,0,False,False,False
93,7,3,OP_003,"[4, 5]","[4, 5]",None,None,2,False,False,False
93,8,1,OP_001,3,4,5,0,0,False,False,False
93,9,37,OP_037,2,1,3,0,0,False,False,False
93,10,20,OP_020,58,19,52,0,0,False,False,False
94,1,13,OP_013,2,1,39,0,0,False,False,False
94,2,37,OP_037,2,1,1,0,0,False,False,False
94,3,20,OP_020,12,6,4,0,0,False,False,False
95,1,13,OP_013,2,1,54,0,0,False,False,False
95,2,37,OP_037,2,1,1,0,0,False,False,False
95,3,20,OP_020,42,83,20,0,0,False,False,False
96,1,13,OP_013,2,1,92,0,0,False,False,False
96,2,10,OP_010,3,13,80,0,0,False,False,False
96,3,0,OP_000,4,3,43,0,0,False,True,False
96,4,16,OP_016,256,2,0,0,0,False,False,False
96,5,243,OP_243,3,-35,1,256,0,False,False,False
96,6,1,OP_001,3,4,1,0,0,False,False,False
96,7,37,OP_037,2,1,3,0,0,False,False,False
96,8,20,OP_020,43,58,74,0,0,False,False,False
97,1,13,OP_013,2,1,51,0,0,False,False,False
97,2,37,OP_037,2,1,1,0,0,False,False,False
97,3,20,OP_020,10,60,54,0,0,False,False,False
98,1,13,OP_013,2,1,14,0,0,False,False,False
98,2,37,OP_037,2,1,1,0,0,False,False,False
98,3,20,OP_020,58,39,47,0,0,False,False,False
99,1,13,OP_013,2,1,58,0,0,False,False,False
99,2,37,OP_037,2,1,1,0,0,False,False,False
99,3,20,OP_020,63,37,10,0,0,False,False,False
100,1,13,OP_013,2,1,61,0,0,False,False,False
100,2,10,OP_010,3,24,72,0,0,False,False,False
100,3,0,OP_000,4,3,43,0,0,False,True,False
100,4,1,OP_001,3,4,1,0,0,False,False,False
100,5,16,OP_016,256,2,0,0,0,False,False,False
100,6,279,OP_279,2,1,31,256,0,False,False,False
100,7,37,OP_037,2,1,3,0,0,False,False,False
100,8,20,OP_020,68,92,60,0,0,False,False,False
101,1,13,OP_013,2,1,92,0,0,False,False,False
101,2,37,OP_037,2,1,1,0,0,False,False,False
101,3,20,OP_020,23,15,76,0,0,False,False,False
102,1,13,OP_013,2,1,77,0,0,False,False,False
102,2,37,OP_037,2,1,1,0,0,False,False,False
102,3,20,OP_020,21,47,57,0,0,False,False,False
103,1,13,OP_013,2,1,26,0,0,False,False,False
103,2,10,OP_010,3,79,66,0,0,False,False,False
103,3,0,OP_000,4,3,43,0,0,False,True,False
103,4,1,OP_001,3,4,1,0,0,False,False,False
103,5,37,OP_037,2,1,3,0,0,False,False,False
103,6,20,OP_020,9,7,72,0,0,False,False,False
104,1,13,OP_013,2,1,31,0,0,False,False,False
104,2,37,OP_037,2,1,1,0,0,False,False,False
104,3,20,OP_020,99,53,59,0,0,False,False,False
105,1,13,OP_013,2,1,53,0,0,False,False,False
105,2,37,OP_037,2,1,1,0,0,False,False,False
105,3,20,OP_020,27,55,42,0,0,False,False,False
106,1,13,OP_013,2,1,88,0,0,False,False,False
106,2,10,OP_010,3,27,76,0,0,False,False,False
106,3,0,OP_000,4,3,43,0,0,False,True,False
106,4,1,OP_001,3,4,1,0,0,False,False,False
106,5,3,OP_003,"[4, 5]","[4, 5]",None,None,2,False,False,False
106,6,16,OP_016,256,2,0,0,0,False,False,False
106,7,278,OP_278,3,4,-28,256,0,False,False,False
106,8,1,OP_001,3,4,5,0,0,False,False,False
106,9,37,OP_037,2,1,3,0,0,False,False,False
106,10,20,OP_020,51,55,83,0,0,False,False,False
107,1,13,OP_013,2,1,62,0,0,False,False,False
107,2,37,OP_037,2,1,1,0,0,False,False,False
107,3,20,OP_020,69,76,96,0,0,False,False,False
108,1,16,OP_016,256,2,0,0,0,False,False,False
108,2,244,OP_244,2,25,0,256,0,False,False,False
108,3,13,OP_013,2,1,94,0,0,False,False,False
108,4,37,OP_037,2,1,1,0,0,False,False,False
108,5,20,OP_020,26,16,90,0,0,False,False,False
109,1,16,OP_016,256,2,0,0,0,False,False,False
109,2,275,OP_275,-21,1,-27,256,0,False,False,False
109,3,13,OP_013,3,1,87,0,0,False,False,False
109,4,18,OP_018,3,1,2,0,0,False,False,False
109,5,12,OP_012,2,7,45,0,0,False,False,False
109,6,4,OP_004,257,6,22,0,0,False,False,False
109,7,35,OP_035,257,0,48,0,0,False,False,False
109,8,0,OP_000,2,4,43,0,0,False,True,False
109,9,13,OP_013,3,1,9,0,0,False,False,False
109,10,10,OP_010,4,91,94,0,0,False,False,False
109,11,0,OP_000,5,5,43,0,0,False,True,False
109,12,1,OP_001,4,5,1,0,0,False,False,False
109,13,0,OP_000,5,1,43,0,0,False,True,False
109,14,1,OP_001,4,5,2,0,0,False,False,False
109,15,37,OP_037,3,2,4,0,0,False,False,False
109,16,20,OP_020,72,14,92,0,0,False,False,False
110,1,16,OP_016,256,2,0,0,0,False,False,False
110,2,242,OP_242,3,1,-34,256,0,False,False,False
110,3,13,OP_013,3,1,2,0,0,False,False,False
110,4,18,OP_018,3,1,2,0,0,False,False,False
110,5,12,OP_012,2,6,9,0,0,False,False,False
110,6,11,OP_011,67,12,14,0,0,False,False,False
110,7,17,OP_017,3,4,216,0,0,False,True,False
110,8,0,OP_000,4,5,43,0,0,False,True,False
110,9,7,OP_007,3,3,4,0,0,False,False,False
110,10,2,OP_002,3,0,0,0,0,False,False,False
110,11,33,OP_033,"[4, 5, 6]","[6, 7, 8]",None,None,2,False,False,False
110,12,34,OP_034,2,4,2,0,0,False,False,False
110,13,13,OP_013,3,1,81,0,0,False,False,False
110,14,10,OP_010,4,40,61,0,0,False,False,False
110,15,0,OP_000,5,1,43,0,0,False,True,False
110,16,1,OP_001,4,5,2,0,0,False,False,False
110,17,0,OP_000,5,9,43,0,0,False,True,False
110,18,1,OP_001,4,5,1,0,0,False,False,False
110,19,37,OP_037,3,2,4,0,0,False,False,False
110,20,20,OP_020,64,51,70,0,0,False,False,False
111,1,13,OP_013,2,1,35,0,0,False,False,False
111,2,37,OP_037,2,1,1,0,0,False,False,False
111,3,20,OP_020,33,57,17,0,0,False,False,False
112,1,13,OP_013,2,1,95,0,0,False,False,False
112,2,37,OP_037,2,1,1,0,0,False,False,False
112,3,20,OP_020,76,42,89,0,0,False,False,False
113,1,16,OP_016,256,2,0,0,0,False,False,False
113,2,237,OP_237,2,25,0,256,0,False,False,False
113,3,13,OP_013,2,1,65,0,0,False,False,False
113,4,37,OP_037,2,1,1,0,0,False,False,False
113,5,20,OP_020,94,34,21,0,0,False,False,False
114,1,13,OP_013,2,1,17,0,0,False,False,False
114,2,37,OP_037,2,1,1,0,0,False,False,False
114,3,20,OP_020,39,75,84,0,0,False,False,False
115,1,13,OP_013,2,1,97,0,0,False,False,False
115,2,37,OP_037,2,1,1,0,0,False,False,False
115,3,20,OP_020,29,51,70,0,0,False,False,False
116,1,13,OP_013,2,1,33,0,0,False,False,False
116,2,10,OP_010,3,42,83,0,0,False,False,False
116,3,0,OP_000,4,3,43,0,0,False,True,False
116,4,1,OP_001,3,4,1,0,0,False,False,False
116,5,3,OP_003,"[4, 5]","[4, 5]",None,None,2,False,False,False
116,6,1,OP_001,3,4,5,0,0,False,False,False
116,7,16,OP_016,256,2,0,0,0,False,False,False
116,8,208,OP_208,-17,1,10,256,0,False,False,False
116,9,37,OP_037,2,1,3,0,0,False,False,False
116,10,20,OP_020,52,57,97,0,0,False,False,False
117,1,13,OP_013,2,1,90,0,0,False,False,False
117,2,10,OP_010,3,79,42,0,0,False,False,False
117,3,0,OP_000,4,3,43,0,0,False,True,False
117,4,1,OP_001,3,4,1,0,0,False,False,False
117,5,3,OP_003,"[4, 5]","[4, 5]",None,None,2,False,False,False
117,6,16,OP_016,256,2,0,0,0,False,False,False
117,7,207,OP_207,16,4,-30,256,0,False,False,False
117,8,1,OP_001,3,4,5,0,0,False,False,False
117,9,37,OP_037,2,1,3,0,0,False,False,False
117,10,20,OP_020,54,45,27,0,0,False,False,False
118,1,16,OP_016,256,2,0,0,0,False,False,False
118,2,206,OP_206,2,31,0,256,0,False,False,False
118,3,13,OP_013,2,1,84,0,0,False,False,False
118,4,10,OP_010,3,22,93,0,0,False,False,False
118,5,0,OP_000,4,3,43,0,0,False,True,False
118,6,1,OP_001,3,4,1,0,0,False,False,False
118,7,3,OP_003,"[4, 5]","[4, 5]",None,None,2,False,False,False
118,8,1,OP_001,3,4,5,0,0,False,False,False
118,9,37,OP_037,2,1,3,0,0,False,False,False
118,10,20,OP_020,51,80,98,0,0,False,False,False
119,1,16,OP_016,256,2,0,0,0,False,False,False
119,2,205,OP_205,2,6,0,256,0,False,False,False
119,3,13,OP_013,2,1,55,0,0,False,False,False
119,4,37,OP_037,2,1,1,0,0,False,False,False
119,5,20,OP_020,52,30,62,0,0,False,False,False
120,1,13,OP_013,2,1,25,0,0,False,False,False
120,2,37,OP_037,2,1,1,0,0,False,False,False
120,3,20,OP_020,94,92,78,0,0,False,False,False
121,1,13,OP_013,2,1,65,0,0,False,False,False
121,2,10,OP_010,3,91,85,0,0,False,False,False
121,3,0,OP_000,4,3,43,0,0,False,True,False
121,4,1,OP_001,3,4,1,0,0,False,False,False
121,5,16,OP_016,256,2,0,0,0,False,False,False
121,6,204,OP_204,2,1,44,256,0,False,False,False
121,7,37,OP_037,2,1,3,0,0,False,False,False
121,8,20,OP_020,1,92,2,0,0,False,False,False
122,1,13,OP_013,2,1,3,0,0,False,False,False
122,2,37,OP_037,2,1,1,0,0,False,False,False
122,3,20,OP_020,3,2,34,0,0,False,False,False
123,1,227,OP_227,1,2,37,0,0,False,False,False
123,2,37,OP_037,2,1,1,0,0,False,False,False
123,3,20,OP_020,63,20,39,0,0,False,False,False
124,1,13,OP_013,2,1,22,0,0,False,False,False
124,2,10,OP_010,3,1,23,0,0,False,False,False
124,3,0,OP_000,4,3,43,0,0,False,True,False
124,4,1,OP_001,3,4,1,0,0,False,False,False
124,5,37,OP_037,2,1,3,0,0,False,False,False
124,6,20,OP_020,77,5,72,0,0,False,False,False
125,1,13,OP_013,2,1,62,0,0,False,False,False
125,2,37,OP_037,2,1,1,0,0,False,False,False
125,3,20,OP_020,83,34,23,0,0,False,False,False
126,1,13,OP_013,2,1,75,0,0,False,False,False
126,2,37,OP_037,2,1,1,0,0,False,False,False
126,3,20,OP_020,90,44,62,0,0,False,False,False
127,1,16,OP_016,256,2,0,0,0,False,False,False
127,2,203,OP_203,33,-37,6,256,0,False,False,False
127,3,13,OP_013,3,1,3,0,0,False,False,False
127,4,18,OP_018,3,1,2,0,0,False,False,False
127,5,12,OP_012,2,6,81,0,0,False,False,False
127,6,11,OP_011,19,17,61,0,0,False,False,False
127,7,10,OP_010,2,48,6,0,0,False,False,False
127,8,0,OP_000,3,3,43,0,0,False,True,False
127,9,17,OP_017,5,4,216,0,0,False,True,False
127,10,0,OP_000,6,5,43,0,0,False,True,False
127,11,7,OP_007,5,5,6,0,0,False,False,False
127,12,2,OP_002,5,0,0,0,0,False,False,False
127,13,33,OP_033,"[6, 7, 8]","[6, 7, 7]",None,None,2,False,False,False
127,14,34,OP_034,4,4,2,0,0,False,False,False
127,15,1,OP_001,2,3,4,0,0,False,False,False
127,16,3,OP_003,"[3, 4]","[8, 9]",None,None,2,False,False,False
127,17,1,OP_001,2,3,4,0,0,False,False,False
127,18,13,OP_013,3,1,53,0,0,False,False,False
127,19,10,OP_010,4,64,31,0,0,False,False,False
127,20,0,OP_000,5,3,43,0,0,False,True,False
127,21,1,OP_001,4,5,1,0,0,False,False,False
127,22,3,OP_003,"[5, 7]","[8, 8]",None,None,2,False,False,False
127,23,7,OP_007,6,2,7,0,0,False,False,False
127,24,1,OP_001,4,5,6,0,0,False,False,False
127,25,37,OP_037,3,2,4,0,0,False,False,False
127,26,20,OP_020,19,61,81,0,0,False,False,False
128,1,13,OP_013,3,1,84,0,0,False,False,False
128,2,16,OP_016,256,2,0,0,0,False,False,False
128,3,202,OP_202,3,-9,2,256,0,False,False,False
128,4,18,OP_018,3,1,2,0,0,False,False,False
128,5,12,OP_012,2,7,62,0,0,False,False,False
128,6,4,OP_004,257,10,71,0,0,False,False,False
128,7,35,OP_035,257,0,82,0,0,False,False,False
128,8,10,OP_010,2,36,31,0,0,False,False,False
128,9,0,OP_000,3,3,43,0,0,False,True,False
128,10,17,OP_017,5,4,216,0,0,False,True,False
128,11,0,OP_000,6,5,43,0,0,False,True,False
128,12,7,OP_007,5,5,6,0,0,False,False,False
128,13,2,OP_002,5,0,0,0,0,False,False,False
128,14,33,OP_033,"[6, 7, 8]","[6, 7, 7]",None,None,2,False,False,False
128,15,34,OP_034,4,4,2,0,0,False,False,False
128,16,1,OP_001,2,3,4,0,0,False,False,False
128,17,3,OP_003,"[3, 4]","[8, 9]",None,None,2,False,False,False
128,18,1,OP_001,2,3,4,0,0,False,False,False
128,19,13,OP_013,3,1,54,0,0,False,False,False
128,20,10,OP_010,4,92,9,0,0,False,False,False
128,21,3,OP_003,"[5, 7]","[3, 3]",None,None,2,False,False,False
128,22,7,OP_007,6,2,7,0,0,False,False,False
128,23,1,OP_001,4,5,6,0,0,False,False,False
128,24,0,OP_000,5,8,43,0,0,False,True,False
128,25,1,OP_001,4,5,1,0,0,False,False,False
128,26,37,OP_037,3,2,4,0,0,False,False,False
128,27,20,OP_020,1,42,4,0,0,False,False,False
129,1,13,OP_013,1,1,31,0,0,False,False,False
129,2,0,OP_000,2,1,43,0,0,False,True,False
129,3,7,OP_007,1,1,2,0,0,False,False,False
129,4,13,OP_013,2,1,78,0,0,False,False,False
129,5,0,OP_000,3,2,43,0,0,False,True,False
129,6,7,OP_007,2,2,3,0,0,False,False,False
129,7,3,OP_003,"[3, 4]","[3, 4]",None,None,2,False,False,False
129,8,16,OP_016,256,2,0,0,0,False,False,False
129,9,201,OP_201,-24,3,4,256,0,False,False,False
129,10,1,OP_001,1,3,4,0,0,False,False,False
129,11,3,OP_003,"[3, 4]","[5, 4]",None,None,2,False,False,False
129,12,1,OP_001,1,3,4,0,0,False,False,False
129,13,3,OP_003,"[3, 4]","[6, 7]",None,None,2,False,False,False
129,14,1,OP_001,1,3,4,0,0,False,False,False
129,15,3,OP_003,"[3, 4]","[8, 9]",None,None,2,False,False,False
129,16,1,OP_001,1,3,4,0,0,False,False,False
129,17,3,OP_003,"[3, 4]","[10, 7]",None,None,2,False,False,False
129,18,1,OP_001,1,3,4,0,0,False,False,False
129,19,3,OP_003,"[3, 4]","[11, 12]",None,None,2,False,False,False
129,20,1,OP_001,1,3,4,0,0,False,False,False
129,21,3,OP_003,"[3, 4]","[13, 7]",None,None,2,False,False,False
129,22,1,OP_001,1,3,4,0,0,False,False,False
129,23,3,OP_003,"[3, 4]","[14, 15]",None,None,2,False,False,False
129,24,1,OP_001,1,3,4,0,0,False,False,False
129,25,3,OP_003,"[3, 4]","[16, 7]",None,None,2,False,False,False
129,26,1,OP_001,1,3,4,0,0,False,False,False
129,27,3,OP_003,"[3, 4]","[17, 18]",None,None,2,False,False,False
129,28,1,OP_001,1,3,4,0,0,False,False,False
129,29,3,OP_003,"[3, 4]","[19, 4]",None,None,2,False,False,False
129,30,1,OP_001,1,3,4,0,0,False,False,False
129,31,3,OP_003,"[3, 4]","[20, 7]",None,None,2,False,False,False
129,32,1,OP_001,1,3,4,0,0,False,False,False
129,33,3,OP_003,"[3, 4]","[21, 7]",None,None,2,False,False,False
129,34,1,OP_001,1,3,4,0,0,False,False,False
129,35,3,OP_003,"[3, 4]","[22, 18]",None,None,2,False,False,False
129,36,1,OP_001,1,3,4,0,0,False,False,False
129,37,3,OP_003,"[3, 4]","[23, 4]",None,None,2,False,False,False
129,38,1,OP_001,1,3,4,0,0,False,False,False
129,39,3,OP_003,"[3, 4]","[24, 4]",None,None,2,False,False,False
129,40,1,OP_001,1,3,4,0,0,False,False,False
129,41,3,OP_003,"[3, 4]","[3, 4]",None,None,2,False,False,False
129,42,1,OP_001,2,3,4,0,0,False,False,False
129,43,3,OP_003,"[3, 4]","[6, 7]",None,None,2,False,False,False
129,44,1,OP_001,2,3,4,0,0,False,False,False
129,45,3,OP_003,"[3, 4]","[8, 9]",None,None,2,False,False,False
129,46,1,OP_001,2,3,4,0,0,False,False,False
129,47,3,OP_003,"[3, 4]","[10, 7]",None,None,2,False,False,False
129,48,1,OP_001,2,3,4,0,0,False,False,False
129,49,3,OP_003,"[3, 4]","[16, 7]",None,None,2,False,False,False
129,50,1,OP_001,2,3,4,0,0,False,False,False
129,51,3,OP_003,"[3, 4]","[21, 7]",None,None,2,False,False,False
129,52,1,OP_001,2,3,4,0,0,False,False,False
129,53,3,OP_003,"[3, 4]","[24, 4]",None,None,2,False,False,False
129,54,1,OP_001,2,3,4,0,0,False,False,False
129,55,20,OP_020,93,66,91,0,0,False,False,False
130,1,17,OP_017,1,1,251,0,0,False,False,False
130,2,12,OP_012,1,4,25,0,0,False,False,False
130,3,20,OP_020,10,64,41,0,0,False,False,False
130,4,11,OP_011,88,4,44,0,0,False,False,False
130,5,0,OP_000,1,1,43,0,0,False,True,False
130,6,16,OP_016,256,2,0,0,0,False,False,False
130,7,200,OP_200,31,1,15,256,0,False,False,False
130,8,66,OP_066,1,1,62,0,0,False,False,False
130,9,13,OP_013,1,2,17,0,0,False,False,False
130,10,0,OP_000,3,2,43,0,0,False,True,False
130,11,5,OP_005,1,1,3,0,0,False,False,False
130,12,6,OP_006,"[1, 2]",None,None,None,3,False,False,False
130,13,8,OP_008,3,3,77,0,0,False,False,False
130,14,32,OP_032,4,1,0,0,0,False,False,False
130,15,2,OP_002,4,0,0,0,0,False,False,False
130,16,15,OP_015,1,4,1,0,0,False,False,False
130,17,17,OP_017,2,6,216,0,0,False,True,False
130,18,0,OP_000,3,7,43,0,0,False,True,False
130,19,7,OP_007,2,2,3,0,0,False,False,False
130,20,2,OP_002,2,0,0,0,0,False,False,False
130,21,13,OP_013,4,3,6,0,0,False,False,False
130,22,18,OP_018,4,2,3,0,0,False,False,False
130,23,2,OP_002,3,0,0,0,0,False,False,False
130,24,22,OP_022,1,2,1,0,0,False,False,False
130,25,13,OP_013,1,2,76,0,0,False,False,False
130,26,0,OP_000,3,2,43,0,0,False,True,False
130,27,5,OP_005,1,1,3,0,0,False,False,False
130,28,6,OP_006,"[1, 2]",None,None,None,3,False,False,False
130,29,8,OP_008,3,3,55,0,0,False,False,False
130,30,32,OP_032,4,3,0,0,0,False,False,False
130,31,2,OP_002,4,0,0,0,0,False,False,False
130,32,15,OP_015,1,4,1,0,0,False,False,False
130,33,17,OP_017,2,6,216,0,0,False,True,False
130,34,0,OP_000,3,7,43,0,0,False,True,False
130,35,7,OP_007,2,2,3,0,0,False,False,False
130,36,2,OP_002,2,0,0,0,0,False,False,False
130,37,13,OP_013,4,3,86,0,0,False,False,False
130,38,18,OP_018,4,4,3,0,0,False,False,False
130,39,2,OP_002,3,0,0,0,0,False,False,False
130,40,22,OP_022,1,2,1,0,0,False,False,False
130,41,0,OP_000,1,12,43,0,0,False,True,False
130,42,39,OP_039,1,1,220,0,0,False,False,False
130,43,20,OP_020,49,91,11,0,0,False,False,False
131,1,16,OP_016,256,2,0,0,0,False,False,False
131,2,199,OP_199,49,1,0,256,0,False,False,False
131,3,13,OP_013,5,1,66,0,0,False,False,False
131,4,18,OP_018,5,1,4,0,0,False,False,False
131,5,39,OP_039,4,4,63,0,0,False,False,False
131,6,12,OP_012,4,8,10,0,0,False,False,False
131,7,20,OP_020,23,13,47,0,0,False,False,False
131,8,11,OP_011,2,8,19,0,0,False,False,False
131,9,13,OP_013,5,2,40,0,0,False,False,False
131,10,46,OP_046,4,1,5,0,0,False,False,False
131,11,12,OP_012,4,13,72,0,0,False,False,False
131,12,20,OP_020,26,99,46,0,0,False,False,False
131,13,11,OP_011,18,13,37,0,0,False,False,False
131,14,13,OP_013,4,3,74,0,0,False,False,False
131,15,9,OP_009,6,3,19,0,0,False,False,False
131,16,18,OP_018,6,2,5,0,0,False,False,False
131,17,7,OP_007,4,4,5,0,0,False,False,False
131,18,39,OP_039,5,4,63,0,0,False,False,False
131,19,12,OP_012,5,21,76,0,0,False,False,False
131,20,4,OP_004,258,25,43,0,0,False,False,False
131,21,35,OP_035,258,0,83,0,0,False,False,False
131,22,0,OP_000,6,5,43,0,0,False,True,False
131,23,211,OP_211,5,4,6,0,0,False,False,False
131,24,12,OP_012,5,27,66,0,0,False,False,False
131,25,20,OP_020,21,77,44,0,0,False,False,False
131,26,4,OP_004,259,26,28,0,0,False,False,False
131,27,35,OP_035,259,0,54,0,0,False,False,False
131,28,13,OP_013,5,2,26,0,0,False,False,False
131,29,16,OP_016,257,2,0,0,0,False,False,False
131,30,198,OP_198,6,-33,0,257,0,False,False,False
131,31,4,OP_004,6,6,67,0,0,False,True,False
131,32,7,OP_007,5,5,6,0,0,False,False,False
131,33,39,OP_039,6,5,63,0,0,False,False,False
131,34,12,OP_012,6,36,35,0,0,False,False,False
131,35,20,OP_020,77,31,95,0,0,False,False,False
131,36,11,OP_011,32,36,36,0,0,False,False,False
131,37,9,OP_009,6,5,19,0,0,False,False,False
131,38,0,OP_000,8,7,43,0,0,False,True,False
131,39,5,OP_005,6,6,8,0,0,False,False,False
131,40,6,OP_006,"[6, 7]",None,None,None,3,False,False,False
131,41,8,OP_008,8,8,70,0,0,False,False,False
131,42,24,OP_024,6,3,2,0,0,False,False,False
131,43,9,OP_009,7,2,19,0,0,False,False,False
131,44,0,OP_000,9,7,43,0,0,False,True,False
131,45,5,OP_005,7,7,9,0,0,False,False,False
131,46,6,OP_006,"[7, 8]",None,None,None,3,False,False,False
131,47,8,OP_008,9,8,4,0,0,False,False,False
131,48,24,OP_024,7,3,2,0,0,False,False,False
131,49,39,OP_039,8,6,63,0,0,False,False,False
131,50,12,OP_012,8,51,1,0,0,False,False,False
131,51,11,OP_011,98,52,94,0,0,False,False,False
131,52,39,OP_039,8,7,63,0,0,False,False,False
131,53,12,OP_012,8,55,27,0,0,False,False,False
131,54,20,OP_020,88,94,66,0,0,False,False,False
131,55,11,OP_011,90,55,91,0,0,False,False,False
131,56,0,OP_000,9,9,43,0,0,False,True,False
131,57,7,OP_007,8,6,9,0,0,False,False,False
131,58,0,OP_000,10,9,43,0,0,False,True,False
131,59,7,OP_007,9,7,10,0,0,False,False,False
131,60,54,OP_054,8,8,9,0,0,False,False,False
131,61,0,OP_000,9,10,43,0,0,False,True,False
131,62,7,OP_007,8,8,9,0,0,False,False,False
131,63,13,OP_013,11,4,44,0,0,False,False,False
131,64,18,OP_018,11,3,10,0,0,False,False,False
131,65,59,OP_059,9,8,10,0,0,False,False,False
131,66,12,OP_012,9,68,75,0,0,False,False,False
131,67,20,OP_020,69,50,20,0,0,False,False,False
131,68,11,OP_011,19,68,62,0,0,False,False,False
131,69,13,OP_013,11,4,17,0,0,False,False,False
131,70,18,OP_018,11,4,10,0,0,False,False,False
131,71,68,OP_068,9,4,10,0,0,False,False,False
131,72,13,OP_013,11,1,61,0,0,False,False,False
131,73,18,OP_018,11,5,10,0,0,False,False,False
131,74,12,OP_012,10,105,36,0,0,False,False,False
131,75,13,OP_013,10,5,54,0,0,False,False,False
131,76,9,OP_009,12,3,19,0,0,False,False,False
131,77,18,OP_018,12,6,11,0,0,False,False,False
131,78,7,OP_007,10,10,11,0,0,False,False,False
131,79,12,OP_012,10,80,92,0,0,False,False,False
131,80,11,OP_011,79,81,27,0,0,False,False,False
131,81,0,OP_000,10,14,43,0,0,False,True,False
131,82,17,OP_017,12,15,216,0,0,False,True,False
131,83,0,OP_000,13,16,43,0,0,False,True,False
131,84,7,OP_007,12,12,13,0,0,False,False,False
131,85,2,OP_002,12,0,0,0,0,False,False,False
131,86,8,OP_008,13,17,81,0,0,False,False,False
131,87,0,OP_000,15,18,43,0,0,False,True,False
131,88,7,OP_007,14,1,15,0,0,False,False,False
131,89,6,OP_006,"[14, 10]",None,None,None,3,False,False,False
131,90,17,OP_017,17,19,216,0,0,False,True,False
131,91,0,OP_000,18,20,43,0,0,False,True,False
131,92,7,OP_007,17,17,18,0,0,False,False,False
131,93,2,OP_002,17,0,0,0,0,False,False,False
131,94,2,OP_002,8,0,0,0,0,False,False,False
131,95,38,OP_038,16,2,2,0,0,False,False,False
131,96,2,OP_002,16,0,0,0,0,False,False,False
131,97,2,OP_002,9,0,0,0,0,False,False,False
131,98,235,OP_235,11,6,2,0,0,False,False,False
131,99,13,OP_013,12,6,61,0,0,False,False,False
131,100,0,OP_000,14,21,43,0,0,False,True,False
131,101,5,OP_005,12,12,14,0,0,False,False,False
131,102,6,OP_006,"[12, 13, 11]",None,None,None,3,False,False,False
131,103,8,OP_008,15,22,82,0,0,False,False,False
131,104,15,OP_015,12,4,1,0,0,False,False,False
131,105,11,OP_011,38,105,16,0,0,False,False,False
131,106,17,OP_017,11,23,216,0,0,False,True,False
131,107,0,OP_000,12,24,43,0,0,False,True,False
131,108,7,OP_007,11,11,12,0,0,False,False,False
131,109,6,OP_006,"[11, 9]",None,None,None,3,False,False,False
131,110,17,OP_017,13,7,251,0,0,False,False,False
131,111,2,OP_002,13,0,0,0,0,False,False,False
131,112,23,OP_023,10,3,1,0,0,False,False,False
131,113,20,OP_020,84,97,80,0,0,False,False,False
132,1,13,OP_013,3,1,87,0,0,False,False,False
132,2,16,OP_016,256,2,0,0,0,False,False,False
132,3,197,OP_197,-13,-36,3,256,0,False,False,False
132,4,46,OP_046,2,1,3,0,0,False,False,False
132,5,12,OP_012,2,7,34,0,0,False,False,False
132,6,20,OP_020,26,98,5,0,0,False,False,False
132,7,11,OP_011,19,7,9,0,0,False,False,False
132,8,30,OP_030,2,6,38,0,0,False,False,False
132,9,14,OP_014,3,1,0,0,0,False,False,False
132,10,29,OP_029,2,3,16,0,0,False,False,False
132,11,0,OP_000,4,1,43,0,0,False,True,False
132,12,7,OP_007,3,1,4,0,0,False,False,False
132,13,12,OP_012,3,20,68,0,0,False,False,False
132,14,50,OP_050,4,2,93,0,0,False,False,False
132,15,2,OP_002,4,0,0,0,0,False,False,False
132,16,0,OP_000,6,1,43,0,0,False,True,False
132,17,7,OP_007,5,1,6,0,0,False,False,False
132,18,2,OP_002,5,0,0,0,0,False,False,False
132,19,22,OP_022,3,2,1,0,0,False,False,False
132,20,11,OP_011,23,20,82,0,0,False,False,False
132,21,0,OP_000,4,2,43,0,0,False,True,False
132,22,7,OP_007,3,1,4,0,0,False,False,False
132,23,0,OP_000,5,3,43,0,0,False,True,False
132,24,5,OP_005,3,3,5,0,0,False,False,False
132,25,6,OP_006,"[3, 4]",None,None,None,3,False,False,False
132,26,50,OP_050,5,2,56,0,0,False,False,False
132,27,2,OP_002,5,0,0,0,0,False,False,False
132,28,23,OP_023,3,3,1,0,0,False,False,False
132,29,20,OP_020,43,59,73,0,0,False,False,False
133,1,9,OP_009,2,1,19,0,0,False,False,False
133,2,0,OP_000,4,1,43,0,0,False,True,False
133,3,5,OP_005,2,2,4,0,0,False,False,False
133,4,6,OP_006,"[2, 3]",None,None,None,3,False,False,False
133,5,33,OP_033,"[4, 5]","[2, 3]",None,None,2,False,False,False
133,6,34,OP_034,2,4,2,0,0,False,False,False
133,7,39,OP_039,3,2,63,0,0,False,False,False
133,8,12,OP_012,3,10,4,0,0,False,False,False
133,9,20,OP_020,41,48,78,0,0,False,False,False
133,10,11,OP_011,44,10,37,0,0,False,False,False
133,11,0,OP_000,4,4,43,0,0,False,True,False
133,12,7,OP_007,3,2,4,0,0,False,False,False
133,13,0,OP_000,5,5,43,0,0,False,True,False
133,14,5,OP_005,3,3,5,0,0,False,False,False
133,15,6,OP_006,"[3, 4]",None,None,None,3,False,False,False
133,16,14,OP_014,5,1,0,0,0,False,False,False
133,17,2,OP_002,5,0,0,0,0,False,False,False
133,18,23,OP_023,3,3,1,0,0,False,False,False
133,19,20,OP_020,51,78,72,0,0,False,False,False
134,1,17,OP_017,3,1,251,0,0,False,False,False
134,2,2,OP_002,3,0,0,0,0,False,False,False
134,3,13,OP_013,4,2,59,0,0,False,False,False
134,4,2,OP_002,4,0,0,0,0,False,False,False
134,5,13,OP_013,5,3,16,0,0,False,False,False
134,6,2,OP_002,5,0,0,0,0,False,False,False
134,7,2,OP_002,1,0,0,0,0,False,False,False
134,8,15,OP_015,2,4,1,0,0,False,False,False
134,9,20,OP_020,5,7,49,0,0,False,False,False
135,1,20,OP_020,94,70,84,0,0,False,False,False
136,1,13,OP_013,3,1,20,0,0,False,False,False
136,2,18,OP_018,3,1,2,0,0,False,False,False
136,3,26,OP_026,2,5,62,0,0,False,False,False
136,4,4,OP_004,256,23,22,0,0,False,False,False
136,5,35,OP_035,256,0,13,0,0,False,False,False
136,6,19,OP_019,3,3,58,0,0,False,True,False
136,7,4,OP_004,4,4,47,0,0,False,True,False
136,8,7,OP_007,3,3,4,0,0,False,False,False
136,9,2,OP_002,3,0,0,0,0,False,False,False
136,10,13,OP_013,5,2,25,0,0,False,False,False
136,11,18,OP_018,5,2,4,0,0,False,False,False
136,12,2,OP_002,4,0,0,0,0,False,False,False
136,13,38,OP_038,2,2,2,0,0,False,False,False
136,14,26,OP_026,2,15,71,0,0,False,False,False
136,15,11,OP_011,86,17,20,0,0,False,False,False
136,16,13,OP_013,3,1,85,0,0,False,False,False
136,17,18,OP_018,3,3,2,0,0,False,False,False
136,18,12,OP_012,2,47,89,0,0,False,False,False
136,19,13,OP_013,3,2,46,0,0,False,False,False
136,20,18,OP_018,3,4,2,0,0,False,False,False
136,21,12,OP_012,2,0,53,0,0,False,False,False
136,22,19,OP_019,3,8,59,0,0,False,True,False
136,23,3,OP_003,"[5, 6]","[9, 10]",None,None,2,False,False,False
136,24,25,OP_025,3,3,2,6,0,False,False,False
136,25,18,OP_018,3,5,2,0,0,False,False,False
136,26,4,OP_004,4,15,66,0,0,False,True,False
136,27,5,OP_005,2,2,4,0,0,False,False,False
136,28,6,OP_006,"[2, 3]",None,None,None,3,False,False,False
136,29,8,OP_008,4,16,14,0,0,False,False,False
136,30,10,OP_010,5,42,57,0,0,False,False,False
136,31,3,OP_003,"[6, 7]","[17, 18]",None,None,2,False,False,False
136,32,1,OP_001,5,6,7,0,0,False,False,False
136,33,4,OP_004,6,19,71,0,0,False,True,False
136,34,10,OP_010,7,85,50,0,0,False,False,False
136,35,19,OP_019,11,20,91,0,0,False,True,False
136,36,2,OP_002,11,0,0,0,0,False,False,False
136,37,13,OP_013,13,2,56,0,0,False,False,False
136,38,18,OP_018,13,6,12,0,0,False,False,False
136,39,2,OP_002,12,0,0,0,0,False,False,False
136,40,38,OP_038,8,2,2,0,0,False,False,False
136,41,3,OP_003,"[9, 10]","[21, 22]",None,None,2,False,False,False
136,42,78,OP_078,7,3,0,0,0,False,False,False
136,43,1,OP_001,5,6,7,0,0,False,False,False
136,44,2,OP_002,5,0,0,0,0,False,False,False
136,45,15,OP_015,2,4,1,0,0,False,False,False
136,46,11,OP_011,98,0,51,0,0,False,False,False
136,47,11,OP_011,48,0,21,0,0,False,False,False
136,48,20,OP_020,96,60,87,0,0,False,False,False
137,1,13,OP_013,3,1,63,0,0,False,False,False
137,2,18,OP_018,3,1,2,0,0,False,False,False
137,3,26,OP_026,2,4,33,0,0,False,False,False
137,4,11,OP_011,22,12,14,0,0,False,False,False
137,5,19,OP_019,3,3,30,0,0,False,True,False
137,6,4,OP_004,4,4,91,0,0,False,True,False
137,7,7,OP_007,3,3,4,0,0,False,False,False
137,8,2,OP_002,3,0,0,0,0,False,False,False
137,9,13,OP_013,5,2,29,0,0,False,False,False
137,10,18,OP_018,5,2,4,0,0,False,False,False
137,11,2,OP_002,4,0,0,0,0,False,False,False
137,12,38,OP_038,2,2,2,0,0,False,False,False
137,13,26,OP_026,2,14,88,0,0,False,False,False
137,14,11,OP_011,63,16,75,0,0,False,False,False
137,15,13,OP_013,3,1,39,0,0,False,False,False
137,16,18,OP_018,3,3,2,0,0,False,False,False
137,17,12,OP_012,2,47,27,0,0,False,False,False
137,18,13,OP_013,3,2,38,0,0,False,False,False
137,19,18,OP_018,3,4,2,0,0,False,False,False
137,20,12,OP_012,2,0,22,0,0,False,False,False
137,21,19,OP_019,3,8,39,0,0,False,True,False
137,22,3,OP_003,"[5, 6]","[9, 10]",None,None,2,False,False,False
137,23,25,OP_025,3,3,2,6,0,False,False,False
137,24,18,OP_018,3,5,2,0,0,False,False,False
137,25,4,OP_004,4,15,70,0,0,False,True,False
137,26,5,OP_005,2,2,4,0,0,False,False,False
137,27,6,OP_006,"[2, 3]",None,None,None,3,False,False,False
137,28,8,OP_008,4,16,26,0,0,False,False,False
137,29,10,OP_010,5,26,64,0,0,False,False,False
137,30,3,OP_003,"[6, 7]","[17, 18]",None,None,2,False,False,False
137,31,1,OP_001,5,6,7,0,0,False,False,False
137,32,4,OP_004,6,19,24,0,0,False,True,False
137,33,10,OP_010,7,52,22,0,0,False,False,False
137,34,19,OP_019,11,20,36,0,0,False,True,False
137,35,2,OP_002,11,0,0,0,0,False,False,False
137,36,13,OP_013,13,2,14,0,0,False,False,False
137,37,18,OP_018,13,6,12,0,0,False,False,False
137,38,2,OP_002,12,0,0,0,0,False,False,False
137,39,38,OP_038,8,2,2,0,0,False,False,False
137,40,3,OP_003,"[9, 10]","[21, 22]",None,None,2,False,False,False
137,41,78,OP_078,7,3,0,0,0,False,False,False
137,42,1,OP_001,5,6,7,0,0,False,False,False
137,43,2,OP_002,5,0,0,0,0,False,False,False
137,44,15,OP_015,2,4,1,0,0,False,False,False
137,45,4,OP_004,256,23,74,0,0,False,False,False
137,46,35,OP_035,256,0,24,0,0,False,False,False
137,47,11,OP_011,85,0,44,0,0,False,False,False
137,48,20,OP_020,24,95,2,0,0,False,False,False
138,1,13,OP_013,3,1,20,0,0,False,False,False
138,2,18,OP_018,3,1,2,0,0,False,False,False
138,3,26,OP_026,2,4,62,0,0,False,False,False
138,4,11,OP_011,49,12,81,0,0,False,False,False
138,5,19,OP_019,3,3,92,0,0,False,True,False
138,6,4,OP_004,4,4,79,0,0,False,True,False
138,7,7,OP_007,3,3,4,0,0,False,False,False
138,8,2,OP_002,3,0,0,0,0,False,False,False
138,9,13,OP_013,5,2,82,0,0,False,False,False
138,10,18,OP_018,5,2,4,0,0,False,False,False
138,11,2,OP_002,4,0,0,0,0,False,False,False
138,12,38,OP_038,2,2,2,0,0,False,False,False
138,13,26,OP_026,2,14,61,0,0,False,False,False
138,14,11,OP_011,58,16,61,0,0,False,False,False
138,15,13,OP_013,3,1,77,0,0,False,False,False
138,16,18,OP_018,3,3,2,0,0,False,False,False
138,17,12,OP_012,2,46,87,0,0,False,False,False
138,18,13,OP_013,3,2,48,0,0,False,False,False
138,19,18,OP_018,3,4,2,0,0,False,False,False
138,20,12,OP_012,2,0,7,0,0,False,False,False
138,21,19,OP_019,3,8,90,0,0,False,True,False
138,22,3,OP_003,"[5, 6]","[9, 10]",None,None,2,False,False,False
138,23,25,OP_025,3,3,2,6,0,False,False,False
138,24,18,OP_018,3,5,2,0,0,False,False,False
138,25,4,OP_004,4,15,80,0,0,False,True,False
138,26,5,OP_005,2,2,4,0,0,False,False,False
138,27,6,OP_006,"[2, 3]",None,None,None,3,False,False,False
138,28,8,OP_008,4,16,75,0,0,False,False,False
138,29,10,OP_010,5,54,35,0,0,False,False,False
138,30,3,OP_003,"[6, 7]","[17, 18]",None,None,2,False,False,False
138,31,1,OP_001,5,6,7,0,0,False,False,False
138,32,4,OP_004,6,19,28,0,0,False,True,False
138,33,10,OP_010,7,69,41,0,0,False,False,False
138,34,19,OP_019,11,20,87,0,0,False,True,False
138,35,2,OP_002,11,0,0,0,0,False,False,False
138,36,13,OP_013,13,2,52,0,0,False,False,False
138,37,18,OP_018,13,6,12,0,0,False,False,False
138,38,2,OP_002,12,0,0,0,0,False,False,False
138,39,38,OP_038,8,2,2,0,0,False,False,False
138,40,3,OP_003,"[9, 10]","[21, 22]",None,None,2,False,False,False
138,41,78,OP_078,7,3,0,0,0,False,False,False
138,42,1,OP_001,5,6,7,0,0,False,False,False
138,43,2,OP_002,5,0,0,0,0,False,False,False
138,44,228,OP_228,4,2,1,0,0,False,False,False
138,45,11,OP_011,68,0,2,0,0,False,False,False
138,46,11,OP_011,12,0,48,0,0,False,False,False
138,47,241,OP_241,10,29,26,0,0,False,False,False
139,1,16,OP_016,256,2,0,0,0,False,False,False
139,2,196,OP_196,-32,1,-8,256,0,False,False,False
139,3,19,OP_019,3,1,98,0,0,False,True,False
139,4,0,OP_000,4,2,43,0,0,False,True,False
139,5,7,OP_007,3,3,4,0,0,False,False,False
139,6,2,OP_002,3,0,0,0,0,False,False,False
139,7,14,OP_014,4,1,0,0,0,False,False,False
139,8,2,OP_002,4,0,0,0,0,False,False,False
139,9,22,OP_022,2,2,1,0,0,False,False,False
139,10,20,OP_020,57,81,82,0,0,False,False,False
140,1,13,OP_013,1,1,37,0,0,False,False,False
140,2,13,OP_013,2,2,5,0,0,False,False,False
140,3,7,OP_007,1,1,2,0,0,False,False,False
140,4,4,OP_004,2,1,56,0,0,False,True,False
140,5,7,OP_007,1,1,2,0,0,False,False,False
140,6,26,OP_026,1,7,14,0,0,False,False,False
140,7,11,OP_011,21,9,65,0,0,False,False,False
140,8,13,OP_013,2,1,42,0,0,False,False,False
140,9,18,OP_018,2,1,1,0,0,False,False,False
140,10,26,OP_026,1,11,21,0,0,False,False,False
140,11,11,OP_011,27,22,97,0,0,False,False,False
140,12,19,OP_019,2,3,6,0,0,False,True,False
140,13,4,OP_004,3,4,44,0,0,False,True,False
140,14,7,OP_007,2,2,3,0,0,False,False,False
140,15,2,OP_002,2,0,0,0,0,False,False,False
140,16,13,OP_013,3,3,56,0,0,False,False,False
140,17,13,OP_013,4,4,4,0,0,False,False,False
140,18,7,OP_007,3,3,4,0,0,False,False,False
140,19,4,OP_004,4,1,66,0,0,False,True,False
140,20,7,OP_007,3,3,4,0,0,False,False,False
140,21,2,OP_002,3,0,0,0,0,False,False,False
140,22,38,OP_038,1,2,2,0,0,False,False,False
140,23,12,OP_012,1,65,52,0,0,False,False,False
140,24,13,OP_013,1,3,77,0,0,False,False,False
140,25,13,OP_013,2,5,52,0,0,False,False,False
140,26,7,OP_007,1,1,2,0,0,False,False,False
140,27,4,OP_004,2,1,87,0,0,False,True,False
140,28,7,OP_007,1,1,2,0,0,False,False,False
140,29,21,OP_021,2,1,30,0,0,False,False,False
140,30,26,OP_026,2,31,42,0,0,False,False,False
140,31,11,OP_011,16,33,12,0,0,False,False,False
140,32,4,OP_004,3,5,65,0,0,False,True,False
140,33,53,OP_053,2,1,3,0,0,False,False,False
140,34,12,OP_012,2,0,47,0,0,False,False,False
140,35,19,OP_019,3,6,3,0,0,False,True,False
140,36,3,OP_003,"[5, 6]","[7, 8]",None,None,2,False,False,False
140,37,25,OP_025,3,3,2,6,0,False,False,False
140,38,18,OP_018,3,2,2,0,0,False,False,False
140,39,4,OP_004,4,13,74,0,0,False,True,False
140,40,5,OP_005,2,2,4,0,0,False,False,False
140,41,6,OP_006,"[2, 3]",None,None,None,3,False,False,False
140,42,8,OP_008,4,14,31,0,0,False,False,False
140,43,10,OP_010,5,35,80,0,0,False,False,False
140,44,3,OP_003,"[6, 7]","[15, 16]",None,None,2,False,False,False
140,45,1,OP_001,5,6,7,0,0,False,False,False
140,46,4,OP_004,6,17,72,0,0,False,True,False
140,47,10,OP_010,7,14,58,0,0,False,False,False
140,48,19,OP_019,11,18,84,0,0,False,True,False
140,49,2,OP_002,11,0,0,0,0,False,False,False
140,50,2,OP_002,1,0,0,0,0,False,False,False
140,51,38,OP_038,8,2,2,0,0,False,False,False
140,52,4,OP_004,9,19,1,0,0,False,True,False
140,53,19,OP_019,11,18,71,0,0,False,True,False
140,54,2,OP_002,11,0,0,0,0,False,False,False
140,55,13,OP_013,12,6,30,0,0,False,False,False
140,56,2,OP_002,12,0,0,0,0,False,False,False
140,57,82,OP_082,10,2,0,0,0,False,False,False
140,58,163,OP_163,7,34,0,0,0,False,False,False
140,59,1,OP_001,5,6,7,0,0,False,False,False
140,60,2,OP_002,5,0,0,0,0,False,False,False
140,61,15,OP_015,2,4,1,0,0,False,False,False
140,62,4,OP_004,256,20,18,0,0,False,False,False
140,63,35,OP_035,256,0,22,0,0,False,False,False
140,64,4,OP_004,257,20,87,0,0,False,False,False
140,65,35,OP_035,257,0,5,0,0,False,False,False
140,66,20,OP_020,46,25,52,0,0,False,False,False
141,1,17,OP_017,2,1,216,0,0,False,True,False
141,2,0,OP_000,3,2,43,0,0,False,True,False
141,3,7,OP_007,2,2,3,0,0,False,False,False
141,4,2,OP_002,2,0,0,0,0,False,False,False
141,5,14,OP_014,3,1,0,0,0,False,False,False
141,6,2,OP_002,3,0,0,0,0,False,False,False
141,7,22,OP_022,1,2,1,0,0,False,False,False
141,8,20,OP_020,62,32,23,0,0,False,False,False
142,1,4,OP_004,1,1,56,0,0,False,True,False
142,2,26,OP_026,1,4,91,0,0,False,False,False
142,3,4,OP_004,256,6,24,0,0,False,False,False
142,4,35,OP_035,256,0,17,0,0,False,False,False
142,5,19,OP_019,2,2,94,0,0,False,True,False
142,6,4,OP_004,3,3,6,0,0,False,True,False
142,7,7,OP_007,2,2,3,0,0,False,False,False
142,8,2,OP_002,2,0,0,0,0,False,False,False
142,9,8,OP_008,3,4,88,0,0,False,False,False
142,10,38,OP_038,1,2,2,0,0,False,False,False
142,11,12,OP_012,1,18,13,0,0,False,False,False
142,12,19,OP_019,2,5,4,0,0,False,True,False
142,13,230,OP_230,0,2,0,0,0,False,False,False
142,14,14,OP_014,3,1,0,0,0,False,False,False
142,15,2,OP_002,3,0,0,0,0,False,False,False
142,16,22,OP_022,1,2,1,0,0,False,False,False
142,17,4,OP_004,257,7,90,0,0,False,False,False
142,18,35,OP_035,257,0,92,0,0,False,False,False
142,19,20,OP_020,31,36,64,0,0,False,False,False
143,1,17,OP_017,2,1,216,0,0,False,True,False
143,2,2,OP_002,2,0,0,0,0,False,False,False
143,3,17,OP_017,3,2,216,0,0,False,True,False
143,4,2,OP_002,3,0,0,0,0,False,False,False
143,5,49,OP_049,4,1,92,0,0,False,False,False
143,6,2,OP_002,4,0,0,0,0,False,False,False
143,7,23,OP_023,1,3,1,0,0,False,False,False
143,8,17,OP_017,2,3,216,0,0,False,True,False
143,9,2,OP_002,2,0,0,0,0,False,False,False
143,10,10,OP_010,3,14,12,0,0,False,False,False
143,11,2,OP_002,3,0,0,0,0,False,False,False
143,12,10,OP_010,4,4,55,0,0,False,False,False
143,13,16,OP_016,256,2,0,0,0,False,False,False
143,14,210,OP_210,-27,40,-19,256,0,False,False,False
143,15,4,OP_004,5,4,60,0,0,False,True,False
143,16,14,OP_014,6,2,0,0,0,False,False,False
143,17,1,OP_001,4,5,6,0,0,False,False,False
143,18,0,OP_000,5,5,43,0,0,False,True,False
143,19,14,OP_014,6,3,0,0,0,False,False,False
143,20,1,OP_001,4,5,6,0,0,False,False,False
143,21,2,OP_002,4,0,0,0,0,False,False,False
143,22,24,OP_024,1,3,2,0,0,False,False,False
143,23,16,OP_016,257,2,0,0,0,False,False,False
143,24,226,OP_226,-9,16,0,257,0,False,False,False
143,25,19,OP_019,3,6,67,0,0,False,True,False
143,26,0,OP_000,4,7,43,0,0,False,True,False
143,27,7,OP_007,3,3,4,0,0,False,False,False
143,28,2,OP_002,3,0,0,0,0,False,False,False
143,29,8,OP_008,4,8,5,0,0,False,False,False
143,30,38,OP_038,2,2,2,0,0,False,False,False
143,31,16,OP_016,258,2,0,0,0,False,False,False
143,32,212,OP_212,3,2,36,258,0,False,False,False
143,33,21,OP_021,3,2,17,0,0,False,False,False
143,34,0,OP_000,5,9,43,0,0,False,True,False
143,35,5,OP_005,3,3,5,0,0,False,False,False
143,36,2,OP_002,3,0,0,0,0,False,False,False
143,37,6,OP_006,"[4, 1]",None,None,None,3,False,False,False
143,38,23,OP_023,3,3,1,0,0,False,False,False
143,39,17,OP_017,4,10,216,0,0,False,True,False
143,40,2,OP_002,4,0,0,0,0,False,False,False
143,41,17,OP_017,5,11,216,0,0,False,True,False
143,42,2,OP_002,5,0,0,0,0,False,False,False
143,43,38,OP_038,3,2,2,0,0,False,False,False
143,44,0,OP_000,4,12,43,0,0,False,True,False
143,45,7,OP_007,3,3,4,0,0,False,False,False
143,46,17,OP_017,6,13,216,0,0,False,True,False
143,47,2,OP_002,6,0,0,0,0,False,False,False
143,48,6,OP_006,"[3, 1, 1]",None,None,None,3,False,False,False
143,49,234,OP_234,4,4,3,0,0,False,False,False
143,50,10,OP_010,6,71,71,0,0,False,False,False
143,51,17,OP_017,10,14,216,0,0,False,True,False
143,52,0,OP_000,11,15,43,0,0,False,True,False
143,53,7,OP_007,10,10,11,0,0,False,False,False
143,54,2,OP_002,10,0,0,0,0,False,False,False
143,55,8,OP_008,11,16,62,0,0,False,False,False
143,56,38,OP_038,7,2,2,0,0,False,False,False
143,57,3,OP_003,"[10, 11]","[17, 18]",None,None,2,False,False,False
143,58,17,OP_017,13,14,216,0,0,False,True,False
143,59,0,OP_000,14,15,43,0,0,False,True,False
143,60,7,OP_007,13,13,14,0,0,False,False,False
143,61,2,OP_002,13,0,0,0,0,False,False,False
143,62,8,OP_008,14,16,31,0,0,False,False,False
143,63,38,OP_038,12,2,2,0,0,False,False,False
143,64,0,OP_000,13,19,43,0,0,False,True,False
143,65,42,OP_042,12,12,13,0,0,False,False,False
143,66,42,OP_042,11,11,12,0,0,False,False,False
143,67,42,OP_042,10,10,11,0,0,False,False,False
143,68,42,OP_042,7,7,10,0,0,False,False,False
143,69,3,OP_003,"[8, 9]","[20, 18]",None,None,2,False,False,False
143,70,78,OP_078,6,3,0,0,0,False,False,False
143,71,75,OP_075,"[7, 8, 9]",None,None,None,3,False,False,False
143,72,17,OP_017,10,21,216,0,0,False,True,False
143,73,2,OP_002,10,0,0,0,0,False,False,False
143,74,2,OP_002,6,0,0,0,0,False,False,False
143,75,61,OP_061,32,2,4,0,0,False,False,False
143,76,41,OP_041,32,106,2,0,0,False,False,False
143,77,21,OP_021,10,5,95,0,0,False,False,False
143,78,4,OP_004,12,22,46,0,0,False,True,False
143,79,5,OP_005,10,10,12,0,0,False,False,False
143,80,2,OP_002,10,0,0,0,0,False,False,False
143,81,6,OP_006,"[11, 36]",None,None,None,3,False,False,False
143,82,233,OP_233,10,3,3,0,0,False,False,False
143,83,27,OP_027,"[8, 7, 10]","[11, 10, 7]",None,None,2,False,False,False
143,84,26,OP_026,10,85,85,0,0,False,False,False
143,85,11,OP_011,2,86,45,0,0,False,False,False
143,86,21,OP_021,10,8,70,0,0,False,False,False
143,87,12,OP_012,10,106,2,0,0,False,False,False
143,88,21,OP_021,10,5,32,0,0,False,False,False
143,89,4,OP_004,12,23,7,0,0,False,True,False
143,90,5,OP_005,10,10,12,0,0,False,False,False
143,91,2,OP_002,10,0,0,0,0,False,False,False
143,92,6,OP_006,"[11, 7, 8]",None,None,None,3,False,False,False
143,93,34,OP_034,10,4,2,0,0,False,False,False
143,94,19,OP_019,11,24,39,0,0,False,True,False
143,95,43,OP_043,0,0,0,0,0,False,False,False
143,96,2,OP_002,11,0,0,0,0,False,False,False
143,97,21,OP_021,12,10,44,0,0,False,False,False
143,98,3,OP_003,"[14, 15]","[18, 25]",None,None,2,False,False,False
143,99,64,OP_064,12,3,0,15,0,False,False,False
143,100,44,OP_044,12,0,0,0,0,False,False,False
143,101,63,OP_063,9,0,2,0,0,False,False,False
143,102,12,OP_012,9,103,1,0,0,False,False,False
143,103,11,OP_011,89,107,57,0,0,False,False,False
143,104,4,OP_004,9,26,21,0,0,False,True,False
143,105,11,OP_011,87,107,59,0,0,False,False,False
143,106,11,OP_011,85,106,62,0,0,False,False,False
143,107,40,OP_040,32,76,2,0,0,False,False,False
143,108,39,OP_039,10,9,63,0,0,False,False,False
143,109,12,OP_012,10,111,14,0,0,False,False,False
143,110,4,OP_004,259,30,4,0,0,False,False,False
143,111,35,OP_035,259,0,40,0,0,False,False,False
143,112,0,OP_000,11,26,43,0,0,False,True,False
143,113,46,OP_046,10,9,11,0,0,False,False,False
143,114,12,OP_012,10,122,70,0,0,False,False,False
143,115,13,OP_013,10,1,69,0,0,False,False,False
143,116,0,OP_000,12,27,43,0,0,False,True,False
143,117,5,OP_005,10,10,12,0,0,False,False,False
143,118,6,OP_006,"[10, 11]",None,None,None,3,False,False,False
143,119,8,OP_008,12,28,58,0,0,False,False,False
143,120,23,OP_023,10,3,1,0,0,False,False,False
143,121,4,OP_004,260,31,31,0,0,False,False,False
143,122,35,OP_035,260,0,35,0,0,False,False,False
143,123,0,OP_000,11,29,43,0,0,False,True,False
143,124,59,OP_059,10,9,11,0,0,False,False,False
143,125,12,OP_012,10,133,22,0,0,False,False,False
143,126,13,OP_013,10,1,13,0,0,False,False,False
143,127,0,OP_000,12,27,43,0,0,False,True,False
143,128,5,OP_005,10,10,12,0,0,False,False,False
143,129,6,OP_006,"[10, 11]",None,None,None,3,False,False,False
143,130,8,OP_008,12,28,51,0,0,False,False,False
143,131,23,OP_023,10,3,1,0,0,False,False,False
143,132,4,OP_004,261,32,95,0,0,False,False,False
143,133,35,OP_035,261,0,67,0,0,False,False,False
143,134,20,OP_020,15,88,88,0,0,False,False,False
144,1,0,OP_000,1,1,43,0,0,False,True,False
144,2,55,OP_055,1,2,34,0,0,False,False,False
144,3,20,OP_020,11,88,51,0,0,False,False,False
145,1,229,OP_229,1,1,61,0,0,False,False,False
145,2,0,OP_000,3,1,43,0,0,False,True,False
145,3,5,OP_005,1,1,3,0,0,False,False,False
145,4,6,OP_006,"[1, 2]",None,None,None,3,False,False,False
145,5,8,OP_008,3,2,82,0,0,False,False,False
145,6,23,OP_023,1,3,1,0,0,False,False,False
145,7,20,OP_020,13,55,16,0,0,False,False,False
146,1,13,OP_013,1,1,66,0,0,False,False,False
146,2,0,OP_000,3,1,43,0,0,False,True,False
146,3,5,OP_005,1,1,3,0,0,False,False,False
146,4,6,OP_006,"[1, 2]",None,None,None,3,False,False,False
146,5,8,OP_008,3,2,40,0,0,False,False,False
146,6,23,OP_023,1,3,1,0,0,False,False,False
146,7,20,OP_020,61,65,24,0,0,False,False,False
147,1,16,OP_016,256,2,0,0,0,False,False,False
147,2,195,OP_195,2,30,0,256,0,False,False,False
147,3,13,OP_013,2,1,26,0,0,False,False,False
147,4,37,OP_037,2,1,1,0,0,False,False,False
147,5,20,OP_020,51,67,91,0,0,False,False,False
148,1,13,OP_013,2,1,78,0,0,False,False,False
148,2,4,OP_004,3,1,73,0,0,False,True,False
148,3,1,OP_001,2,3,1,0,0,False,False,False
148,4,20,OP_020,26,31,25,0,0,False,False,False
149,1,13,OP_013,1,1,34,0,0,False,False,False
149,2,0,OP_000,3,1,43,0,0,False,True,False
149,3,5,OP_005,1,1,3,0,0,False,False,False
149,4,2,OP_002,1,0,0,0,0,False,False,False
149,5,2,OP_002,2,0,0,0,0,False,False,False
149,6,22,OP_022,1,2,1,0,0,False,False,False
149,7,20,OP_020,91,70,29,0,0,False,False,False
150,1,16,OP_016,256,2,0,0,0,False,False,False
150,2,194,OP_194,-36,35,31,256,0,False,False,False
150,3,4,OP_004,1,1,87,0,0,False,True,False
150,4,17,OP_017,32,2,216,0,0,False,True,False
150,5,13,OP_013,2,1,8,0,0,False,False,False
150,6,18,OP_018,2,1,33,0,0,False,False,False
150,7,9,OP_009,34,34,92,0,0,False,False,False
150,8,41,OP_041,32,13,2,0,0,False,False,False
150,9,21,OP_021,2,36,81,0,0,False,False,False
150,10,12,OP_012,2,13,92,0,0,False,False,False
150,11,4,OP_004,2,5,42,0,0,False,True,False
150,12,52,OP_052,1,1,2,0,0,False,False,False
150,13,11,OP_011,17,13,33,0,0,False,False,False
150,14,40,OP_040,32,8,2,0,0,False,False,False
150,15,0,OP_000,3,6,43,0,0,False,True,False
150,16,59,OP_059,2,1,3,0,0,False,False,False
150,17,12,OP_012,2,33,82,0,0,False,False,False
150,18,13,OP_013,2,1,92,0,0,False,False,False
150,19,0,OP_000,3,4,43,0,0,False,True,False
150,20,7,OP_007,2,2,3,0,0,False,False,False
150,21,0,OP_000,4,7,43,0,0,False,True,False
150,22,5,OP_005,2,2,4,0,0,False,False,False
150,23,6,OP_006,"[2, 3]",None,None,None,3,False,False,False
150,24,17,OP_017,4,2,251,0,0,False,False,False
150,25,2,OP_002,4,0,0,0,0,False,False,False
150,26,23,OP_023,2,3,1,0,0,False,False,False
150,27,13,OP_013,2,3,33,0,0,False,False,False
150,28,0,OP_000,4,8,43,0,0,False,True,False
150,29,5,OP_005,2,2,4,0,0,False,False,False
150,30,6,OP_006,"[2, 3]",None,None,None,3,False,False,False
150,31,8,OP_008,4,9,67,0,0,False,False,False
150,32,23,OP_023,2,3,1,0,0,False,False,False
150,33,11,OP_011,42,43,11,0,0,False,False,False
150,34,10,OP_010,2,62,32,0,0,False,False,False
150,35,39,OP_039,2,2,220,0,0,False,False,False
150,36,17,OP_017,32,2,216,0,0,False,True,False
150,37,13,OP_013,2,1,36,0,0,False,False,False
150,38,18,OP_018,2,2,33,0,0,False,False,False
150,39,9,OP_009,34,34,92,0,0,False,False,False
150,40,41,OP_041,32,42,2,0,0,False,False,False
150,41,28,OP_028,2,2,94,0,0,False,False,False
150,42,1,OP_001,2,35,36,0,0,False,False,False
150,43,40,OP_040,32,40,2,0,0,False,False,False
150,44,20,OP_020,4,48,85,0,0,False,False,False
151,1,17,OP_017,3,1,216,0,0,False,True,False
151,2,0,OP_000,4,2,43,0,0,False,True,False
151,3,7,OP_007,3,3,4,0,0,False,False,False
151,4,2,OP_002,3,0,0,0,0,False,False,False
151,5,14,OP_014,4,1,0,0,0,False,False,False
151,6,2,OP_002,4,0,0,0,0,False,False,False
151,7,22,OP_022,2,2,1,0,0,False,False,False
151,8,20,OP_020,83,15,99,0,0,False,False,False
152,1,13,OP_013,1,1,57,0,0,False,False,False
152,2,16,OP_016,256,2,0,0,0,False,False,False
152,3,192,OP_192,0,-10,-38,256,0,False,False,False
152,4,13,OP_013,2,2,38,0,0,False,False,False
152,5,16,OP_016,257,2,0,0,0,False,False,False
152,6,186,OP_186,22,-26,-10,257,0,False,False,False
152,7,7,OP_007,1,1,2,0,0,False,False,False
152,8,12,OP_012,1,9,64,0,0,False,False,False
152,9,11,OP_011,72,10,53,0,0,False,False,False
152,10,13,OP_013,1,2,22,0,0,False,False,False
152,11,10,OP_010,2,72,64,0,0,False,False,False
152,12,39,OP_039,2,3,220,0,0,False,False,False
152,13,17,OP_017,4,1,216,0,0,False,True,False
152,14,2,OP_002,4,0,0,0,0,False,False,False
152,15,14,OP_014,5,1,0,0,0,False,False,False
152,16,2,OP_002,5,0,0,0,0,False,False,False
152,17,77,OP_077,2,2,3,0,0,False,False,False
152,18,9,OP_009,4,2,19,0,0,False,False,False
152,19,26,OP_026,4,20,1,0,0,False,False,False
152,20,11,OP_011,39,21,49,0,0,False,False,False
152,21,9,OP_009,4,3,19,0,0,False,False,False
152,22,12,OP_012,4,104,95,0,0,False,False,False
152,23,10,OP_010,4,57,58,0,0,False,False,False
152,24,17,OP_017,5,2,216,0,0,False,True,False
152,25,2,OP_002,5,0,0,0,0,False,False,False
152,26,2,OP_002,3,0,0,0,0,False,False,False
152,27,61,OP_061,32,2,4,0,0,False,False,False
152,28,41,OP_041,32,52,2,0,0,False,False,False
152,29,19,OP_019,6,3,78,0,0,False,True,False
152,30,2,OP_002,6,0,0,0,0,False,False,False
152,31,2,OP_002,36,0,0,0,0,False,False,False
152,32,38,OP_038,5,2,2,0,0,False,False,False
152,33,4,OP_004,6,4,91,0,0,False,True,False
152,34,46,OP_046,5,5,6,0,0,False,False,False
152,35,26,OP_026,5,36,86,0,0,False,False,False
152,36,11,OP_011,16,42,29,0,0,False,False,False
152,37,19,OP_019,6,3,95,0,0,False,True,False
152,38,2,OP_002,6,0,0,0,0,False,False,False
152,39,2,OP_002,35,0,0,0,0,False,False,False
152,40,38,OP_038,5,2,2,0,0,False,False,False
152,41,4,OP_004,6,4,34,0,0,False,True,False
152,42,46,OP_046,5,5,6,0,0,False,False,False
152,43,12,OP_012,5,52,92,0,0,False,False,False
152,44,19,OP_019,6,5,41,0,0,False,True,False
152,45,4,OP_004,7,6,98,0,0,False,True,False
152,46,7,OP_007,6,6,7,0,0,False,False,False
152,47,2,OP_002,6,0,0,0,0,False,False,False
152,48,6,OP_006,"[4, 36]",None,None,None,3,False,False,False
152,49,23,OP_023,5,3,1,0,0,False,False,False
152,50,28,OP_028,5,3,98,0,0,False,False,False
152,51,1,OP_001,5,36,35,0,0,False,False,False
152,52,11,OP_011,61,52,92,0,0,False,False,False
152,53,40,OP_040,32,28,2,0,0,False,False,False
152,54,17,OP_017,6,5,216,0,0,False,True,False
152,55,0,OP_000,7,7,43,0,0,False,True,False
152,56,7,OP_007,6,6,7,0,0,False,False,False
152,57,2,OP_002,6,0,0,0,0,False,False,False
152,58,2,OP_002,4,0,0,0,0,False,False,False
152,59,22,OP_022,5,2,1,0,0,False,False,False
152,60,0,OP_000,5,4,142,0,0,False,False,False
152,61,0,OP_000,6,8,43,0,0,False,True,False
152,62,59,OP_059,5,5,6,0,0,False,False,False
152,63,12,OP_012,5,82,44,0,0,False,False,False
152,64,13,OP_013,5,4,33,0,0,False,False,False
152,65,0,OP_000,6,9,43,0,0,False,True,False
152,66,7,OP_007,5,5,6,0,0,False,False,False
152,67,0,OP_000,7,10,43,0,0,False,True,False
152,68,5,OP_005,5,5,7,0,0,False,False,False
152,69,2,OP_002,5,0,0,0,0,False,False,False
152,70,6,OP_006,"[6, 4]",None,None,None,3,False,False,False
152,71,23,OP_023,5,3,1,0,0,False,False,False
152,72,13,OP_013,5,4,20,0,0,False,False,False
152,73,0,OP_000,6,9,43,0,0,False,True,False
152,74,7,OP_007,5,5,6,0,0,False,False,False
152,75,0,OP_000,7,11,43,0,0,False,True,False
152,76,5,OP_005,5,5,7,0,0,False,False,False
152,77,6,OP_006,"[5, 6]",None,None,None,3,False,False,False
152,78,0,OP_000,8,12,43,0,0,False,True,False
152,79,7,OP_007,7,4,8,0,0,False,False,False
152,80,2,OP_002,7,0,0,0,0,False,False,False
152,81,23,OP_023,5,3,1,0,0,False,False,False
152,82,11,OP_011,37,110,9,0,0,False,False,False
152,83,13,OP_013,5,5,93,0,0,False,False,False
152,84,0,OP_000,7,13,43,0,0,False,True,False
152,85,5,OP_005,5,5,7,0,0,False,False,False
152,86,6,OP_006,"[5, 6]",None,None,None,3,False,False,False
152,87,0,OP_000,7,14,43,0,0,False,True,False
152,88,17,OP_017,9,15,216,0,0,False,True,False
152,89,2,OP_002,9,0,0,0,0,False,False,False
152,90,2,OP_002,1,0,0,0,0,False,False,False
152,91,38,OP_038,8,2,2,0,0,False,False,False
152,92,42,OP_042,7,7,8,0,0,False,False,False
152,93,2,OP_002,7,0,0,0,0,False,False,False
152,94,23,OP_023,5,3,1,0,0,False,False,False
152,95,13,OP_013,5,4,99,0,0,False,False,False
152,96,0,OP_000,6,9,43,0,0,False,True,False
152,97,7,OP_007,5,5,6,0,0,False,False,False
152,98,0,OP_000,7,10,43,0,0,False,True,False
152,99,5,OP_005,5,5,7,0,0,False,False,False
152,100,6,OP_006,"[5, 6]",None,None,None,3,False,False,False
152,101,10,OP_010,7,40,11,0,0,False,False,False
152,102,2,OP_002,7,0,0,0,0,False,False,False
152,103,23,OP_023,5,3,1,0,0,False,False,False
152,104,11,OP_011,40,110,61,0,0,False,False,False
152,105,13,OP_013,4,5,92,0,0,False,False,False
152,106,0,OP_000,6,13,43,0,0,False,True,False
152,107,5,OP_005,4,4,6,0,0,False,False,False
152,108,6,OP_006,"[4, 5]",None,None,None,3,False,False,False
152,109,8,OP_008,6,16,67,0,0,False,False,False
152,110,23,OP_023,4,3,1,0,0,False,False,False
152,111,20,OP_020,87,39,27,0,0,False,False,False
153,1,13,OP_013,1,1,75,0,0,False,False,False
153,2,0,OP_000,3,1,43,0,0,False,True,False
153,3,5,OP_005,1,1,3,0,0,False,False,False
153,4,6,OP_006,"[1, 2]",None,None,None,3,False,False,False
153,5,8,OP_008,3,2,51,0,0,False,False,False
153,6,10,OP_010,4,60,79,0,0,False,False,False
153,7,13,OP_013,5,2,90,0,0,False,False,False
153,8,71,OP_071,4,1,0,0,0,False,False,False
153,9,2,OP_002,4,0,0,0,0,False,False,False
153,10,72,OP_072,1,4,0,0,0,False,False,False
153,11,73,OP_073,1,54,21,0,0,False,False,False
153,12,20,OP_020,67,10,47,0,0,False,False,False
154,1,4,OP_004,1,1,65,0,0,False,True,False
154,2,12,OP_012,1,115,60,0,0,False,False,False
154,3,13,OP_013,2,1,32,0,0,False,False,False
154,4,18,OP_018,2,1,1,0,0,False,False,False
154,5,12,OP_012,1,108,51,0,0,False,False,False
154,6,13,OP_013,2,2,65,0,0,False,False,False
154,7,18,OP_018,2,2,1,0,0,False,False,False
154,8,4,OP_004,3,5,65,0,0,False,True,False
154,9,46,OP_046,2,1,3,0,0,False,False,False
154,10,12,OP_012,2,94,23,0,0,False,False,False
154,11,13,OP_013,3,2,17,0,0,False,False,False
154,12,18,OP_018,3,3,2,0,0,False,False,False
154,13,13,OP_013,3,3,62,0,0,False,False,False
154,14,7,OP_007,3,3,2,0,0,False,False,False
154,15,12,OP_012,3,16,36,0,0,False,False,False
154,16,11,OP_011,87,17,40,0,0,False,False,False
154,17,21,OP_021,3,2,61,0,0,False,False,False
154,18,13,OP_013,5,2,76,0,0,False,False,False
154,19,18,OP_018,5,4,4,0,0,False,False,False
154,20,28,OP_028,5,4,36,0,0,False,False,False
154,21,7,OP_007,5,5,4,0,0,False,False,False
154,22,10,OP_010,6,79,6,0,0,False,False,False
154,23,19,OP_019,7,8,25,0,0,False,True,False
154,24,2,OP_002,7,0,0,0,0,False,False,False
154,25,13,OP_013,9,2,3,0,0,False,False,False
154,26,18,OP_018,9,5,8,0,0,False,False,False
154,27,2,OP_002,8,0,0,0,0,False,False,False
154,28,61,OP_061,32,2,4,0,0,False,False,False
154,29,41,OP_041,32,39,2,0,0,False,False,False
154,30,21,OP_021,7,36,67,0,0,False,False,False
154,31,12,OP_012,7,39,20,0,0,False,False,False
154,32,19,OP_019,8,10,97,0,0,False,True,False
154,33,4,OP_004,9,11,62,0,0,False,True,False
154,34,7,OP_007,8,8,9,0,0,False,False,False
154,35,2,OP_002,8,0,0,0,0,False,False,False
154,36,6,OP_006,"[6, 35]",None,None,None,3,False,False,False
154,37,23,OP_023,7,3,1,0,0,False,False,False
154,38,4,OP_004,256,26,11,0,0,False,False,False
154,39,35,OP_035,256,0,64,0,0,False,False,False
154,40,40,OP_040,32,29,2,0,0,False,False,False
154,41,21,OP_021,7,5,2,0,0,False,False,False
154,42,12,OP_012,7,75,92,0,0,False,False,False
154,43,19,OP_019,9,12,11,0,0,False,True,False
154,44,2,OP_002,9,0,0,0,0,False,False,False
154,45,14,OP_014,10,1,0,0,0,False,False,False
154,46,2,OP_002,10,0,0,0,0,False,False,False
154,47,77,OP_077,7,2,3,0,0,False,False,False
154,48,21,OP_021,9,7,83,0,0,False,False,False
154,49,26,OP_026,9,50,20,0,0,False,False,False
154,50,11,OP_011,3,52,37,0,0,False,False,False
154,51,4,OP_004,10,13,78,0,0,False,True,False
154,52,46,OP_046,9,8,10,0,0,False,False,False
154,53,12,OP_012,9,85,82,0,0,False,False,False
154,54,28,OP_028,9,5,49,0,0,False,False,False
154,55,12,OP_012,9,85,70,0,0,False,False,False
154,56,28,OP_028,9,5,85,0,0,False,False,False
154,57,4,OP_004,10,14,93,0,0,False,True,False
154,58,19,OP_019,12,14,13,0,0,False,True,False
154,59,4,OP_004,13,15,69,0,0,False,True,False
154,60,7,OP_007,12,12,13,0,0,False,False,False
154,61,2,OP_002,12,0,0,0,0,False,False,False
154,62,33,OP_033,"[13, 14, 15]","[16, 17, 18]",None,None,2,False,False,False
154,63,34,OP_034,11,4,2,0,0,False,False,False
154,64,1,OP_001,9,10,11,0,0,False,False,False
154,65,19,OP_019,10,19,95,0,0,False,True,False
154,66,4,OP_004,11,20,32,0,0,False,True,False
154,67,7,OP_007,10,10,11,0,0,False,False,False
154,68,2,OP_002,10,0,0,0,0,False,False,False
154,69,8,OP_008,11,21,74,0,0,False,False,False
154,70,22,OP_022,9,2,1,0,0,False,False,False
154,71,4,OP_004,257,27,80,0,0,False,False,False
154,72,35,OP_035,257,0,78,0,0,False,False,False
154,73,4,OP_004,258,27,80,0,0,False,False,False
154,74,35,OP_035,258,0,67,0,0,False,False,False
154,75,11,OP_011,24,85,41,0,0,False,False,False
154,76,28,OP_028,8,6,24,0,0,False,False,False
154,77,2,OP_002,8,0,0,0,0,False,False,False
154,78,2,OP_002,2,0,0,0,0,False,False,False
154,79,22,OP_022,7,2,1,0,0,False,False,False
154,80,19,OP_019,8,19,26,0,0,False,True,False
154,81,4,OP_004,9,20,31,0,0,False,True,False
154,82,7,OP_007,8,8,9,0,0,False,False,False
154,83,2,OP_002,8,0,0,0,0,False,False,False
154,84,8,OP_008,9,22,42,0,0,False,False,False
154,85,22,OP_022,7,2,1,0,0,False,False,False
154,86,19,OP_019,8,19,51,0,0,False,True,False
154,87,4,OP_004,9,20,31,0,0,False,True,False
154,88,7,OP_007,8,8,9,0,0,False,False,False
154,89,2,OP_002,8,0,0,0,0,False,False,False
154,90,13,OP_013,10,2,42,0,0,False,False,False
154,91,18,OP_018,10,6,9,0,0,False,False,False
154,92,2,OP_002,9,0,0,0,0,False,False,False
154,93,22,OP_022,7,2,1,0,0,False,False,False
154,94,11,OP_011,39,0,22,0,0,False,False,False
154,95,4,OP_004,3,24,82,0,0,False,True,False
154,96,46,OP_046,2,1,3,0,0,False,False,False
154,97,12,OP_012,2,0,91,0,0,False,False,False
154,98,19,OP_019,3,19,36,0,0,False,True,False
154,99,4,OP_004,4,20,65,0,0,False,True,False
154,100,7,OP_007,3,3,4,0,0,False,False,False
154,101,2,OP_002,3,0,0,0,0,False,False,False
154,102,13,OP_013,5,2,3,0,0,False,False,False
154,103,18,OP_018,5,7,4,0,0,False,False,False
154,104,2,OP_002,4,0,0,0,0,False,False,False
154,105,22,OP_022,2,2,1,0,0,False,False,False
154,106,4,OP_004,259,28,89,0,0,False,False,False
154,107,35,OP_035,259,0,6,0,0,False,False,False
154,108,11,OP_011,30,0,34,0,0,False,False,False
154,109,19,OP_019,2,19,69,0,0,False,True,False
154,110,4,OP_004,3,20,88,0,0,False,True,False
154,111,7,OP_007,2,2,3,0,0,False,False,False
154,112,2,OP_002,2,0,0,0,0,False,False,False
154,113,8,OP_008,3,22,5,0,0,False,False,False
154,114,22,OP_022,1,2,1,0,0,False,False,False
154,115,11,OP_011,63,0,13,0,0,False,False,False
154,116,20,OP_020,34,17,94,0,0,False,False,False
155,1,13,OP_013,1,1,73,0,0,False,False,False
155,2,0,OP_000,3,1,43,0,0,False,True,False
155,3,5,OP_005,1,1,3,0,0,False,False,False
155,4,6,OP_006,"[1, 2]",None,None,None,3,False,False,False
155,5,8,OP_008,3,2,53,0,0,False,False,False
155,6,10,OP_010,4,85,14,0,0,False,False,False
155,7,0,OP_000,5,3,43,0,0,False,True,False
155,8,13,OP_013,6,2,90,0,0,False,False,False
155,9,16,OP_016,256,2,0,0,0,False,False,False
155,10,188,OP_188,-29,6,-22,256,0,False,False,False
155,11,1,OP_001,4,5,6,0,0,False,False,False
155,12,0,OP_000,5,4,43,0,0,False,True,False
155,13,13,OP_013,6,3,33,0,0,False,False,False
155,14,1,OP_001,4,5,6,0,0,False,False,False
155,15,0,OP_000,5,5,43,0,0,False,True,False
155,16,13,OP_013,6,4,25,0,0,False,False,False
155,17,1,OP_001,4,5,6,0,0,False,False,False
155,18,3,OP_003,"[5, 6]","[6, 7]",None,None,2,False,False,False
155,19,1,OP_001,4,5,6,0,0,False,False,False
155,20,2,OP_002,4,0,0,0,0,False,False,False
155,21,72,OP_072,1,4,0,0,0,False,False,False
155,22,73,OP_073,1,94,13,0,0,False,False,False
155,23,20,OP_020,73,12,15,0,0,False,False,False
156,1,13,OP_013,1,1,50,0,0,False,False,False
156,2,3,OP_003,"[2, 3]","[1, 2]",None,None,2,False,False,False
156,3,1,OP_001,1,2,3,0,0,False,False,False
156,4,20,OP_020,68,83,8,0,0,False,False,False
